timestamp,user_id,session_id,task_index,skill,task_id,answer_type,difficulty_before,difficulty_after,delta,difficulty_active_before,difficulty_active_after,difficulty_numerical_before,difficulty_logical_before,difficulty_pattern_before,difficulty_numerical_after,difficulty_logical_after,difficulty_pattern_after,question,answer,user_answer,is_correct,time_taken,expected_time,p_correct
2026-01-28T10:28:15.401988,LIMOUS,aa8ea750-20a3-47d6-95da-08d141eb8d2e,0,logical,LOG-IMP-0-3-2,yesno,0,3,3,0,3,0,3,0,0,3,0,"A is True.
B is True.
If A is True, then C is True.
If C is True, then A is True.
Is C True?",yes,yes,1,6.052873134613037,6.085390403933965,0.36039319435714623
2026-01-28T10:28:18.721651,LIMOUS,aa8ea750-20a3-47d6-95da-08d141eb8d2e,1,pattern,PAT-MP-0-4-2,integer,0,4,4,0,4,0,3,4,0,3,4,"3, 6, 12, 24, ?",48,48,1,3.313448667526245,8.88638731132419,0.39472677685962704
2026-01-28T10:28:21.467076,LIMOUS,aa8ea750-20a3-47d6-95da-08d141eb8d2e,2,logical,LOG-CONSTRAINT-3-3-2,yesno,3,6,3,3,6,0,6,4,0,6,4,"C is left of B.
C is left of A.
Is B left of C?",no,no,1,2.7367382049560547,7.8468521276708625,0.7564926570260025
2026-01-28T10:28:26.193935,LIMOUS,aa8ea750-20a3-47d6-95da-08d141eb8d2e,3,numerical,NUM-RATIO-INVERSE-0,integer,0,1,1,0,1,1,6,4,1,6,4,"15 -> 5, 24 -> ?",8,8,1,4.7205846309661865,3.170724053393301,0.7960360529831033
2026-01-28T10:28:30.305161,LIMOUS,aa8ea750-20a3-47d6-95da-08d141eb8d2e,4,logical,LOG-COMP-6-4,yesno,6,9,3,6,9,1,9,4,1,9,4,A is taller than D. D is taller than C. Is C taller than A?,no,no,1,4.099308729171753,12.437960419598927,0.7268374300827798
2026-01-28T10:28:34.528899,LIMOUS,aa8ea750-20a3-47d6-95da-08d141eb8d2e,5,pattern,PAT-MP-4-4-2,integer,4,7,3,4,7,1,9,7,1,9,7,"3, 6, 12, 24, ?",48,48,1,4.21699070930481,9.217198858558087,0.42722976372094396
2026-01-28T10:28:37.936953,LIMOUS,aa8ea750-20a3-47d6-95da-08d141eb8d2e,6,pattern,PAT-MP-7-5-2,integer,7,10,3,7,10,1,9,10,1,9,10,"5, 10, 20, 40, 80, ?",160,160,1,3.4029996395111084,9.472551758992001,0.4520428510504749
2026-01-28T10:28:40.617390,LIMOUS,aa8ea750-20a3-47d6-95da-08d141eb8d2e,7,numerical,NUM-DIV-1,integer,1,5,4,1,5,5,9,10,5,9,10,What is 5500 divided by 500?,11,11,1,2.675168991088867,4.894743837434962,0.1729760553937601
2026-01-28T10:28:44.248929,LIMOUS,aa8ea750-20a3-47d6-95da-08d141eb8d2e,8,logical,LOG-IMP-9-4-3,yesno,9,12,3,9,12,5,12,10,5,12,10,"C is True.
If B is True, then D is True.
If A is True, then D is True.
If C is True, then A is True.
Is D True?",yes,yes,1,3.6258676052093506,6.630022043527737,0.43255601125616755
2026-01-28T10:28:47.937077,LIMOUS,aa8ea750-20a3-47d6-95da-08d141eb8d2e,9,pattern,PAT-AP-10-5-10,integer,10,13,3,10,13,5,12,13,5,12,13,"6, 9, 12, 15, 18, ?",21,21,1,3.682093858718872,5.728186506777827,0.4137758394796496
2026-01-28T10:28:51.408613,LIMOUS,aa8ea750-20a3-47d6-95da-08d141eb8d2e,10,pattern,PAT-MP-13-6-2,integer,13,16,3,13,16,5,12,16,5,12,16,"10, 20, 40, 80, 160, 320, ?",640,640,1,3.46630859375,10.002562748076796,0.502266249805683
2026-01-28T10:28:57.504526,LIMOUS,aa8ea750-20a3-47d6-95da-08d141eb8d2e,11,numerical,NUM-NEARBOUNDARY-5,integer,5,8,3,5,8,8,12,16,8,12,16,What is 109 + 7?,116,116,1,6.090243339538574,4.897354943822563,0.19665582510594073
2026-01-28T10:29:26.065981,LIMOUS,aa8ea750-20a3-47d6-95da-08d141eb8d2e,12,pattern,PAT-MIXED-16-3-8-8,integer,16,18,2,16,18,8,12,18,8,12,18,"11, 22, 176, 528, 1056, 8448, 25344, ?",50688,50688,1,28.556348085403442,16.115386227885548,0.3431640206574741
2026-01-28T10:29:31.041573,LIMOUS,aa8ea750-20a3-47d6-95da-08d141eb8d2e,13,numerical,NUM-DIV-8,integer,8,11,3,8,11,11,12,18,11,12,18,What is 3600 divided by 180?,20,20,1,4.970043659210205,5.244243523903393,0.20922314880524007
2026-01-28T10:29:33.489856,LIMOUS,aa8ea750-20a3-47d6-95da-08d141eb8d2e,14,numerical,NUM-NEARBOUNDARY-11,integer,11,15,4,11,15,15,12,18,15,12,18,What is 101 + 3?,104,104,1,2.4429430961608887,5.195817343311374,0.23043742082676485
2026-01-28T10:29:36.944185,LIMOUS,aa8ea750-20a3-47d6-95da-08d141eb8d2e,15,numerical,NUM-DIV-15,integer,15,19,4,15,19,19,12,18,19,12,18,What is 2000 divided by 1000?,2,2,1,3.4489448070526123,5.614465066013085,0.25076275206532056
2026-01-28T10:30:05.234405,LIMOUS,aa8ea750-20a3-47d6-95da-08d141eb8d2e,16,numerical,NUM-SQUARE-19,integer,19,17,-2,19,17,17,12,18,17,12,18,What is 17^2?,289,389,0,28.284455060958862,6.3217441363059885,0.26372924457150043
2026-01-28T10:30:17.272144,LIMOUS,aa8ea750-20a3-47d6-95da-08d141eb8d2e,17,logical,LOG-COMP-12-6,yesno,12,14,2,12,14,17,14,18,17,14,18,C is faster than E. D is faster than E. E is faster than B. Is D faster than B?,yes,yes,1,12.031798839569092,13.11804936613086,0.764969540162502
2026-01-28T10:30:26.664277,LIMOUS,aa8ea750-20a3-47d6-95da-08d141eb8d2e,18,logical,LOG-CONSTRAINT-14-5-4,yesno,14,16,2,14,16,17,16,18,17,16,18,"C is left of D.
D is left of E.
C is left of E.
B is left of C.
Is B left of E?",yes,yes,1,9.386640787124634,8.684961283934102,0.8180118442502512
2026-01-28T10:30:40.088329,LIMOUS,aa8ea750-20a3-47d6-95da-08d141eb8d2e,19,numerical,NUM-NEARBOUNDARY-17,integer,17,19,2,17,19,19,16,18,19,16,18,What is 494 - 186?,308,308,1,13.41834282875061,5.5093847864608065,0.26808549483074323
2026-01-28T10:30:53.759806,LIMOUS,aa8ea750-20a3-47d6-95da-08d141eb8d2e,20,logical,LOG-COMP-16-8,yesno,16,18,2,16,18,19,18,18,19,18,18,E is older than F. F is older than D. G is older than B. B is older than E. Is B older than F?,yes,yes,1,13.665673732757568,13.590457901995588,0.7882559047525247
2026-01-28T10:30:58.097508,LIMOUS,aa8ea750-20a3-47d6-95da-08d141eb8d2e,21,numerical,NUM-RATIO-INVERSE-19,integer,19,21,2,19,21,21,18,18,21,18,18,"72 -> 8, 81 -> ?",9,9,1,4.332115173339844,3.8765089857538078,0.880769525471073
2026-01-28T10:31:01.735451,LIMOUS,aa8ea750-20a3-47d6-95da-08d141eb8d2e,22,numerical,NUM-RATIOSCALING-21,integer,21,23,2,21,23,23,18,18,23,18,18,"5 -> 40, 7 -> ?",56,56,1,3.6325347423553467,4.358098622163097,0.6602353096617966
2026-01-28T10:31:09.167782,LIMOUS,aa8ea750-20a3-47d6-95da-08d141eb8d2e,23,numerical,NUM-NEARBOUNDARY-23,integer,23,26,3,23,26,26,18,18,26,18,18,What is 1016 + 993?,2009,2009,1,7.4271910190582275,5.838821732527302,0.3094113775723027
2026-01-28T10:31:14.961209,LIMOUS,aa8ea750-20a3-47d6-95da-08d141eb8d2e,24,logical,LOG-CONSTRAINT-18-5-5,yesno,18,21,3,18,21,26,21,18,26,21,18,"A is left of B.
A is left of C.
C is left of D.
C is left of B.
D is left of A.
Is B left of D?",no,no,1,5.785052537918091,9.009032850862173,0.8371615771711474
2026-01-28T10:31:19.936307,LIMOUS,aa8ea750-20a3-47d6-95da-08d141eb8d2e,25,pattern,PAT-AP-18-6-15,integer,18,20,2,18,20,26,21,20,26,21,20,"40, 55, 70, 85, 100, 115, ?",130,130,1,4.968855142593384,6.185987759822588,0.48007780990768284
2026-01-28T10:31:25.832888,LIMOUS,aa8ea750-20a3-47d6-95da-08d141eb8d2e,26,pattern,PAT-CP-20-5-13,integer,20,22,2,20,22,26,21,22,26,21,22,"18, 14, 18, 16, 20, 18, 14, 18, 16, 20, 18, 14, 18, ?",16,16,1,5.890977144241333,4.838482543372122,0.5446831120578146
2026-01-28T10:31:32.392065,LIMOUS,aa8ea750-20a3-47d6-95da-08d141eb8d2e,27,logical,LOG-IMP-21-6-6,yesno,21,23,2,21,23,26,23,22,26,23,22,"E is True.
C is True.
If E is True, then B is True.
If B is True, then D is True.
If F is True, then A is True.
If F is True, then C is True.
If C is True, then E is True.
If E is True, then F is True.
Is A True?",yes,yes,1,6.5533201694488525,7.421868767204801,0.5328376950012801
2026-01-28T10:31:37.671394,LIMOUS,aa8ea750-20a3-47d6-95da-08d141eb8d2e,28,numerical,NUM-RATIOSCALING-26,integer,26,28,2,26,28,28,23,22,28,23,22,"10 -> 140, 9 -> ?",126,126,1,5.273844003677368,4.583139576477598,0.6968299040095037
2026-01-28T10:31:41.705240,LIMOUS,aa8ea750-20a3-47d6-95da-08d141eb8d2e,29,pattern,PAT-AP-22-7-15,integer,22,25,3,22,25,28,23,25,28,23,25,"29, 39, 49, 59, 69, 79, 89, ?",99,99,1,4.027527332305908,6.42644037960897,0.5136447304238898
2026-01-28T10:31:51.415403,LIMOUS,aa8ea750-20a3-47d6-95da-08d141eb8d2e,30,numerical,NUM-NEARBOUNDARY-28,integer,28,30,2,28,30,30,23,25,30,23,25,What is 979 + 1967?,2946,2946,1,9.704588651657104,6.126053281925954,0.3463848482814806
2026-01-28T10:31:56.863454,LIMOUS,aa8ea750-20a3-47d6-95da-08d141eb8d2e,31,logical,LOG-CONSTRAINT-23-7-5,yesno,23,26,3,23,26,30,26,25,30,26,25,"F is faster than G.
B is faster than E.
A is faster than C.
C is faster than B.
C is faster than G.
Is G faster than A?",no,no,1,5.442026376724243,9.429413747773303,0.8587762581979407
2026-01-28T10:32:30.447735,LIMOUS,aa8ea750-20a3-47d6-95da-08d141eb8d2e,32,pattern,PAT-MIXED-25-4-11-12,integer,25,26,1,25,26,30,26,26,30,26,26,"12, 19, 57, 513, 523, 530, 1590, 14310, 14320, 14327, ?",42981,42981,1,33.578773498535156,17.430992049464344,0.4141105743816509
2026-01-28T10:32:33.982581,LIMOUS,aa8ea750-20a3-47d6-95da-08d141eb8d2e,33,numerical,NUM-DIV-30,integer,30,34,4,30,34,34,26,26,34,26,26,What is 240 divided by 40?,6,6,1,3.5274810791015625,6.483384731788778,0.3564431801021315
2026-01-28T10:32:37.839892,LIMOUS,aa8ea750-20a3-47d6-95da-08d141eb8d2e,34,numerical,NUM-DIV-34,integer,34,38,4,34,38,38,26,26,38,26,26,What is 18000 divided by 2000?,9,9,1,3.851919412612915,6.73378864615231,0.3878135929288229
2026-01-28T10:32:42.903415,LIMOUS,aa8ea750-20a3-47d6-95da-08d141eb8d2e,35,logical,LOG-BOOL-26-4-3,boolean,26,29,3,26,29,38,29,26,38,29,26,"A is False.
B is False.
C is False.
D is False.
What is: (((C AND B) AND D) AND D)?",False,f,1,5.057933568954468,10.004283096871646,0.43768953443369535
2026-01-28T10:32:46.422461,LIMOUS,aa8ea750-20a3-47d6-95da-08d141eb8d2e,36,numerical,NUM-DIV-38,integer,38,41,3,38,41,41,29,26,41,29,26,What is 4000 divided by 500?,8,8,1,3.512380838394165,6.992571405460464,0.42014246650477316
2026-01-28T10:32:52.112445,LIMOUS,aa8ea750-20a3-47d6-95da-08d141eb8d2e,37,logical,LOG-CONSTRAINT-29-8-7,yesno,29,32,3,29,32,41,32,26,41,32,26,"F is above A.
G is above H.
A is above C.
D is above H.
D is above F.
H is above B.
A is above H.
Is B above F?",no,no,1,5.684678316116333,9.9572415421106,0.8814933246041063
2026-01-28T10:33:05.128243,LIMOUS,aa8ea750-20a3-47d6-95da-08d141eb8d2e,38,pattern,PAT-MP-26-7-3,integer,26,28,2,26,28,41,32,28,41,32,28,"28, 84, 252, 756, 2268, 6804, 20412, ?",61236,61236,1,13.010057926177979,11.244754652359749,0.6095964577682973
2026-01-28T10:33:08.598147,LIMOUS,aa8ea750-20a3-47d6-95da-08d141eb8d2e,39,numerical,NUM-RATIO-INVERSE-41,integer,41,44,3,41,44,44,32,28,44,32,28,"105 -> 7, 60 -> ?",4,4,1,3.463026285171509,4.844229609034928,0.9392615229608269
2026-01-28T10:33:14.631008,LIMOUS,aa8ea750-20a3-47d6-95da-08d141eb8d2e,40,pattern,PAT-CP-28-7-14,integer,28,30,2,28,30,44,32,30,44,32,30,"4, 3, 19, 17, 16, 5, 6, 4, 3, 19, 17, 16, 5, 6, ?",4,4,1,6.027496576309204,5.2357462966202135,0.6101297008304696
2026-01-28T13:26:32.570999,LIMOUS,e1cde8f5-59d8-4e03-a201-646dead3f4d3,0,pattern,PAT-AP-0-4-5,integer,0,4,4,0,4,0,0,4,0,0,4,"23, 26, 29, 32, ?",35,35,1,2.999316453933716,5.196728339923719,0.3353275639326408
2026-01-28T13:26:51.267001,LIMOUS,e1cde8f5-59d8-4e03-a201-646dead3f4d3,1,pattern,PAT-MIXED-4-2-5-3,integer,4,7,3,4,7,0,0,7,0,0,7,"14, 28, 84, 168, ?",504,504,1,18.683554649353027,14.506151640688724,0.2588036024454193
2026-01-28T13:26:56.157187,LIMOUS,e1cde8f5-59d8-4e03-a201-646dead3f4d3,2,logical,LOG-BOOL-0-2-1,boolean,0,4,4,0,4,0,4,7,0,4,7,"A is True.
B is False.
What is: (A AND A)?",True,t,1,4.881753921508789,7.8848333729712685,0.24533548435381258
2026-01-28T13:27:00.250574,LIMOUS,e1cde8f5-59d8-4e03-a201-646dead3f4d3,3,logical,LOG-CONSTRAINT-4-3-2,yesno,4,7,3,4,7,0,7,7,0,7,7,"C is left of B.
C is left of A.
Is A left of C?",no,no,1,4.0821099281311035,7.919948042278644,0.7626252408028866
2026-01-28T13:27:08.493381,LIMOUS,e1cde8f5-59d8-4e03-a201-646dead3f4d3,4,logical,LOG-COMP-7-4,yesno,7,9,2,7,9,0,9,7,0,9,7,C is taller than D. A is taller than C. Is D taller than A?,no,no,1,8.234322786331177,12.548989743154753,0.733453714328656
2026-01-28T13:27:13.420993,LIMOUS,e1cde8f5-59d8-4e03-a201-646dead3f4d3,5,pattern,PAT-MP-7-5-2,integer,7,10,3,7,10,0,9,10,0,9,10,"7, 14, 28, 56, 112, ?",224,224,1,4.918507814407349,9.472551758992001,0.4520428510504749
2026-01-28T13:27:15.894059,LIMOUS,e1cde8f5-59d8-4e03-a201-646dead3f4d3,6,numerical,NUM-NEARBOUNDARY-0,integer,0,4,4,0,4,4,9,10,4,9,10,What is 47 + 6?,53,53,1,2.4638428688049316,4.659648834865411,0.17147174734650392
2026-01-28T13:27:18.368679,LIMOUS,e1cde8f5-59d8-4e03-a201-646dead3f4d3,7,numerical,NUM-NEARBOUNDARY-4,integer,4,8,4,4,8,8,9,10,8,9,10,What is 13 + 9?,22,22,1,2.465116024017334,4.849028142888048,0.19140462801056207
2026-01-28T13:27:21.662037,LIMOUS,e1cde8f5-59d8-4e03-a201-646dead3f4d3,8,logical,LOG-CONSTRAINT-9-4-3,yesno,9,12,3,9,12,8,12,10,8,12,10,"D is left of B.
C is left of B.
A is left of D.
Is B left of A?",no,no,1,3.284313440322876,8.294587212145169,0.7916715870327321
2026-01-28T13:27:24.655603,LIMOUS,e1cde8f5-59d8-4e03-a201-646dead3f4d3,9,logical,LOG-IMP-12-4-4,yesno,12,15,3,12,15,8,15,10,8,15,10,"A is True.
D is True.
If C is True, then B is True.
If C is True, then D is True.
If A is True, then C is True.
If B is True, then A is True.
Is C True?",yes,yes,1,2.9844470024108887,6.820715039344056,0.45743139109218695
2026-01-28T13:27:27.557161,LIMOUS,e1cde8f5-59d8-4e03-a201-646dead3f4d3,10,pattern,PAT-MP-10-6-2,integer,10,13,3,10,13,8,15,13,8,15,13,"10, 20, 40, 80, 160, 320, ?",640,640,1,2.8935232162475586,9.734286555742376,0.4770966581068511
2026-01-28T13:27:39.558946,LIMOUS,e1cde8f5-59d8-4e03-a201-646dead3f4d3,11,pattern,PAT-MP-13-6-3,integer,13,15,2,13,15,8,15,15,8,15,15,"2, 6, 18, 54, 162, 486, ?",1458,1458,1,11.993793725967407,10.002562748076796,0.502266249805683
2026-01-28T13:27:42.817507,LIMOUS,e1cde8f5-59d8-4e03-a201-646dead3f4d3,12,numerical,NUM-NEARBOUNDARY-8,integer,8,12,4,8,12,12,15,15,12,15,15,What is 91 + 2?,93,93,1,3.2503104209899902,5.044744332111898,0.213058769804627
2026-01-28T13:27:48.625649,LIMOUS,e1cde8f5-59d8-4e03-a201-646dead3f4d3,13,logical,LOG-CONSTRAINT-15-6-4,yesno,15,18,3,15,18,12,18,15,12,18,15,"C is left of A.
F is left of A.
E is left of A.
F is left of D.
Is A left of C?",no,no,1,5.796666622161865,8.76498196165922,0.8229576936309875
2026-01-28T13:27:58.029315,LIMOUS,e1cde8f5-59d8-4e03-a201-646dead3f4d3,14,numerical,NUM-RATIOSCALING-12,integer,12,13,1,12,13,13,18,15,13,18,15,"3 -> 18, 2 -> ?",12,12,1,9.395544052124023,3.9756370747329415,0.5895523806854387
2026-01-28T13:28:00.630261,LIMOUS,e1cde8f5-59d8-4e03-a201-646dead3f4d3,15,numerical,NUM-RATIO-INVERSE-13,integer,13,16,3,13,16,16,18,15,16,18,15,"35 -> 5, 49 -> ?",7,7,1,2.592949151992798,3.641599773236745,0.8579360718767529
2026-01-28T13:28:08.043532,LIMOUS,e1cde8f5-59d8-4e03-a201-646dead3f4d3,16,logical,LOG-COMP-18-11,yesno,18,21,3,18,21,16,21,15,16,21,15,H is older than F. I is older than G. E is older than I. D is older than I. K is older than H. Is K older than F?,yes,yes,1,7.404732704162598,13.832557298933978,0.799248817542769
2026-01-28T13:28:17.908344,LIMOUS,e1cde8f5-59d8-4e03-a201-646dead3f4d3,17,logical,LOG-BOOL-21-4-4,boolean,21,24,3,21,24,16,24,15,16,24,15,"A is False.
B is True.
C is False.
D is False.
What is: ((((A OR (NOT C)) AND D) OR (NOT D)) AND D)?",False,f,1,9.856297492980957,9.560730802370477,0.39688804533195265
2026-01-28T13:28:21.974609,LIMOUS,e1cde8f5-59d8-4e03-a201-646dead3f4d3,18,numerical,NUM-RATIOSCALING-16,integer,16,18,2,16,18,18,24,15,18,24,15,"8 -> 72, 6 -> ?",54,54,1,4.05825138092041,4.142128447904348,0.6216220484718534
2026-01-28T13:28:39.021145,LIMOUS,e1cde8f5-59d8-4e03-a201-646dead3f4d3,19,logical,LOG-IMP-24-6-6,yesno,24,25,1,24,25,18,25,15,18,25,15,"C is True.
If F is True, then C is True.
If D is True, then F is True.
If D is True, then E is True.
If C is True, then E is True.
If B is True, then A is True.
If D is True, then C is True.
Is E True?",yes,yes,1,17.03841495513916,7.632351958004026,0.5578109760606795
2026-01-28T13:28:47.242263,LIMOUS,e1cde8f5-59d8-4e03-a201-646dead3f4d3,20,pattern,PAT-MP-15-6-3,integer,15,17,2,15,17,18,25,17,18,25,17,"17, 51, 153, 459, 1377, 4131, ?",12393,12393,1,8.212564468383789,10.185128218192846,0.5190474741772241
2026-01-28T13:28:54.233514,LIMOUS,e1cde8f5-59d8-4e03-a201-646dead3f4d3,21,pattern,PAT-AP-17-6-15,integer,17,19,2,17,19,18,25,19,18,25,19,"43, 51, 59, 67, 75, 83, ?",91,91,1,6.983039617538452,6.127101054970173,0.47170231276651137
2026-01-28T13:29:07.435591,LIMOUS,e1cde8f5-59d8-4e03-a201-646dead3f4d3,22,logical,LOG-COMP-25-20,yesno,25,27,2,25,27,18,27,19,18,27,19,P is faster than B. Q is faster than I. R is faster than P. K is faster than G. P is faster than E. T is faster than M. H is faster than P. Q is faster than J. N is faster than K. M is faster than P. Is B faster than H?,no,no,1,13.192955255508423,14.711980437320634,0.8343356600415766
2026-01-28T13:29:10.287740,LIMOUS,e1cde8f5-59d8-4e03-a201-646dead3f4d3,23,numerical,NUM-RATIOSCALING-18,integer,18,21,3,18,21,21,27,19,21,27,19,"3 -> 15, 2 -> ?",10,10,1,2.8452816009521484,4.227451760207461,0.6372851991461638
2026-01-28T13:29:36.247052,LIMOUS,e1cde8f5-59d8-4e03-a201-646dead3f4d3,24,pattern,PAT-MIXED-19-3-8-8,integer,19,22,3,19,22,21,27,22,21,27,22,"11, 15, 75, 225, 229, 1145, 3435, ?",3439,3439,1,25.952232360839844,16.543141777703042,0.36621638426403647
2026-01-28T13:29:52.935350,LIMOUS,e1cde8f5-59d8-4e03-a201-646dead3f4d3,25,logical,LOG-CONSTRAINT-27-9-8,yesno,27,28,1,27,28,21,28,22,21,28,22,"B is left of H.
F is left of A.
I is left of H.
G is left of E.
C is left of D.
F is left of D.
D is left of H.
C is left of H.
Is F left of H?",yes,yes,1,16.677765369415283,9.778395675144429,0.8742957098166678
2026-01-28T13:30:01.284022,LIMOUS,e1cde8f5-59d8-4e03-a201-646dead3f4d3,26,logical,LOG-BOOL-28-6-3,boolean,28,30,2,28,30,21,30,22,21,30,22,"A is False.
B is True.
C is False.
D is False.
E is False.
F is True.
What is: (NOT (((C OR (NOT E)) AND (NOT D)) OR (NOT D)))?",False,f,1,8.34052562713623,10.186877112726869,0.45428240616021087
2026-01-28T13:30:12.324463,LIMOUS,e1cde8f5-59d8-4e03-a201-646dead3f4d3,27,logical,LOG-BOOL-30-6-3,boolean,30,32,2,30,32,21,32,22,21,32,22,"A is False.
B is True.
C is False.
D is False.
E is False.
F is True.
What is: (NOT (((C OR E) AND (NOT B)) AND (NOT E)))?",True,t,1,11.031758546829224,10.372500910198271,0.470977449107876
2026-01-28T13:30:20.123418,LIMOUS,e1cde8f5-59d8-4e03-a201-646dead3f4d3,28,pattern,PAT-MP-22-7-2,integer,22,24,2,22,24,21,32,24,21,32,24,"11, 22, 44, 88, 176, 352, 704, ?",1408,1408,1,7.790954113006592,10.848295085689609,0.5772007919924808
2026-01-28T13:30:27.046387,LIMOUS,e1cde8f5-59d8-4e03-a201-646dead3f4d3,29,logical,LOG-IMP-32-8-8,yesno,32,34,2,32,34,21,34,24,21,34,24,"C is True.
If D is True, then B is True.
If C is True, then A is True.
If G is True, then H is True.
If G is True, then F is True.
If A is True, then F is True.
If H is True, then A is True.
If C is True, then H is True.
If D is True, then C is True.
Is A True?",yes,yes,1,6.913775205612183,8.219716998957717,0.622677765968486
2026-01-28T13:31:13.048615,LIMOUS,e1cde8f5-59d8-4e03-a201-646dead3f4d3,30,numerical,NUM-SQUARE-21,integer,21,23,2,21,23,23,34,24,23,34,24,What is 23^2?,529,529,1,45.99397826194763,6.443233801115924,0.276975668245274
2026-01-28T13:31:23.493474,LIMOUS,e1cde8f5-59d8-4e03-a201-646dead3f4d3,31,pattern,PAT-MIXED-24-2-10-10,integer,24,23,-1,24,23,23,34,23,23,34,23,"6, 18, 36, 108, 216, 648, 1296, 3888, 7776, ?",23328,15558,0,10.435604810714722,17.279956391566024,0.405987277608797
2026-01-28T13:31:35.628436,LIMOUS,e1cde8f5-59d8-4e03-a201-646dead3f4d3,32,numerical,NUM-RATIOSCALING-23,integer,23,24,1,23,24,24,34,23,24,34,23,"2 -> 18, 3 -> ?",27,27,1,12.12658953666687,4.447005526516298,0.675135389265075
2026-01-28T13:54:32.412311,LIMOUS,5d7b7bee-52cd-45a5-94c5-eff4e76442fe,0,numerical,NUM-SQUARE-0,integer,0,4,4,0,4,4,0,0,4,0,0,What is 4^2?,16,16,1,1.8837645053863525,5.262056416033111,0.15913057256047516
2026-01-28T13:54:34.358827,LIMOUS,5d7b7bee-52cd-45a5-94c5-eff4e76442fe,1,numerical,NUM-NEARBOUNDARY-4,integer,4,8,4,4,8,8,0,0,8,0,0,What is 49 + 4?,53,53,1,1.9377999305725098,4.849028142888048,0.19140462801056207
2026-01-28T13:54:36.604456,LIMOUS,5d7b7bee-52cd-45a5-94c5-eff4e76442fe,2,numerical,NUM-RATIO-INVERSE-8,integer,8,11,3,8,11,11,0,0,11,0,0,"15 -> 5, 21 -> ?",7,7,1,2.23484468460083,3.4545096909977175,0.8362173227830697
2026-01-28T13:54:38.992186,LIMOUS,5d7b7bee-52cd-45a5-94c5-eff4e76442fe,3,logical,LOG-BOOL-0-2-1,boolean,0,4,4,0,4,11,4,0,11,4,0,"A is True.
B is True.
What is: (B OR A)?",True,t,1,2.3792009353637695,7.8848333729712685,0.24533548435381258
2026-01-28T13:54:41.316218,LIMOUS,5d7b7bee-52cd-45a5-94c5-eff4e76442fe,4,numerical,NUM-RATIOSCALING-11,integer,11,14,3,11,14,14,4,0,14,4,0,"7 -> 35, 6 -> ?",30,30,1,2.3141651153564453,3.934863435580546,0.5814027290882641
2026-01-28T13:54:45.702457,LIMOUS,5d7b7bee-52cd-45a5-94c5-eff4e76442fe,5,pattern,PAT-AP-0-4-5,integer,0,3,3,0,3,14,4,3,14,4,3,"-42, -47, -52, -57, ?",-62,-62,1,4.377877712249756,5.196728339923719,0.3353275639326408
2026-01-28T13:54:50.421122,LIMOUS,5d7b7bee-52cd-45a5-94c5-eff4e76442fe,6,logical,LOG-COMP-4-3,yesno,4,7,3,4,7,14,7,3,14,7,3,C is faster than A. A is faster than B. Is B faster than C?,no,no,1,4.710002422332764,12.218623858269703,0.7133016938398693
2026-01-28T13:54:56.676146,LIMOUS,5d7b7bee-52cd-45a5-94c5-eff4e76442fe,7,numerical,NUM-RATIOSCALING-14,integer,14,15,1,14,15,15,7,3,15,7,3,"5 -> 30, 9 -> ?",54,54,1,6.246509075164795,4.058197796491535,0.6057010040835236
2026-01-28T13:55:00.657686,LIMOUS,5d7b7bee-52cd-45a5-94c5-eff4e76442fe,8,logical,LOG-IMP-7-4-3,yesno,7,6,-1,7,6,15,6,3,15,6,3,"D is True.
A is True.
If A is True, then D is True.
If C is True, then A is True.
If D is True, then B is True.
Is B True?",yes,tes,0,3.973323345184326,6.505483590843153,0.41615155065692994
2026-01-28T13:55:04.191126,LIMOUS,5d7b7bee-52cd-45a5-94c5-eff4e76442fe,9,pattern,PAT-CP-3-2-5,integer,3,5,2,3,5,15,6,5,15,6,5,"15, 1, 15, 1, 15, ?",1,1,1,3.517648935317993,4.076326259388973,0.40331676538727856
2026-01-28T13:55:07.985745,LIMOUS,5d7b7bee-52cd-45a5-94c5-eff4e76442fe,10,logical,LOG-CONSTRAINT-6-4-3,yesno,6,9,3,6,9,15,9,5,15,9,5,"C is faster than D.
B is faster than D.
A is faster than C.
Is A faster than D?",yes,yes,1,3.7538890838623047,8.067956696719987,0.7745682481378914
2026-01-28T13:55:10.757139,LIMOUS,5d7b7bee-52cd-45a5-94c5-eff4e76442fe,11,pattern,PAT-CP-5-3-6,integer,5,8,3,5,8,15,9,8,15,9,8,"3, 17, 8, 3, 17, 8, ?",3,3,1,2.7620396614074707,4.16055771629839,0.41957887645520414
2026-01-28T13:55:14.385890,LIMOUS,5d7b7bee-52cd-45a5-94c5-eff4e76442fe,12,pattern,PAT-CP-8-3-6,integer,8,10,2,8,10,15,9,10,15,9,10,"18, 5, 7, 18, 5, 7, ?",18,18,1,3.6190366744995117,4.289532731755745,0.44429229039037754
2026-01-28T13:55:18.243448,LIMOUS,5d7b7bee-52cd-45a5-94c5-eff4e76442fe,13,pattern,PAT-AP-10-5-10,integer,10,13,3,10,13,15,9,13,15,9,13,"42, 47, 52, 57, 62, ?",67,67,1,3.8486063480377197,5.728186506777827,0.4137758394796496
2026-01-28T13:55:22.814680,LIMOUS,5d7b7bee-52cd-45a5-94c5-eff4e76442fe,14,logical,LOG-CONSTRAINT-9-4-3,yesno,9,12,3,9,12,15,12,13,15,12,13,"A is left of B.
B is left of C.
A is left of C.
Is C left of B?",no,no,1,4.559247732162476,8.294587212145169,0.7916715870327321
2026-01-28T13:55:29.659471,LIMOUS,5d7b7bee-52cd-45a5-94c5-eff4e76442fe,15,pattern,PAT-MP-13-6-3,integer,13,15,2,13,15,15,12,15,15,12,15,"10, 30, 90, 270, 810, 2430, ?",7290,7290,1,6.836648941040039,10.002562748076796,0.502266249805683
2026-01-28T13:55:34.501877,LIMOUS,5d7b7bee-52cd-45a5-94c5-eff4e76442fe,16,pattern,PAT-CP-15-5-9,integer,15,17,2,15,17,15,12,17,15,12,17,"6, 14, 16, 9, 7, 6, 14, 16, 9, ?",7,7,1,4.833916664123535,4.603149418467881,0.5028265290970739
2026-01-28T13:55:35.944207,LIMOUS,5d7b7bee-52cd-45a5-94c5-eff4e76442fe,17,numerical,NUM-SQUARE-15,integer,15,19,4,15,19,19,12,17,19,12,17,What is 10^2?,100,100,1,1.4342877864837646,6.084681362084532,0.23848592078705025
2026-01-28T13:55:50.457811,LIMOUS,5d7b7bee-52cd-45a5-94c5-eff4e76442fe,18,numerical,NUM-SQUARE-19,integer,19,17,-2,19,17,17,12,17,17,12,17,What is 21^2?,441,443,0,14.505034685134888,6.3217441363059885,0.26372924457150043
2026-01-28T13:55:58.260310,LIMOUS,5d7b7bee-52cd-45a5-94c5-eff4e76442fe,19,pattern,PAT-AP-17-7-15,integer,17,19,2,17,19,17,12,19,17,12,19,"-31, -17, -3, 11, 25, 39, 53, ?",67,67,1,7.794470548629761,6.127101054970173,0.47170231276651137
2026-01-28T13:56:09.292668,LIMOUS,5d7b7bee-52cd-45a5-94c5-eff4e76442fe,20,pattern,PAT-AP-19-7-15,integer,19,20,1,19,20,17,12,20,17,12,20,"-43, -57, -71, -85, -99, -113, -127, ?",-141,-141,1,11.02403473854065,6.245361008079064,0.48846451998410145
2026-01-28T13:56:26.409781,LIMOUS,5d7b7bee-52cd-45a5-94c5-eff4e76442fe,21,pattern,PAT-MP-20-7-3,integer,20,21,1,20,21,17,12,21,17,12,21,"4, 12, 36, 108, 324, 972, 2916, ?",8748,8748,1,17.109061241149902,10.65490529880507,0.560731440041573
2026-01-28T13:56:28.138083,LIMOUS,5d7b7bee-52cd-45a5-94c5-eff4e76442fe,22,numerical,NUM-SQUARE-17,integer,17,21,4,17,21,21,12,21,21,12,21,What is 1^2?,1,1,1,1.720576524734497,6.20223744543588,0.250896498830953
2026-01-28T13:56:35.411135,LIMOUS,5d7b7bee-52cd-45a5-94c5-eff4e76442fe,23,logical,LOG-CONSTRAINT-12-5-4,yesno,12,14,2,12,14,21,14,21,21,14,21,"A is faster than E.
A is faster than D.
C is faster than D.
E is faster than B.
Is A faster than B?",yes,yes,1,7.26511812210083,8.526881780922128,0.8077992980727411
2026-01-28T13:56:43.471669,LIMOUS,5d7b7bee-52cd-45a5-94c5-eff4e76442fe,24,logical,LOG-BOOL-14-3-2,boolean,14,17,3,14,17,21,17,21,21,17,21,"A is False.
B is True.
C is False.
What is: ((B AND (NOT C)) AND (NOT C))?",True,t,1,8.053555488586426,8.969630841234002,0.3421979597178555
2026-01-28T13:56:48.615878,LIMOUS,5d7b7bee-52cd-45a5-94c5-eff4e76442fe,25,logical,LOG-COMP-17-9,yesno,17,20,3,17,20,21,20,21,21,20,21,B is faster than F. I is faster than H. B is faster than A. H is faster than C. Is C faster than I?,no,no,1,5.134991645812988,13.711009579530344,0.7938065856209672
2026-01-28T13:56:58.116299,LIMOUS,5d7b7bee-52cd-45a5-94c5-eff4e76442fe,26,numerical,NUM-DIV-21,integer,21,23,2,21,23,23,20,21,23,20,21,What is 16800 divided by 2400?,7,7,1,9.4932861328125,5.949220076308864,0.2904780882530472
2026-01-28T13:57:06.883052,LIMOUS,5d7b7bee-52cd-45a5-94c5-eff4e76442fe,27,logical,LOG-BOOL-20-4-3,boolean,20,23,3,20,23,23,23,21,23,23,21,"A is False.
B is True.
C is False.
D is True.
What is: (((C AND C) AND D) OR A)?",False,f,1,8.757966995239258,9.474189235842628,0.3888783510634424
2026-01-28T13:57:10.836393,LIMOUS,5d7b7bee-52cd-45a5-94c5-eff4e76442fe,28,pattern,PAT-AP-21-8-20,integer,21,24,3,21,24,23,23,24,23,23,24,"37, 43, 49, 55, 61, 67, 73, 79, ?",85,85,1,3.944424867630005,6.365583248014177,0.5052527103619466
2026-01-28T13:57:17.412915,LIMOUS,5d7b7bee-52cd-45a5-94c5-eff4e76442fe,29,pattern,PAT-MP-24-6-3,integer,24,27,3,24,27,23,23,27,23,23,27,"1, 3, 9, 27, 81, 243, ?",729,729,1,6.568281650543213,11.044893788366458,0.5935003032474743
2026-01-28T13:57:26.573510,LIMOUS,5d7b7bee-52cd-45a5-94c5-eff4e76442fe,30,logical,LOG-BOOL-23-4-4,boolean,23,25,2,23,25,23,25,27,23,25,27,"A is False.
B is True.
C is True.
D is True.
What is: ((((A AND C) OR D) OR C) AND A)?",False,f,1,9.152165174484253,9.735964957162347,0.41307039103007576
2026-01-28T13:57:32.873129,LIMOUS,5d7b7bee-52cd-45a5-94c5-eff4e76442fe,31,logical,LOG-IMP-25-8-6,yesno,25,27,2,25,27,23,27,27,23,27,27,"G is True.
F is True.
If G is True, then C is True.
If E is True, then A is True.
If F is True, then E is True.
If B is True, then H is True.
If F is True, then G is True.
If B is True, then G is True.
Is C True?",yes,yes,1,6.290899753570557,7.70367559408165,0.5660771364044515
2026-01-28T13:57:42.622251,LIMOUS,5d7b7bee-52cd-45a5-94c5-eff4e76442fe,32,logical,LOG-BOOL-27-4-5,boolean,27,29,2,27,29,23,29,27,23,29,27,"A is False.
B is True.
C is True.
D is False.
What is: (((((D AND A) AND (NOT B)) OR D) OR (NOT B)) AND (NOT D))?",False,f,1,9.74054217338562,10.095204491957801,0.4459709191301453
2026-01-28T13:57:58.290566,LIMOUS,5d7b7bee-52cd-45a5-94c5-eff4e76442fe,33,logical,LOG-COMP-29-25,yesno,29,31,2,29,31,23,31,27,23,31,27,P is heavier than B. A is heavier than D. A is heavier than E. D is heavier than T. N is heavier than Y. E is heavier than L. V is heavier than Y. J is heavier than W. W is heavier than V. O is heavier than L. K is heavier than V. P is heavier than L. Is Y heavier than J?,no,no,1,15.659440755844116,15.23772400723167,0.8520783254446374
2026-01-28T13:58:05.262037,LIMOUS,5d7b7bee-52cd-45a5-94c5-eff4e76442fe,34,logical,LOG-IMP-31-8-7,yesno,31,33,2,31,33,23,33,27,23,33,27,"F is True.
E is True.
If E is True, then G is True.
If F is True, then D is True.
If G is True, then D is True.
If D is True, then A is True.
If C is True, then F is True.
If A is True, then B is True.
If H is True, then B is True.
Is G True?",yes,yes,1,6.962755918502808,8.144164580572605,0.6147560468029823
2026-01-28T13:58:17.173152,LIMOUS,5d7b7bee-52cd-45a5-94c5-eff4e76442fe,35,logical,LOG-BOOL-33-6-3,boolean,33,35,2,33,35,23,35,27,23,35,27,"A is True.
B is False.
C is False.
D is False.
E is True.
F is False.
What is: (NOT (((C OR (NOT E)) OR (NOT B)) OR F))?",False,f,1,11.902104139328003,10.656727647174622,0.4961305121354655
2026-01-28T13:58:19.007656,LIMOUS,5d7b7bee-52cd-45a5-94c5-eff4e76442fe,36,numerical,NUM-SQUARE-23,integer,23,27,4,23,27,27,35,27,27,35,27,What is 4^2?,16,16,1,1.8082618713378906,6.5667393433426104,0.2906248009877599
2026-01-28T13:58:29.523321,LIMOUS,5d7b7bee-52cd-45a5-94c5-eff4e76442fe,37,logical,LOG-BOOL-35-6-3,boolean,35,37,2,35,37,27,37,27,27,37,27,"A is True.
B is False.
C is True.
D is False.
E is True.
F is True.
What is: (NOT (((F OR (NOT A)) OR (NOT A)) AND (NOT B)))?",False,f,1,10.50664472579956,10.850147672276783,0.5129179904282392
2026-01-28T13:58:38.942568,LIMOUS,5d7b7bee-52cd-45a5-94c5-eff4e76442fe,38,logical,LOG-COMP-37-20,yesno,37,40,3,37,40,27,40,27,27,40,27,Q is larger than S. T is larger than H. K is larger than T. N is larger than A. C is larger than L. M is larger than N. O is larger than R. N is larger than T. Q is larger than R. A is larger than L. Is H larger than N?,no,no,1,9.409075736999512,16.342576018931574,0.8828440317238124
2026-01-28T13:58:45.469670,LIMOUS,5d7b7bee-52cd-45a5-94c5-eff4e76442fe,39,logical,LOG-IMP-40-8-7,yesno,40,42,2,40,42,27,42,27,27,42,27,"F is True.
E is True.
If E is True, then F is True.
If F is True, then B is True.
If G is True, then H is True.
If D is True, then F is True.
If G is True, then D is True.
If D is True, then H is True.
If G is True, then A is True.
Is B True?",yes,yes,1,6.519681215286255,8.847047705469642,0.6834292741755768
2026-01-28T13:58:56.885550,LIMOUS,5d7b7bee-52cd-45a5-94c5-eff4e76442fe,40,numerical,NUM-DIV-27,integer,27,29,2,27,29,29,42,27,29,42,27,What is 25600 divided by 1600?,16,16,1,11.407448053359985,6.300916882471692,0.33368211738985115
2026-01-28T13:59:15.085343,LIMOUS,5d7b7bee-52cd-45a5-94c5-eff4e76442fe,41,pattern,PAT-MIXED-27-3-11-12,integer,27,29,2,27,29,29,42,29,29,42,29,"4, 12, 16, 20, 60, 64, 68, 204, 208, 212, ?",636,636,1,18.191532611846924,17.73681741081515,0.4304939027708259
2026-01-28T13:59:20.880474,LIMOUS,5d7b7bee-52cd-45a5-94c5-eff4e76442fe,42,numerical,NUM-RATIO-INVERSE-29,integer,29,31,2,29,31,31,42,29,31,42,29,"26 -> 2, 78 -> ?",6,6,1,5.787112236022949,4.294739442867602,0.911778486638825
2026-01-28T13:59:23.468661,LIMOUS,5d7b7bee-52cd-45a5-94c5-eff4e76442fe,43,numerical,NUM-RATIO-INVERSE-31,integer,31,34,3,31,34,34,42,29,34,42,29,"49 -> 7, 56 -> ?",8,8,1,2.579664707183838,4.382595028667199,0.9170335651312844
2026-01-28T13:59:26.306794,LIMOUS,5d7b7bee-52cd-45a5-94c5-eff4e76442fe,44,pattern,PAT-CP-29-8-13,integer,29,32,3,29,32,34,42,32,34,42,32,"9, 9, 3, 3, 2, 10, 4, 4, 9, 9, 3, 3, 2, ?",10,10,1,2.829711675643921,5.287268303796965,0.6180874515526482
2026-01-28T13:59:37.154648,LIMOUS,5d7b7bee-52cd-45a5-94c5-eff4e76442fe,45,numerical,NUM-RATIOSCALING-34,integer,34,35,1,34,35,35,42,32,35,42,32,"2 -> 30, 7 -> ?",105,105,1,10.839113712310791,4.963029208172619,0.7504276170492062
2026-01-28T21:23:10.590936,LIMOUS,8ced0838-4ae1-4a3a-a2b1-b38247ddfd03,0,numerical,NUM-SQUARE-0,integer,0,4,4,0,4,4,0,0,4,0,0,What is 3^2?,9,9,1,1.5281286239624023,5.262056416033111,0.15913057256047516
2026-01-28T21:23:13.293355,LIMOUS,8ced0838-4ae1-4a3a-a2b1-b38247ddfd03,1,logical,LOG-CONSTRAINT-0-3-2,yesno,0,3,3,0,3,4,3,0,4,3,0,"A is above C.
C is above B.
Is B above A?",no,no,1,2.6944286823272705,7.631138765493304,0.7374589825495539
2026-01-28T21:23:15.029346,LIMOUS,8ced0838-4ae1-4a3a-a2b1-b38247ddfd03,2,numerical,NUM-SQUARE-4,integer,4,8,4,4,8,8,3,0,8,3,0,What is 8^2?,64,64,1,1.729811429977417,5.471593075544826,0.17793694353513376
2026-01-28T21:23:23.101521,LIMOUS,8ced0838-4ae1-4a3a-a2b1-b38247ddfd03,3,logical,LOG-COMP-3-3,yesno,3,5,2,3,5,8,5,0,8,5,0,A is faster than C. C is faster than B. Is B faster than A?,no,no,1,8.066863775253296,12.110301769822915,0.7063854372004602
2026-01-28T21:23:25.701220,LIMOUS,8ced0838-4ae1-4a3a-a2b1-b38247ddfd03,4,numerical,NUM-RATIOSCALING-8,integer,8,11,3,8,11,11,5,0,11,5,0,"7 -> 21, 10 -> ?",30,30,1,2.5942673683166504,3.8145363442927156,0.5567029743983836
2026-01-28T21:23:29.997943,LIMOUS,8ced0838-4ae1-4a3a-a2b1-b38247ddfd03,5,logical,LOG-IMP-5-4-3,yesno,5,9,4,5,9,11,9,0,11,9,0,"A is True.
D is True.
If A is True, then D is True.
If D is True, then C is True.
If A is True, then B is True.
Is C True?",yes,yes,1,4.291457176208496,6.382977874906715,0.3999307471486204
2026-01-28T21:23:33.333292,LIMOUS,8ced0838-4ae1-4a3a-a2b1-b38247ddfd03,6,logical,LOG-BOOL-9-3-2,boolean,9,13,4,9,13,11,13,0,11,13,0,"A is False.
B is False.
C is False.
What is: ((B OR A) OR C)?",False,f,1,3.329726457595825,8.56778252489833,0.30546254015726537
2026-01-28T21:23:46.349184,LIMOUS,8ced0838-4ae1-4a3a-a2b1-b38247ddfd03,7,logical,LOG-BOOL-13-3-2,boolean,13,15,2,13,15,11,15,0,11,15,0,"A is False.
B is True.
C is True.
What is: (NOT ((B OR (NOT A)) OR A))?",False,f,1,13.010436773300171,8.887933136136635,0.33467950531286206
2026-01-28T21:23:50.693064,LIMOUS,8ced0838-4ae1-4a3a-a2b1-b38247ddfd03,8,pattern,PAT-AP-0-4-5,integer,0,3,3,0,3,11,15,3,11,15,3,"-26, -31, -36, -41, ?",-46,-46,1,4.338542938232422,5.196728339923719,0.3353275639326408
2026-01-28T21:23:52.924900,LIMOUS,8ced0838-4ae1-4a3a-a2b1-b38247ddfd03,9,pattern,PAT-CP-3-2-4,integer,3,6,3,3,6,11,15,6,11,15,6,"5, 9, 5, 9, ?",5,5,1,2.2268431186676025,4.076326259388973,0.40331676538727856
2026-01-28T21:23:56.469494,LIMOUS,8ced0838-4ae1-4a3a-a2b1-b38247ddfd03,10,numerical,NUM-RATIO-INVERSE-11,integer,11,13,2,11,13,13,15,6,13,15,6,"49 -> 7, 70 -> ?",10,10,1,3.5368247032165527,3.5658388317293257,0.8495518808931755
2026-01-28T21:24:11.229670,LIMOUS,8ced0838-4ae1-4a3a-a2b1-b38247ddfd03,11,logical,LOG-COMP-15-8,yesno,15,17,2,15,17,13,17,6,13,17,6,D is larger than A. H is larger than E. C is larger than D. A is larger than H. Is H larger than D?,no,no,1,14.75433874130249,13.470894104108233,0.7825967239447688
2026-01-28T21:24:15.006574,LIMOUS,8ced0838-4ae1-4a3a-a2b1-b38247ddfd03,12,numerical,NUM-RATIO-INVERSE-13,integer,13,15,2,13,15,15,17,6,15,17,6,"35 -> 5, 56 -> ?",8,8,1,3.7712550163269043,3.641599773236745,0.8579360718767529
2026-01-28T21:24:19.164949,LIMOUS,8ced0838-4ae1-4a3a-a2b1-b38247ddfd03,13,pattern,PAT-CP-6-3-6,integer,6,8,2,6,8,15,17,8,15,17,8,"14, 20, 18, 14, 20, 18, ?",14,14,1,4.153170108795166,4.203196123803724,0.4277782786698188
2026-01-28T21:24:24.734380,LIMOUS,8ced0838-4ae1-4a3a-a2b1-b38247ddfd03,14,numerical,NUM-NEARBOUNDARY-15,integer,15,18,3,15,18,18,17,8,18,17,8,What is 483 - 210?,273,273,1,5.56414794921875,5.403137556163212,0.2551142257505942
2026-01-28T21:24:28.503248,LIMOUS,8ced0838-4ae1-4a3a-a2b1-b38247ddfd03,15,pattern,PAT-CP-8-3-6,integer,8,10,2,8,10,18,17,10,18,17,10,"1, 17, 7, 1, 17, 7, ?",1,1,1,3.763155698776245,4.289532731755745,0.44429229039037754
2026-01-28T21:24:45.158468,LIMOUS,8ced0838-4ae1-4a3a-a2b1-b38247ddfd03,16,numerical,NUM-NEARBOUNDARY-18,integer,18,20,2,18,20,20,17,10,20,17,10,What is 515 + 496?,1011,1011,1,16.649410724639893,5.5631676945092075,0.27472567488536354
2026-01-28T21:24:49.868833,LIMOUS,8ced0838-4ae1-4a3a-a2b1-b38247ddfd03,17,logical,LOG-BOOL-17-4-2,boolean,17,21,4,17,21,20,21,10,20,21,10,"A is True.
B is False.
C is True.
D is False.
What is: ((A AND A) AND B)?",False,f,1,4.704493284225464,9.218796408705764,0.36522151152589816
2026-01-28T21:24:54.244763,LIMOUS,8ced0838-4ae1-4a3a-a2b1-b38247ddfd03,18,logical,LOG-IMP-21-7-5,yesno,21,24,3,21,24,20,24,10,20,24,10,"A is True.
B is True.
If E is True, then A is True.
If C is True, then E is True.
If G is True, then E is True.
If D is True, then A is True.
If B is True, then D is True.
Is D True?",yes,yes,1,4.3704962730407715,7.421868767204801,0.5328376950012801
2026-01-28T21:24:58.773149,LIMOUS,8ced0838-4ae1-4a3a-a2b1-b38247ddfd03,19,logical,LOG-CONSTRAINT-24-6-5,yesno,24,27,3,24,27,20,27,10,20,27,10,"C is faster than E.
D is faster than E.
A is faster than B.
F is faster than B.
A is faster than E.
Is E faster than C?",no,no,1,4.520096778869629,9.515585362909944,0.8628000744540298
2026-01-28T21:25:08.188841,LIMOUS,8ced0838-4ae1-4a3a-a2b1-b38247ddfd03,20,logical,LOG-COMP-27-22,yesno,27,25,-2,27,25,20,25,10,20,25,10,K is taller than J. E is taller than J. V is taller than G. A is taller than R. S is taller than H. O is taller than U. K is taller than F. N is taller than D. F is taller than S. S is taller than G. T is taller than G. Is F taller than H?,yes,no,0,9.410330057144165,14.972689252227871,0.843411525260116
2026-01-28T21:25:20.675979,LIMOUS,8ced0838-4ae1-4a3a-a2b1-b38247ddfd03,21,pattern,PAT-MP-10-5-3,integer,10,12,2,10,12,20,25,12,20,25,12,"6, 18, 54, 162, 486, ?",1458,1458,1,12.481494665145874,9.734286555742376,0.4770966581068511
2026-01-28T21:25:25.206033,LIMOUS,8ced0838-4ae1-4a3a-a2b1-b38247ddfd03,22,pattern,PAT-CP-12-3-9,integer,12,14,2,12,14,20,25,14,20,25,14,"11, 14, 9, 11, 14, 9, 11, 14, 9, ?",11,11,1,4.5246241092681885,4.466527467247458,0.4776558048181517
2026-01-28T21:25:34.140260,LIMOUS,8ced0838-4ae1-4a3a-a2b1-b38247ddfd03,23,numerical,NUM-NEARBOUNDARY-20,integer,20,22,2,20,22,22,25,14,22,25,14,What is 475 + 975?,1450,1450,1,8.928508996963501,5.672070304113316,0.288308142675017
2026-01-28T21:25:43.540213,LIMOUS,8ced0838-4ae1-4a3a-a2b1-b38247ddfd03,24,logical,LOG-IMP-25-9-7,yesno,25,27,2,25,27,22,27,14,22,27,14,"A is True.
C is True.
If A is True, then F is True.
If E is True, then G is True.
If C is True, then A is True.
If H is True, then D is True.
If F is True, then B is True.
If B is True, then E is True.
If F is True, then D is True.
Is E True?",yes,yes,1,9.394427061080933,7.70367559408165,0.5660771364044515
2026-01-28T21:25:49.092415,LIMOUS,8ced0838-4ae1-4a3a-a2b1-b38247ddfd03,25,logical,LOG-IMP-27-7-6,yesno,27,29,2,27,29,22,29,14,22,29,14,"A is True.
D is True.
If E is True, then A is True.
If B is True, then F is True.
If C is True, then E is True.
If F is True, then G is True.
If A is True, then B is True.
If B is True, then E is True.
Is E True?",yes,yes,1,5.546545743942261,7.848095640842921,0.5824952942616046
2026-01-28T21:26:02.028334,LIMOUS,8ced0838-4ae1-4a3a-a2b1-b38247ddfd03,26,numerical,NUM-NEARBOUNDARY-22,integer,22,24,2,22,24,24,29,14,24,29,14,What is 988 + 529?,1517,1517,1,12.928821086883545,5.782779934188426,0.3022822513687605
2026-01-28T21:26:28.436049,LIMOUS,8ced0838-4ae1-4a3a-a2b1-b38247ddfd03,27,pattern,PAT-MIXED-14-3-7-6,integer,14,16,2,14,16,24,29,16,24,29,16,"16, 32, 192, 198, 396, 2376, ?",2382,2382,1,26.401972770690918,15.836026128299991,0.32818896826541977
2026-01-28T21:26:32.779554,LIMOUS,8ced0838-4ae1-4a3a-a2b1-b38247ddfd03,28,pattern,PAT-AP-16-6-15,integer,16,18,2,16,18,24,29,18,24,29,18,"-40, -42, -44, -46, -48, -50, ?",-52,-52,1,4.337597608566284,6.06869690646551,0.46334271683279077
2026-01-28T21:26:36.899972,LIMOUS,8ced0838-4ae1-4a3a-a2b1-b38247ddfd03,29,logical,LOG-BOOL-29-4-3,boolean,29,32,3,29,32,24,32,18,24,32,18,"A is False.
B is True.
C is False.
D is True.
What is: (NOT (((B OR C) OR B) OR C))?",False,f,1,4.114831924438477,10.279307166079063,0.4626194502163273
2026-01-28T21:26:45.499794,LIMOUS,8ced0838-4ae1-4a3a-a2b1-b38247ddfd03,30,logical,LOG-IMP-32-9-8,yesno,32,34,2,32,34,24,34,18,24,34,18,"G is True.
H is True.
If F is True, then H is True.
If D is True, then H is True.
If H is True, then I is True.
If H is True, then C is True.
If F is True, then G is True.
If A is True, then E is True.
If A is True, then I is True.
If H is True, then F is True.
Is I True?",yes,yes,1,8.593893766403198,8.219716998957717,0.622677765968486
2026-01-28T21:26:49.099445,LIMOUS,8ced0838-4ae1-4a3a-a2b1-b38247ddfd03,31,numerical,NUM-RATIOSCALING-24,integer,24,26,2,24,26,26,34,18,26,34,18,"3 -> 27, 5 -> ?",45,45,1,3.5945749282836914,4.492010670163834,0.6824568519813862
2026-01-28T21:26:54.179742,LIMOUS,8ced0838-4ae1-4a3a-a2b1-b38247ddfd03,32,pattern,PAT-AP-18-7-15,integer,18,20,2,18,20,26,34,20,26,34,20,"7, 10, 13, 16, 19, 22, 25, ?",28,28,1,5.075115442276001,6.185987759822588,0.48007780990768284
2026-01-28T21:27:00.043744,LIMOUS,8ced0838-4ae1-4a3a-a2b1-b38247ddfd03,33,numerical,NUM-NEARBOUNDARY-26,integer,26,29,3,26,29,29,34,20,29,34,20,What is 967 + 2033?,3000,3000,1,5.858283281326294,6.009740688801563,0.3313401456545489
2026-01-28T21:27:05.947839,LIMOUS,8ced0838-4ae1-4a3a-a2b1-b38247ddfd03,34,logical,LOG-IMP-34-8-7,yesno,34,36,2,34,36,29,36,20,29,36,20,"H is True.
C is True.
If H is True, then D is True.
If E is True, then H is True.
If H is True, then E is True.
If C is True, then F is True.
If A is True, then E is True.
If H is True, then A is True.
If F is True, then D is True.
Is F True?",yes,yes,1,5.897368431091309,8.372699718237902,0.6383226417194583
2026-01-28T21:27:16.757712,LIMOUS,8ced0838-4ae1-4a3a-a2b1-b38247ddfd03,35,logical,LOG-BOOL-36-6-5,boolean,36,38,2,36,38,29,38,20,29,38,20,"A is True.
B is False.
C is False.
D is True.
E is True.
F is False.
What is: (NOT (((((E OR D) AND (NOT F)) OR C) AND A) AND D))?",False,f,1,10.803339958190918,10.948057908578015,0.5213031766742392
2026-01-28T21:27:54.723651,LIMOUS,8ced0838-4ae1-4a3a-a2b1-b38247ddfd03,36,pattern,PAT-MIXED-20-4-9-10,integer,20,19,-1,20,19,29,38,19,29,38,19,"1, 4, 9, 15, 105, 108, 113, 119, ?",833,833.,0,37.95929956436157,16.688089604888305,0.3740450025384663
2026-01-28T21:28:08.340101,LIMOUS,8ced0838-4ae1-4a3a-a2b1-b38247ddfd03,37,logical,LOG-COMP-38-25,yesno,38,40,2,38,40,29,40,19,29,40,19,S is taller than Y. F is taller than O. A is taller than Q. W is taller than T. E is taller than C. S is taller than N. W is taller than Y. I is taller than B. U is taller than G. M is taller than W. L is taller than D. X is taller than N. Is M taller than Y?,yes,yes,1,13.606376647949219,16.485866698764884,0.8862729106116347
2026-01-28T21:28:12.234751,LIMOUS,8ced0838-4ae1-4a3a-a2b1-b38247ddfd03,38,pattern,PAT-AP-19-6-15,integer,19,22,3,19,22,29,40,22,29,40,22,"45, 43, 41, 39, 37, 35, ?",33,33,1,3.8890414237976074,6.245361008079064,0.48846451998410145
2026-01-29T01:18:49.793947,LIMOUS,66cfe152-c039-4c8b-a59a-6ba26508c627,0,logical,LOG-COMP-0-3,yesno,0,3,3,0,3,0,3,0,0,3,0,A is faster than C. C is faster than B. Is B faster than A?,no,no,1,3.898092746734619,11.79063244189492,0.6850656678877758
2026-01-29T01:18:53.248907,LIMOUS,66cfe152-c039-4c8b-a59a-6ba26508c627,1,logical,LOG-BOOL-3-2-1,boolean,3,7,4,3,7,0,7,0,0,7,0,"A is False.
B is True.
What is: (A AND A)?",False,f,1,3.4501001834869385,8.106887186650338,0.2644620999098347
2026-01-29T01:18:55.264689,LIMOUS,66cfe152-c039-4c8b-a59a-6ba26508c627,2,numerical,NUM-DIV-0,integer,0,4,4,0,4,4,7,0,4,7,0,What is 2000 divided by 100?,20,20,1,2.009803533554077,4.846438433621667,0.16822475781864732
2026-01-29T01:19:03.288743,LIMOUS,66cfe152-c039-4c8b-a59a-6ba26508c627,3,numerical,NUM-DIV-4,integer,4,6,2,4,6,6,7,0,6,7,0,What is 1200 divided by 150?,8,8,1,8.019036293029785,5.042067967760873,0.18786577460511475
2026-01-29T01:19:10.049723,LIMOUS,66cfe152-c039-4c8b-a59a-6ba26508c627,4,numerical,NUM-DIV-6,integer,6,9,3,6,9,9,7,0,9,7,0,What is 3600 divided by 300?,12,12,1,6.755672216415405,5.14232397213587,0.19832818426131643
2026-01-29T01:19:11.632761,LIMOUS,66cfe152-c039-4c8b-a59a-6ba26508c627,5,pattern,PAT-CP-0-2-5,integer,0,4,4,0,4,9,7,4,9,7,4,"7, 1, 7, 1, 7, ?",1,1,1,1.5779261589050293,3.9525498710058073,0.3793267767738052
2026-01-29T01:19:13.578777,LIMOUS,66cfe152-c039-4c8b-a59a-6ba26508c627,6,pattern,PAT-CP-4-2-4,integer,4,7,3,4,7,9,7,7,9,7,7,"4, 5, 4, 5, ?",4,4,1,1.9402425289154053,4.118268715917318,0.41142363760820977
2026-01-29T01:19:17.699155,LIMOUS,66cfe152-c039-4c8b-a59a-6ba26508c627,7,numerical,NUM-RATIOSCALING-9,integer,9,11,2,9,11,11,7,7,11,7,7,"7 -> 35, 6 -> ?",30,30,1,4.11480450630188,3.854315797189609,0.5649736939917785
2026-01-29T01:19:22.289299,LIMOUS,66cfe152-c039-4c8b-a59a-6ba26508c627,8,pattern,PAT-AP-7-5-7,integer,7,10,3,7,10,11,7,10,11,7,10,"-47, -45, -43, -41, -39, ?",-37,-37,1,4.58491587638855,5.564132704160823,0.3895699068285874
2026-01-29T01:19:27.914955,LIMOUS,66cfe152-c039-4c8b-a59a-6ba26508c627,9,logical,LOG-IMP-7-4-3,yesno,7,9,2,7,9,11,9,10,11,9,10,"D is True.
C is True.
If A is True, then C is True.
If D is True, then C is True.
If C is True, then A is True.
Is A True?",yes,yes,1,5.620298624038696,6.505483590843153,0.41615155065692994
2026-01-29T01:19:31.099071,LIMOUS,66cfe152-c039-4c8b-a59a-6ba26508c627,10,logical,LOG-IMP-9-4-3,yesno,9,12,3,9,12,11,12,10,11,12,10,"B is True.
C is True.
If C is True, then D is True.
If D is True, then A is True.
If C is True, then A is True.
Is A True?",yes,yes,1,3.1779673099517822,6.630022043527737,0.43255601125616755
2026-01-29T01:19:34.555569,LIMOUS,66cfe152-c039-4c8b-a59a-6ba26508c627,11,logical,LOG-BOOL-12-3-2,boolean,12,16,4,12,16,11,16,10,11,16,10,"A is False.
B is False.
C is True.
What is: ((A OR C) AND A)?",False,f,1,3.450517416000366,8.806904915709707,0.32724406124034466
2026-01-29T01:19:41.826115,LIMOUS,66cfe152-c039-4c8b-a59a-6ba26508c627,12,logical,LOG-COMP-16-8,yesno,16,19,3,16,19,11,19,10,11,19,10,F is heavier than E. C is heavier than A. E is heavier than D. A is heavier than H. Is D heavier than F?,no,no,1,7.264387130737305,13.590457901995588,0.7882559047525247
2026-01-29T01:19:47.266180,LIMOUS,66cfe152-c039-4c8b-a59a-6ba26508c627,13,pattern,PAT-MP-10-6-2,integer,10,13,3,10,13,11,19,13,11,19,13,"8, 16, 32, 64, 128, 256, ?",512,512,1,5.433892488479614,9.734286555742376,0.4770966581068511
2026-01-29T01:19:51.169009,LIMOUS,66cfe152-c039-4c8b-a59a-6ba26508c627,14,pattern,PAT-CP-13-4-7,integer,13,15,2,13,15,11,19,15,11,19,15,"11, 11, 8, 5, 11, 11, 8, ?",5,5,1,3.897596597671509,4.511693908279881,0.48603975754849554
2026-01-29T01:20:16.330986,LIMOUS,66cfe152-c039-4c8b-a59a-6ba26508c627,15,pattern,PAT-MIXED-15-3-8-8,integer,15,17,2,15,17,11,19,17,11,19,17,"14, 20, 80, 640, 646, 2584, 20672, ?",20678,20678,1,25.15640616416931,15.975131508433947,0.3356351708492951
2026-01-29T01:20:23.433682,LIMOUS,66cfe152-c039-4c8b-a59a-6ba26508c627,16,pattern,PAT-MP-17-6-2,integer,17,19,2,17,19,11,19,19,11,19,19,"19, 38, 76, 152, 304, 608, ?",1216,1216,1,7.096400022506714,10.370722996265759,0.5357858343559114
2026-01-29T01:20:26.728532,LIMOUS,66cfe152-c039-4c8b-a59a-6ba26508c627,17,pattern,PAT-AP-19-7-15,integer,19,22,3,19,22,11,19,22,11,19,22,"47, 48, 49, 50, 51, 52, 53, ?",54,54,1,3.288484811782837,6.245361008079064,0.48846451998410145
2026-01-29T01:20:29.193769,LIMOUS,66cfe152-c039-4c8b-a59a-6ba26508c627,18,numerical,NUM-RATIO-INVERSE-11,integer,11,14,3,11,14,14,19,22,14,19,22,"42 -> 6, 14 -> ?",2,2,1,2.4596898555755615,3.5658388317293257,0.8495518808931755
2026-01-29T01:20:36.947178,LIMOUS,66cfe152-c039-4c8b-a59a-6ba26508c627,19,pattern,PAT-MIXED-22-2-9-10,integer,22,26,4,22,26,14,19,26,14,19,26,"17, 25, 32, 40, 47, 55, 62, 70, ?",77,77,1,7.7476136684417725,16.981587989592867,0.3898980837222518
2026-01-29T01:21:06.640596,LIMOUS,66cfe152-c039-4c8b-a59a-6ba26508c627,20,pattern,PAT-MIXED-26-3-14-12,integer,26,27,1,26,27,14,19,27,14,19,27,"15, 27, 29, 174, 186, 188, 1128, 1140, 1142, 6852, 6864, 6866, 41196, ?",41208,41208,1,29.68726396560669,17.583275618980608,0.42228086136008
2026-01-29T01:21:23.056290,LIMOUS,66cfe152-c039-4c8b-a59a-6ba26508c627,21,pattern,PAT-MIXED-27-4-13-12,integer,27,29,2,27,29,14,19,29,14,19,29,"4, 7, 14, 16, 22, 25, 32, 34, 40, 43, 50, 52, ?",58,58,1,16.410477876663208,17.73681741081515,0.4304939027708259
2026-01-29T01:21:25.987014,LIMOUS,66cfe152-c039-4c8b-a59a-6ba26508c627,22,numerical,NUM-SQUARE-14,integer,14,18,4,14,18,18,19,29,18,19,29,What is 7^2?,49,49,1,2.925041437149048,6.026624828412845,0.23244094174814192
2026-01-29T01:21:45.474188,LIMOUS,66cfe152-c039-4c8b-a59a-6ba26508c627,23,pattern,PAT-AP-29-11-35,integer,29,30,1,29,30,18,19,30,18,19,30,"22, -7, -36, -65, -94, -123, -152, -181, -210, -239, -268, ?",-297,-297,1,19.481215476989746,6.866754438341546,0.571912528349475
2026-01-29T01:21:51.048266,LIMOUS,66cfe152-c039-4c8b-a59a-6ba26508c627,24,logical,LOG-BOOL-19-3-2,boolean,19,23,4,19,23,18,23,30,18,23,30,"A is True.
B is True.
C is False.
What is: (NOT ((C OR A) OR (NOT A)))?",False,f,1,5.568808555603027,9.388356847768165,0.3809282063077998
2026-01-29T01:22:27.544565,LIMOUS,66cfe152-c039-4c8b-a59a-6ba26508c627,25,pattern,PAT-MIXED-30-4-13-12,integer,30,31,1,30,31,18,23,31,18,23,31,"9, 17, 187, 198, 201, 209, 2299, 2310, 2313, 2321, 25531, 25542, ?",25545,25545,1,36.49107384681702,18.205096509322143,0.45534585573734554
2026-01-29T01:22:29.816356,LIMOUS,66cfe152-c039-4c8b-a59a-6ba26508c627,26,numerical,NUM-DIV-18,integer,18,17,-1,18,17,17,23,31,17,23,31,What is 7500 divided by 2500?,3,]3,0,2.2667582035064697,5.779776798006093,0.2701610127974433
2026-01-29T01:22:34.082815,LIMOUS,66cfe152-c039-4c8b-a59a-6ba26508c627,27,numerical,NUM-NEARBOUNDARY-17,integer,17,20,3,17,20,20,23,31,20,23,31,What is 195 - 187?,8,8,1,4.261232376098633,5.5093847864608065,0.26808549483074323
2026-01-29T01:22:43.754500,LIMOUS,66cfe152-c039-4c8b-a59a-6ba26508c627,28,logical,LOG-BOOL-23-5-4,boolean,23,25,2,23,25,20,25,31,20,25,31,"A is False.
B is True.
C is False.
D is True.
E is False.
What is: ((((E OR C) AND (NOT E)) OR (NOT B)) AND C)?",False,f,1,9.66515851020813,9.735964957162347,0.41307039103007576
2026-01-29T01:22:54.113448,LIMOUS,66cfe152-c039-4c8b-a59a-6ba26508c627,29,logical,LOG-COMP-25-24,yesno,25,27,2,25,27,20,27,31,20,27,31,J is larger than U. L is larger than W. H is larger than M. C is larger than K. H is larger than L. T is larger than F. E is larger than M. M is larger than Q. G is larger than W. F is larger than C. U is larger than L. W is larger than I. Is T larger than C?,yes,yes,1,10.352252006530762,14.711980437320634,0.8343356600415766
2026-01-29T01:23:15.440908,LIMOUS,66cfe152-c039-4c8b-a59a-6ba26508c627,30,pattern,PAT-MP-31-8-3,integer,31,32,1,31,32,20,27,32,20,27,32,"15, 45, 135, 405, 1215, 3645, 10935, 32805, ?",98415,98415,1,21.305163383483887,11.759036203825765,0.6487434739847687
2026-01-29T01:23:20.384947,LIMOUS,66cfe152-c039-4c8b-a59a-6ba26508c627,31,logical,LOG-IMP-27-9-7,yesno,27,30,3,27,30,20,30,32,20,30,32,"B is True.
E is True.
If H is True, then F is True.
If E is True, then I is True.
If I is True, then C is True.
If C is True, then F is True.
If D is True, then I is True.
If C is True, then H is True.
If B is True, then G is True.
Is G True?",yes,yes,1,4.938106536865234,7.848095640842921,0.5824952942616046
2026-01-29T01:23:26.169144,LIMOUS,66cfe152-c039-4c8b-a59a-6ba26508c627,32,numerical,NUM-RATIOSCALING-20,integer,20,22,2,20,22,22,30,32,22,30,32,"6 -> 54, 5 -> ?",45,45,1,5.77887749671936,4.314190841816247,0.652662256987942
2026-01-29T01:23:38.313819,LIMOUS,66cfe152-c039-4c8b-a59a-6ba26508c627,33,logical,LOG-IMP-30-7-8,yesno,30,31,1,30,31,22,31,32,22,31,32,"B is True.
G is True.
If D is True, then G is True.
If F is True, then B is True.
If A is True, then E is True.
If C is True, then F is True.
If C is True, then G is True.
If F is True, then E is True.
If B is True, then C is True.
If D is True, then A is True.
Is F True?",yes,yes,1,12.135499477386475,8.0692312883412,0.6067730428447851
2026-01-29T01:23:47.327557,LIMOUS,66cfe152-c039-4c8b-a59a-6ba26508c627,34,pattern,PAT-AP-32-12-30,integer,32,34,2,32,34,22,31,34,22,31,34,"-43, -13, 17, 47, 77, 107, 137, 167, 197, 227, 257, 287, ?",317,317,1,9.008577108383179,7.063363958293216,0.5963792510589799
2026-01-29T01:24:06.375301,LIMOUS,19824f33-c080-4fcc-b5b8-853743909886,0,logical,LOG-BOOL-0-2-1,boolean,0,4,4,0,4,0,4,0,0,4,0,"A is True.
B is False.
What is: (B AND A)?",False,f,1,2.9224884510040283,7.8848333729712685,0.24533548435381258
2026-01-29T01:24:08.704872,LIMOUS,19824f33-c080-4fcc-b5b8-853743909886,1,pattern,PAT-AP-0-4-5,integer,0,4,4,0,4,0,4,4,0,4,4,"20, 25, 30, 35, ?",40,40,1,2.323915958404541,5.196728339923719,0.3353275639326408
2026-01-29T01:24:10.592103,LIMOUS,19824f33-c080-4fcc-b5b8-853743909886,2,pattern,PAT-CP-4-2-4,integer,4,7,3,4,7,0,4,7,0,4,7,"6, 11, 6, 11, ?",6,6,1,1.881143569946289,4.118268715917318,0.41142363760820977
2026-01-29T01:24:13.608851,LIMOUS,19824f33-c080-4fcc-b5b8-853743909886,3,logical,LOG-IMP-4-3-2,yesno,4,8,4,4,8,0,8,7,0,8,7,"B is True.
If B is True, then A is True.
If A is True, then B is True.
Is A True?",yes,yes,1,3.0114567279815674,6.3224769036300446,0.39189954840717167
2026-01-29T01:24:16.169024,LIMOUS,19824f33-c080-4fcc-b5b8-853743909886,4,logical,LOG-IMP-8-4-3,yesno,8,11,3,8,11,0,11,7,0,11,7,"D is True.
B is True.
If B is True, then A is True.
If C is True, then B is True.
If C is True, then D is True.
Is A True?",yes,yes,1,2.55389666557312,6.567496630026932,0.4243329413343793
2026-01-29T01:24:22.776830,LIMOUS,19824f33-c080-4fcc-b5b8-853743909886,5,pattern,PAT-AP-7-5-7,integer,7,10,3,7,10,0,11,10,0,11,10,"-50, -48, -46, -44, -42, ?",-40,-40,1,6.6020731925964355,5.564132704160823,0.3895699068285874
2026-01-29T01:24:27.650076,LIMOUS,19824f33-c080-4fcc-b5b8-853743909886,6,pattern,PAT-CP-10-4-7,integer,10,12,2,10,12,0,11,12,0,11,12,"8, 5, 8, 17, 8, 5, 8, ?",17,17,1,4.867741823196411,4.377301922623209,0.4609302913034995
2026-01-29T01:24:30.408953,LIMOUS,19824f33-c080-4fcc-b5b8-853743909886,7,numerical,NUM-RATIOSCALING-0,integer,0,2,2,0,2,2,11,12,2,11,12,"5 -> 10, 4 -> ?",8,8,1,2.752981662750244,3.5078143117880076,0.48978764818904535
2026-01-29T01:24:33.408963,LIMOUS,19824f33-c080-4fcc-b5b8-853743909886,8,pattern,PAT-CP-12-3-7,integer,12,15,3,12,15,2,11,15,2,11,15,"6, 5, 10, 6, 5, 10, 6, ?",5,5,1,2.993992328643799,4.466527467247458,0.4776558048181517
2026-01-29T01:24:39.025898,LIMOUS,19824f33-c080-4fcc-b5b8-853743909886,9,numerical,NUM-DIV-2,integer,2,5,3,2,5,5,11,15,5,11,15,What is 520 divided by 40?,13,13,1,5.611194610595703,4.943448358089058,0.17783285675583152
2026-01-29T01:25:09.794157,LIMOUS,19824f33-c080-4fcc-b5b8-853743909886,10,pattern,PAT-MIXED-15-3-7-8,integer,15,17,2,15,17,5,11,17,5,11,17,"20, 140, 145, 1015, 7105, 7110, ?",49770,49770,1,30.762252807617188,15.975131508433947,0.3356351708492951
2026-01-29T01:25:17.497955,LIMOUS,19824f33-c080-4fcc-b5b8-853743909886,11,logical,LOG-COMP-11-7,yesno,11,14,3,11,14,5,14,17,5,14,17,A is faster than F. E is faster than F. F is faster than C. Is E faster than C?,yes,yes,1,7.697771787643433,13.002356794155794,0.7588783723871598
2026-01-29T01:25:21.658112,LIMOUS,19824f33-c080-4fcc-b5b8-853743909886,12,logical,LOG-COMP-14-7,yesno,14,17,3,14,17,5,17,17,5,17,17,D is larger than G. A is larger than C. B is larger than D. Is B larger than G?,yes,yes,1,4.153442621231079,13.352310090533429,0.7768291149009564
2026-01-29T01:25:25.697744,LIMOUS,19824f33-c080-4fcc-b5b8-853743909886,13,logical,LOG-CONSTRAINT-17-5-4,yesno,17,20,3,17,20,5,20,17,5,20,17,"E is faster than A.
A is faster than B.
D is faster than C.
E is faster than C.
Is B faster than E?",no,no,1,4.0329790115356445,8.927012259811042,0.8325317802269973
2026-01-29T01:25:31.953701,LIMOUS,19824f33-c080-4fcc-b5b8-853743909886,14,logical,LOG-BOOL-20-5-3,boolean,20,24,4,20,24,5,24,17,5,24,17,"A is True.
B is False.
C is False.
D is False.
E is False.
What is: (NOT (((A OR (NOT B)) OR (NOT A)) AND A))?",False,f,1,6.249985933303833,9.474189235842628,0.3888783510634424
2026-01-29T01:25:42.713518,LIMOUS,19824f33-c080-4fcc-b5b8-853743909886,15,logical,LOG-BOOL-24-4-4,boolean,24,26,2,24,26,5,26,17,5,26,17,"A is False.
B is True.
C is False.
D is False.
What is: (NOT ((((A AND B) OR A) OR (NOT C)) AND A))?",True,t,1,10.75289273262024,9.824669410047495,0.4212349104916294
2026-01-29T01:25:56.327872,LIMOUS,19824f33-c080-4fcc-b5b8-853743909886,16,logical,LOG-COMP-26-19,yesno,26,28,2,26,28,5,28,17,5,28,17,G is faster than Q. H is faster than F. M is faster than Q. N is faster than E. Q is faster than I. D is faster than K. H is faster than K. B is faster than M. D is faster than B. Is B faster than I?,yes,yes,1,13.606428146362305,14.841798542539472,0.8389252358310357
2026-01-29T01:25:59.448459,LIMOUS,19824f33-c080-4fcc-b5b8-853743909886,17,pattern,PAT-CP-17-5-8,integer,17,20,3,17,20,5,28,20,5,28,20,"12, 2, 1, 5, 14, 12, 2, 1, ?",5,5,1,3.11489200592041,4.696122449491209,0.5196069308300454
2026-01-29T01:26:11.191133,LIMOUS,19824f33-c080-4fcc-b5b8-853743909886,18,logical,LOG-BOOL-28-6-3,boolean,28,30,2,28,30,5,30,20,5,30,20,"A is True.
B is False.
C is True.
D is False.
E is False.
F is False.
What is: (((C AND E) AND (NOT B)) AND (NOT B))?",False,f,1,11.736813068389893,10.186877112726869,0.45428240616021087
2026-01-29T01:26:15.327509,LIMOUS,19824f33-c080-4fcc-b5b8-853743909886,19,pattern,PAT-CP-20-6-10,integer,20,22,2,20,22,5,30,22,5,30,22,"14, 18, 15, 11, 15, 13, 14, 18, 15, 11, ?",15,15,1,4.131111145019531,4.838482543372122,0.5446831120578146
2026-01-29T01:26:17.608229,LIMOUS,19824f33-c080-4fcc-b5b8-853743909886,20,numerical,NUM-DIV-5,integer,5,9,4,5,9,9,30,22,9,30,22,What is 3600 divided by 600?,6,6,1,2.2755327224731445,5.091989734040255,0.19304306187590567
2026-01-29T01:26:20.320661,LIMOUS,19824f33-c080-4fcc-b5b8-853743909886,21,pattern,PAT-CP-22-6-10,integer,22,25,3,22,25,9,30,25,9,30,25,"19, 12, 2, 15, 20, 16, 19, 12, 2, 15, ?",20,20,1,2.7070729732513428,4.935360455791333,0.56128339242123
2026-01-29T01:26:27.512358,LIMOUS,19824f33-c080-4fcc-b5b8-853743909886,22,logical,LOG-CONSTRAINT-30-9-8,yesno,30,32,2,30,32,9,32,25,9,32,25,"H is above G.
D is above C.
I is above E.
H is above E.
B is above C.
E is above B.
B is above D.
I is above G.
Is C above H?",no,no,1,7.186122417449951,10.04777426273716,0.8849565840868618
2026-01-29T01:26:38.160655,LIMOUS,19824f33-c080-4fcc-b5b8-853743909886,23,logical,LOG-BOOL-32-6-5,boolean,32,34,2,32,34,9,34,25,9,34,25,"A is True.
B is True.
C is False.
D is True.
E is True.
F is False.
What is: (NOT (((((D OR (NOT B)) AND B) OR (NOT D)) AND B) AND B))?",False,f,1,10.642696380615234,10.561204762437464,0.4877376787236405
2026-01-29T01:26:41.183149,LIMOUS,19824f33-c080-4fcc-b5b8-853743909886,24,numerical,NUM-SQUARE-9,integer,9,13,4,9,13,13,34,25,13,34,25,What is 3^2?,9,9,1,3.0169601440429688,5.743400965685483,0.20383695584139053
2026-01-29T01:26:45.663623,LIMOUS,19824f33-c080-4fcc-b5b8-853743909886,25,pattern,PAT-AP-25-9-30,integer,25,28,3,25,28,13,34,28,13,34,28,"-20, 10, 40, 70, 100, 130, 160, 190, 220, ?",250,250,1,4.472772121429443,6.612045369497587,0.5387558685117012
2026-01-29T01:26:48.230827,LIMOUS,19824f33-c080-4fcc-b5b8-853743909886,26,numerical,NUM-RATIO-INVERSE-13,integer,13,16,3,13,16,16,34,28,16,34,28,"18 -> 3, 12 -> ?",2,2,1,2.560478448867798,3.641599773236745,0.8579360718767529
2026-01-29T01:26:49.992420,LIMOUS,19824f33-c080-4fcc-b5b8-853743909886,27,numerical,NUM-SQUARE-16,integer,16,20,4,16,20,20,34,28,20,34,28,What is 12^2?,144,144,1,1.7565820217132568,6.14321757998361,0.24463800274315345
2026-01-29T01:26:51.513559,LIMOUS,19824f33-c080-4fcc-b5b8-853743909886,28,numerical,NUM-SQUARE-20,integer,20,24,4,20,24,24,34,28,24,34,28,What is 3^2?,9,9,1,1.5152881145477295,6.382239053192132,0.27030137321085984
2026-01-29T01:27:01.928549,LIMOUS,19824f33-c080-4fcc-b5b8-853743909886,29,logical,LOG-BOOL-34-6-3,boolean,34,36,2,34,36,24,36,28,24,36,28,"A is False.
B is True.
C is True.
D is False.
E is True.
F is True.
What is: (NOT (((A AND C) AND (NOT B)) AND (NOT C)))?",True,t,1,10.408616781234741,10.753039776778209,0.5045255267676751
2026-01-29T01:27:16.256794,LIMOUS,19824f33-c080-4fcc-b5b8-853743909886,30,logical,LOG-BOOL-36-6-5,boolean,36,38,2,36,38,24,38,28,24,38,28,"A is True.
B is True.
C is True.
D is True.
E is True.
F is True.
What is: (NOT (((((E OR C) AND (NOT C)) AND C) OR (NOT F)) OR C))?",False,f,1,14.322187185287476,10.948057908578015,0.5213031766742392
2026-01-29T01:27:28.784512,LIMOUS,19824f33-c080-4fcc-b5b8-853743909886,31,pattern,PAT-MP-28-7-3,integer,28,30,2,28,30,24,38,30,24,38,30,"21, 63, 189, 567, 1701, 5103, 15309, ?",45927,45927,1,12.522191047668457,11.447931806696308,0.6254574739374025
2026-01-29T01:27:42.702494,LIMOUS,19824f33-c080-4fcc-b5b8-853743909886,32,numerical,NUM-SQUARE-24,integer,24,26,2,24,26,26,38,30,26,38,30,What is 17^2?,289,289,1,13.911561489105225,6.629258499865,0.2975962607247852
2026-01-29T01:27:47.625595,LIMOUS,19824f33-c080-4fcc-b5b8-853743909886,33,numerical,NUM-NEARBOUNDARY-26,integer,26,29,3,26,29,29,38,30,29,38,30,What is 2001 + 1953?,3954,3954,1,4.916879892349243,6.009740688801563,0.3313401456545489
2026-01-29T01:27:51.566775,LIMOUS,19824f33-c080-4fcc-b5b8-853743909886,34,logical,LOG-IMP-38-7-8,yesno,38,41,3,38,41,29,41,30,29,41,30,"B is True.
C is True.
If A is True, then E is True.
If E is True, then C is True.
If C is True, then F is True.
If G is True, then E is True.
If C is True, then D is True.
If G is True, then A is True.
If D is True, then B is True.
If G is True, then C is True.
Is D True?",yes,yes,1,3.9350695610046387,8.686322601694776,0.6687229406260163
2026-01-29T01:27:56.272240,LIMOUS,19824f33-c080-4fcc-b5b8-853743909886,35,numerical,NUM-RATIO-INVERSE-29,integer,29,31,2,29,31,31,41,30,31,41,30,"60 -> 4, 120 -> ?",8,8,1,4.699387788772583,4.294739442867602,0.911778486638825
2026-01-29T01:28:02.440935,LIMOUS,19824f33-c080-4fcc-b5b8-853743909886,36,numerical,NUM-NEARBOUNDARY-31,integer,31,34,3,31,34,34,41,30,34,41,30,What is 1034 + 2048?,3082,3082,1,6.162927150726318,6.3041508602717276,0.36953185001360933
2026-01-29T01:28:10.272987,LIMOUS,19824f33-c080-4fcc-b5b8-853743909886,37,numerical,NUM-SQUARE-34,integer,34,37,3,34,37,37,41,30,37,41,30,What is 38^2?,1444,1444,1,7.826181888580322,7.2835766358839,0.37215987818666396
2026-01-29T01:28:13.326940,LIMOUS,19824f33-c080-4fcc-b5b8-853743909886,38,numerical,NUM-RATIOSCALING-37,integer,37,40,3,37,40,40,41,30,40,41,30,"10 -> 90, 6 -> ?",54,54,1,3.046278476715088,5.11205995767238,0.7688158332424369
2026-01-29T01:28:20.440390,LIMOUS,19824f33-c080-4fcc-b5b8-853743909886,39,logical,LOG-BOOL-41-4-3,boolean,41,44,3,41,44,40,44,30,40,44,30,"A is False.
B is True.
C is True.
D is True.
What is: (NOT (((C OR (NOT C)) OR (NOT A)) AND B))?",False,f,1,7.107896089553833,11.449878151831737,0.5629562555785806
2026-01-29T01:28:29.855713,LIMOUS,19824f33-c080-4fcc-b5b8-853743909886,40,numerical,NUM-NEARBOUNDARY-40,integer,40,42,2,40,42,42,44,30,42,44,30,What is 982 + 990?,1972,1972,1,9.409778594970703,6.86559792699389,0.442259262990412
2026-01-29T01:28:39.017286,LIMOUS,19824f33-c080-4fcc-b5b8-853743909886,41,pattern,PAT-AP-30-10-30,integer,30,32,2,30,32,42,44,32,42,44,32,"43, 32, 21, 10, -1, -12, -23, -34, -45, -56, ?",-67,-67,1,9.155370712280273,6.931752428854672,0.5801135082810724
2026-01-29T01:28:41.376754,LIMOUS,19824f33-c080-4fcc-b5b8-853743909886,42,numerical,NUM-DIV-42,integer,42,45,3,42,45,45,44,32,45,44,32,What is 4500 divided by 300?,15,15,1,2.3534319400787354,7.260013376906315,0.45317136362734417
2026-01-29T01:28:49.215095,LIMOUS,19824f33-c080-4fcc-b5b8-853743909886,43,logical,LOG-COMP-44-19,yesno,44,47,3,44,47,45,47,32,45,47,32,F is faster than G. A is faster than D. E is faster than Q. G is faster than J. Q is faster than S. I is faster than G. B is faster than N. S is faster than D. S is faster than F. Is I faster than J?,yes,yes,1,7.831593036651611,17.370818305335828,0.905055905330063
2026-01-29T01:28:57.265002,LIMOUS,19824f33-c080-4fcc-b5b8-853743909886,44,logical,LOG-IMP-47-7-6,yesno,47,49,2,47,49,45,49,32,45,49,32,"F is True.
E is True.
If D is True, then C is True.
If A is True, then E is True.
If G is True, then D is True.
If E is True, then C is True.
If G is True, then E is True.
If E is True, then G is True.
Is C True?",yes,yes,1,8.04402780532837,9.430879705741747,0.731970375528425
2026-01-29T01:29:00.137035,LIMOUS,19824f33-c080-4fcc-b5b8-853743909886,45,logical,LOG-IMP-49-7-6,yesno,49,52,3,49,52,45,52,32,45,52,32,"A is True.
E is True.
If C is True, then D is True.
If G is True, then A is True.
If D is True, then B is True.
If E is True, then B is True.
If A is True, then G is True.
If F is True, then A is True.
Is G True?",yes,yes,1,2.8658604621887207,9.6039592419194,0.744939883378693
2026-01-29T01:29:10.862248,LIMOUS,19824f33-c080-4fcc-b5b8-853743909886,46,logical,LOG-CONSTRAINT-52-9-7,yesno,52,54,2,52,54,45,54,32,45,54,32,"H is left of G.
F is left of C.
F is left of I.
B is left of E.
C is left of D.
E is left of F.
A is left of B.
Is F left of A?",no,no,1,10.719560384750366,12.24015389879201,0.9415308561206946
2026-01-29T01:56:23.392202,LIMOUS,22762322-99ff-4319-8829-d8a071f936b3,0,pattern,PAT-MIXED-0-2-4-3,integer,0,4,4,0,4,0,0,4,0,0,4,"11, 22, 66, ?",132,132,1,4.97477388381958,13.63528515349989,0.22733363661919606
2026-01-29T01:56:26.536450,LIMOUS,22762322-99ff-4319-8829-d8a071f936b3,1,logical,LOG-BOOL-0-2-1,boolean,0,4,4,0,4,0,4,4,0,4,4,"A is False.
B is False.
What is: (A AND A)?",False,f,1,3.1382501125335693,7.399081219697985,0.25184310855778747
2026-01-29T01:56:28.808446,LIMOUS,22762322-99ff-4319-8829-d8a071f936b3,2,numerical,NUM-RATIO-INVERSE-0,integer,0,3,3,0,3,3,4,4,3,4,4,"8 -> 4, 10 -> ?",5,5,1,2.2665226459503174,3.135743570918298,0.6116372037122302
2026-01-29T01:56:31.729203,LIMOUS,22762322-99ff-4319-8829-d8a071f936b3,3,pattern,PAT-MP-4-4-2,integer,4,8,4,4,8,3,4,8,3,4,8,"4, 8, 16, 32, ?",64,64,1,2.9151766300201416,9.0945354479875,0.3406985316379694
2026-01-29T01:56:35.728563,LIMOUS,22762322-99ff-4319-8829-d8a071f936b3,4,numerical,NUM-DIV-3,integer,3,6,3,3,6,6,4,8,6,4,8,What is 750 divided by 50?,15,15,1,3.994386911392212,4.828536845717593,0.17429536031396947
2026-01-29T01:56:39.617896,LIMOUS,22762322-99ff-4319-8829-d8a071f936b3,5,logical,LOG-IMP-4-3-2,yesno,4,7,3,4,7,6,7,8,6,7,8,"B is True.
C is True.
If B is True, then A is True.
If A is True, then B is True.
Is A True?",yes,yes,1,3.883855104446411,6.108377537894393,0.4193684840972167
2026-01-29T01:56:45.144025,LIMOUS,22762322-99ff-4319-8829-d8a071f936b3,6,logical,LOG-COMP-7-4,yesno,7,10,3,7,10,6,10,8,6,10,8,A is faster than D. C is faster than A. Is D faster than C?,no,no,1,5.520976781845093,11.94130568172641,0.4482142594793545
2026-01-29T01:56:49.112630,LIMOUS,22762322-99ff-4319-8829-d8a071f936b3,7,logical,LOG-IMP-10-5-3,yesno,10,13,3,10,13,6,13,8,6,13,8,"E is True.
C is True.
If B is True, then A is True.
If C is True, then E is True.
If E is True, then B is True.
Is B True?",yes,yes,1,3.9601218700408936,6.466904991046745,0.4696616278156733
2026-01-29T01:56:55.800845,LIMOUS,22762322-99ff-4319-8829-d8a071f936b3,8,logical,LOG-BOOL-13-3-2,boolean,13,16,3,13,16,6,16,8,6,16,8,"A is False.
B is False.
C is False.
What is: (NOT ((C OR (NOT A)) AND B))?",True,t,1,6.683042764663696,8.344019797902034,0.3436429152402845
2026-01-29T01:57:01.024364,LIMOUS,22762322-99ff-4319-8829-d8a071f936b3,9,pattern,PAT-AP-8-5-7,integer,8,10,2,8,10,6,16,10,6,16,10,"-29, -25, -21, -17, -13, ?",-9,-9,1,5.218114852905273,5.855465362382091,0.42138474169211143
2026-01-29T01:57:03.922128,LIMOUS,22762322-99ff-4319-8829-d8a071f936b3,10,numerical,NUM-RATIO-INVERSE-6,integer,6,8,2,6,8,8,16,10,8,16,10,"40 -> 10, 28 -> ?",7,7,1,2.891940116882324,3.3443393582787673,0.6588251279784676
2026-01-29T01:57:07.120947,LIMOUS,22762322-99ff-4319-8829-d8a071f936b3,11,pattern,PAT-CP-10-3-7,integer,10,12,2,10,12,8,16,12,8,16,12,"4, 13, 5, 4, 13, 5, 4, ?",13,13,1,3.1930136680603027,4.234804094550455,0.5011635843802991
2026-01-29T01:57:18.721289,LIMOUS,22762322-99ff-4319-8829-d8a071f936b3,12,pattern,PAT-MIXED-12-3-6-6,integer,12,15,3,12,15,8,16,15,8,16,15,"6, 12, 36, 216, 222, ?",666,666,1,11.593761682510376,15.148845059848309,0.30667689244251306
2026-01-29T01:57:26.256281,LIMOUS,22762322-99ff-4319-8829-d8a071f936b3,13,logical,LOG-COMP-16-11,yesno,16,19,3,16,19,8,19,15,8,19,15,G is taller than K. C is taller than G. B is taller than A. H is taller than G. G is taller than B. Is K taller than C?,no,no,1,7.529144287109375,12.932636447128228,0.5244572109998924
2026-01-29T01:57:32.577455,LIMOUS,22762322-99ff-4319-8829-d8a071f936b3,14,logical,LOG-COMP-19-10,yesno,19,22,3,19,22,8,22,15,8,22,15,E is taller than J. J is taller than I. H is taller than J. A is taller than D. A is taller than H. Is I taller than A?,no,no,1,6.315659999847412,13.27967669467357,0.5497940938874097
2026-01-29T01:57:37.016788,LIMOUS,22762322-99ff-4319-8829-d8a071f936b3,15,pattern,PAT-MP-15-6-2,integer,15,18,3,15,18,8,22,18,8,22,18,"10, 20, 40, 80, 160, 320, ?",640,640,1,4.43415904045105,10.047523310386888,0.4288773712931705
2026-01-29T01:57:40.337159,LIMOUS,22762322-99ff-4319-8829-d8a071f936b3,16,logical,LOG-IMP-22-6-5,yesno,22,25,3,22,25,8,25,18,8,25,18,"F is True.
If D is True, then A is True.
If F is True, then D is True.
If D is True, then C is True.
If F is True, then E is True.
If E is True, then A is True.
Is E True?",yes,yes,1,3.314425468444824,7.239121446033865,0.571071573803865
2026-01-29T01:57:52.505405,LIMOUS,22762322-99ff-4319-8829-d8a071f936b3,17,pattern,PAT-MIXED-18-2-8-8,integer,18,17,-1,18,17,8,25,17,8,25,17,"8, 16, 20, 40, 44, 88, 92, ?",184,194,0,12.16290807723999,15.963349390800662,0.35164008622208587
2026-01-29T01:58:01.529723,LIMOUS,22762322-99ff-4319-8829-d8a071f936b3,18,pattern,PAT-CP-17-4-11,integer,17,18,1,17,18,8,25,18,8,25,18,"6, 3, 6, 2, 6, 3, 6, 2, 6, 3, 6, ?",2,2,1,9.019282579421997,4.544115418162634,0.5603284675678182
2026-01-29T01:58:10.786242,LIMOUS,22762322-99ff-4319-8829-d8a071f936b3,19,pattern,PAT-MP-18-6-3,integer,18,20,2,18,20,8,25,20,8,25,20,"14, 42, 126, 378, 1134, 3402, ?",10206,10206,1,9.251571655273438,10.322699888699873,0.45400512316112407
2026-01-29T01:58:13.658280,LIMOUS,22762322-99ff-4319-8829-d8a071f936b3,20,numerical,NUM-SQUARE-8,integer,8,12,4,8,12,12,25,20,12,25,20,What is 9^2?,81,81,1,2.866485357284546,5.097150799716344,0.23388358798859107
2026-01-29T01:58:24.880481,LIMOUS,22762322-99ff-4319-8829-d8a071f936b3,21,logical,LOG-BOOL-25-6-5,boolean,25,27,2,25,27,12,27,20,12,27,20,"A is True.
B is True.
C is False.
D is True.
E is False.
F is True.
What is: (((((C OR (NOT B)) OR (NOT C)) AND E) AND (NOT B)) AND E)?",False,f,1,11.215733051300049,9.31036473630922,0.4404404601550025
2026-01-29T01:59:09.504654,LIMOUS,22762322-99ff-4319-8829-d8a071f936b3,22,pattern,PAT-MIXED-20-4-9-10,integer,20,22,2,20,22,12,27,22,12,27,22,"5, 12, 24, 144, 432, 439, 878, 5268, ?",15804,15804,1,44.61864185333252,16.243879807893933,0.3672847011978531
2026-01-29T01:59:14.560765,LIMOUS,22762322-99ff-4319-8829-d8a071f936b3,23,pattern,PAT-CP-22-5-13,integer,22,24,2,22,24,12,27,24,12,27,24,"13, 2, 5, 11, 3, 13, 2, 5, 11, 3, 13, 2, 5, ?",11,11,1,5.051208257675171,4.776179920986292,0.6016587983540552
2026-01-29T01:59:17.234448,LIMOUS,22762322-99ff-4319-8829-d8a071f936b3,24,logical,LOG-IMP-27-9-6,yesno,27,30,3,27,30,12,30,24,12,30,24,"E is True.
F is True.
If D is True, then C is True.
If G is True, then E is True.
If A is True, then D is True.
If H is True, then I is True.
If D is True, then E is True.
If F is True, then A is True.
Is A True?",yes,yes,1,2.6671268939971924,7.583992986011875,0.612091152255423
2026-01-29T01:59:25.305039,LIMOUS,22762322-99ff-4319-8829-d8a071f936b3,25,numerical,NUM-DIV-12,integer,12,14,2,12,14,14,30,24,14,30,24,What is 2520 divided by 180?,14,14,1,8.065078973770142,5.275014815911639,0.22275374102840756
2026-01-29T01:59:28.391971,LIMOUS,22762322-99ff-4319-8829-d8a071f936b3,26,numerical,NUM-DIV-14,integer,14,18,4,14,18,18,30,24,18,30,24,What is 1000 divided by 250?,4,4,1,3.081822156906128,5.378787513332399,0.23474023176875705
2026-01-29T01:59:30.496653,LIMOUS,22762322-99ff-4319-8829-d8a071f936b3,27,numerical,NUM-DIV-18,integer,18,22,4,18,22,22,30,24,22,30,24,What is 6000 divided by 600?,10,10,1,2.0986168384552,5.591509693743987,0.2600272823541525
2026-01-29T01:59:43.800207,LIMOUS,22762322-99ff-4319-8829-d8a071f936b3,28,pattern,PAT-MP-24-7-2,integer,24,26,2,24,26,22,30,26,22,30,26,"24, 48, 96, 192, 384, 768, 1536, ?",3072,3072,1,13.297732591629028,10.893786431622368,0.50484047498339
2026-01-29T01:59:51.921068,LIMOUS,22762322-99ff-4319-8829-d8a071f936b3,29,logical,LOG-COMP-30-16,yesno,30,33,3,30,33,22,33,26,22,33,26,M is taller than I. O is taller than B. I is taller than J. K is taller than M. N is taller than K. G is taller than M. L is taller than C. I is taller than H. Is H taller than M?,no,no,1,8.114460945129395,14.62776830712358,0.6395908467190834
2026-01-29T01:59:53.953325,LIMOUS,22762322-99ff-4319-8829-d8a071f936b3,30,numerical,NUM-NEARBOUNDARY-22,integer,22,25,3,22,25,25,33,26,25,33,26,What is 976 - 974?,2,2,1,2.0270729064941406,5.696456643934624,0.4056027431844018
2026-01-29T02:00:05.512047,LIMOUS,22762322-99ff-4319-8829-d8a071f936b3,31,numerical,NUM-NEARBOUNDARY-25,integer,25,26,1,25,26,26,33,26,26,33,26,What is 1966 - 1028?,938,938,1,11.553345918655396,5.863254936576985,0.4303944830039001
2026-01-29T02:00:14.872571,LIMOUS,22762322-99ff-4319-8829-d8a071f936b3,32,logical,LOG-CONSTRAINT-33-9-6,yesno,33,35,2,33,35,26,35,26,26,35,26,"B is faster than H.
C is faster than F.
F is faster than I.
A is faster than E.
A is faster than H.
I is faster than G.
Is C faster than I?",yes,yes,1,9.353998184204102,10.23692766786716,0.8908629289288136
2026-01-29T02:00:18.039881,LIMOUS,22762322-99ff-4319-8829-d8a071f936b3,33,numerical,NUM-RATIO-INVERSE-26,integer,26,28,2,26,28,28,35,26,28,35,26,"42 -> 6, 63 -> ?",9,9,1,3.1622438430786133,4.118674829574287,0.7920963613082083
2026-01-29T02:00:36.399528,LIMOUS,22762322-99ff-4319-8829-d8a071f936b3,34,logical,LOG-COMP-35-19,yesno,35,37,2,35,37,28,37,26,28,37,26,L is heavier than P. E is heavier than Q. B is heavier than E. S is heavier than K. H is heavier than L. J is heavier than I. K is heavier than B. D is heavier than H. K is heavier than D. Is S heavier than D?,yes,yes,1,18.35229778289795,15.281912387630086,0.6777552954674089
2026-01-29T02:00:52.888660,LIMOUS,22762322-99ff-4319-8829-d8a071f936b3,35,logical,LOG-BOOL-37-4-5,boolean,37,38,1,37,38,28,38,26,28,38,26,"A is False.
B is True.
C is True.
D is False.
What is: (((((D AND (NOT B)) OR C) OR (NOT B)) OR A) AND (NOT C))?",False,f,1,16.48369002342224,10.376647662882355,0.5419890146425981
2026-01-29T02:00:59.447465,LIMOUS,22762322-99ff-4319-8829-d8a071f936b3,36,numerical,NUM-NEARBOUNDARY-28,integer,28,30,2,28,30,30,38,26,30,38,26,What is 2007 - 1985?,22,22,1,6.553188800811768,6.034207914586211,0.4555402235985111
2026-01-29T02:01:14.464966,LIMOUS,22762322-99ff-4319-8829-d8a071f936b3,37,logical,LOG-COMP-38-19,yesno,38,40,2,38,40,30,40,26,30,40,26,G is heavier than O. I is heavier than F. F is heavier than J. R is heavier than C. L is heavier than F. F is heavier than G. A is heavier than O. A is heavier than M. E is heavier than H. Is G heavier than L?,no,no,1,15.012238264083862,15.687469435426262,0.6996027482531395
2026-01-29T02:01:20.360614,LIMOUS,22762322-99ff-4319-8829-d8a071f936b3,38,logical,LOG-CONSTRAINT-40-8-6,yesno,40,43,3,40,43,30,43,26,30,43,26,"C is above G.
F is above D.
D is above B.
C is above E.
A is above E.
H is above A.
Is E above H?",no,no,1,5.889343023300171,10.900889280852942,0.9119296430304396
2026-01-29T11:05:54.488855,LIMOUS,d5f1f66b-a620-44a4-afd9-ce4d638c52d8,0,numerical,NUM-DIV-0,integer,0,4,4,0,4,4,0,0,4,0,0,What is 250 divided by 125?,2,2,1,1.8543412685394287,4.686885398488436,0.16010895743000528
2026-01-29T11:05:56.480574,LIMOUS,d5f1f66b-a620-44a4-afd9-ce4d638c52d8,1,logical,LOG-BOOL-0-2-1,boolean,0,4,4,0,4,4,4,0,4,4,0,"A is False.
B is False.
What is: (A AND A)?",False,f,1,1.981597661972046,7.399081219697985,0.25184310855778747
2026-01-29T11:05:59.553352,LIMOUS,d5f1f66b-a620-44a4-afd9-ce4d638c52d8,2,logical,LOG-COMP-4-3,yesno,4,7,3,4,7,4,7,0,4,7,0,C is heavier than A. A is heavier than B. Is C heavier than B?,yes,yes,1,3.060621976852417,11.626791983456089,0.42315861408387667
2026-01-29T11:06:01.815977,LIMOUS,d5f1f66b-a620-44a4-afd9-ce4d638c52d8,3,pattern,PAT-CP-0-2-4,integer,0,3,3,0,3,4,7,3,4,7,3,"17, 17, 17, 17, ?",17,17,1,2.255638837814331,3.8226254558079527,0.41699577445258273
2026-01-29T11:06:06.382931,LIMOUS,d5f1f66b-a620-44a4-afd9-ce4d638c52d8,4,logical,LOG-COMP-7-4,yesno,7,10,3,7,10,4,10,3,4,10,3,A is older than C. C is older than D. Is A older than D?,yes,yes,1,4.557116270065308,11.94130568172641,0.4482142594793545
2026-01-29T11:06:12.442506,LIMOUS,d5f1f66b-a620-44a4-afd9-ce4d638c52d8,5,pattern,PAT-MIXED-3-2-5-3,integer,3,7,4,3,7,4,10,7,4,10,7,"8, 24, 26, 78, ?",80,80,1,6.051609516143799,13.999827284620672,0.2457337421622433
2026-01-29T11:06:20.493910,LIMOUS,d5f1f66b-a620-44a4-afd9-ce4d638c52d8,6,pattern,PAT-MIXED-7-2-6-5,integer,7,11,4,7,11,4,10,11,4,10,11,"17, 21, 84, 88, 352, ?",356,356,1,8.043246269226074,14.500047108390095,0.27178445897672554
2026-01-29T11:06:23.497959,LIMOUS,d5f1f66b-a620-44a4-afd9-ce4d638c52d8,7,numerical,NUM-RATIOSCALING-4,integer,4,6,2,4,6,6,10,11,6,10,11,"2 -> 4, 4 -> ?",8,8,1,2.996229887008667,3.634370691116584,0.48282846559360854
2026-01-29T11:06:25.920633,LIMOUS,d5f1f66b-a620-44a4-afd9-ce4d638c52d8,8,numerical,NUM-NEARBOUNDARY-6,integer,6,10,4,6,10,10,10,11,10,10,11,What is 43 + 3?,46,46,1,2.4147279262542725,4.872973247782208,0.28377555350567396
2026-01-29T11:06:30.123318,LIMOUS,d5f1f66b-a620-44a4-afd9-ce4d638c52d8,9,pattern,PAT-MP-11-6-2,integer,11,15,4,11,15,10,10,15,10,10,15,"7, 14, 28, 56, 112, 224, ?",448,448,1,4.194681167602539,9.690995996323498,0.3959564675137263
2026-01-29T11:06:33.037629,LIMOUS,d5f1f66b-a620-44a4-afd9-ce4d638c52d8,10,pattern,PAT-CP-15-5-8,integer,15,18,3,15,18,10,10,18,10,10,18,"8, 20, 4, 6, 18, 8, 20, 4, ?",6,6,1,2.9061636924743652,4.453921504264067,0.5435247325682505
2026-01-29T11:06:35.463048,LIMOUS,d5f1f66b-a620-44a4-afd9-ce4d638c52d8,11,logical,LOG-CONSTRAINT-10-5-3,yesno,10,13,3,10,13,10,13,18,10,13,18,"A is left of E.
A is left of B.
D is left of E.
Is B left of A?",no,no,1,2.4135711193084717,8.30526438679227,0.7888668814341688
2026-01-29T11:06:40.016686,LIMOUS,d5f1f66b-a620-44a4-afd9-ce4d638c52d8,12,pattern,PAT-CP-18-5-9,integer,18,20,2,18,20,10,13,20,10,13,20,"16, 2, 7, 5, 6, 16, 2, 7, 5, ?",6,6,1,4.544662237167358,4.5897701841686365,0.5686811988169892
2026-01-29T11:06:47.801951,LIMOUS,d5f1f66b-a620-44a4-afd9-ce4d638c52d8,13,logical,LOG-BOOL-13-3-2,boolean,13,16,3,13,16,10,16,20,10,16,20,"A is False.
B is False.
C is False.
What is: (NOT ((A AND (NOT B)) AND (NOT B)))?",True,t,1,7.776879072189331,8.344019797902034,0.3436429152402845
2026-01-29T11:06:52.519326,LIMOUS,d5f1f66b-a620-44a4-afd9-ce4d638c52d8,14,pattern,PAT-AP-20-8-15,integer,20,22,2,20,22,10,16,22,10,16,22,"28, 35, 42, 49, 56, 63, 70, 77, ?",84,84,1,4.709144830703735,6.5644476201948505,0.522643440800901
2026-01-29T11:07:05.071476,LIMOUS,d5f1f66b-a620-44a4-afd9-ce4d638c52d8,15,numerical,NUM-DIV-10,integer,10,12,2,10,12,12,16,22,12,16,22,What is 3250 divided by 250?,13,13,1,12.544313430786133,5.172930334740047,0.21121038541030396
2026-01-29T11:07:07.774873,LIMOUS,d5f1f66b-a620-44a4-afd9-ce4d638c52d8,16,numerical,NUM-NEARBOUNDARY-12,integer,12,16,4,12,16,16,16,22,16,16,22,What is 95 - 5?,90,90,1,2.6955032348632812,5.169190229749511,0.3269645264875544
2026-01-29T11:07:11.086541,LIMOUS,d5f1f66b-a620-44a4-afd9-ce4d638c52d8,17,numerical,NUM-SQUARE-16,integer,16,20,4,16,20,20,16,22,20,16,22,What is 25^2?,625,625,1,3.3034491539001465,5.510591634959968,0.28604057237894104
2026-01-29T11:07:15.230971,LIMOUS,d5f1f66b-a620-44a4-afd9-ce4d638c52d8,18,numerical,NUM-NEARBOUNDARY-20,integer,20,23,3,20,23,23,16,22,23,16,22,What is 1019 - 980?,39,39,1,4.1361963748931885,5.5875159765037345,0.389330285512312
2026-01-29T11:07:17.513125,LIMOUS,d5f1f66b-a620-44a4-afd9-ce4d638c52d8,19,numerical,NUM-RATIOSCALING-23,integer,23,26,3,23,26,26,16,22,26,16,22,"2 -> 20, 9 -> ?",90,90,1,2.273808479309082,4.415803236587995,0.6403434105630175
2026-01-29T11:07:22.384991,LIMOUS,d5f1f66b-a620-44a4-afd9-ce4d638c52d8,20,pattern,PAT-AP-22-8-20,integer,22,24,2,22,24,26,16,24,26,16,24,"1, 4, 7, 10, 13, 16, 19, 22, ?",25,25,1,4.863863706588745,6.689544238621178,0.5395646851272686
2026-01-29T11:07:28.260351,LIMOUS,d5f1f66b-a620-44a4-afd9-ce4d638c52d8,21,logical,LOG-IMP-16-5-4,yesno,16,18,2,16,18,26,18,24,26,18,24,"A is True.
E is True.
If D is True, then A is True.
If E is True, then B is True.
If B is True, then E is True.
If B is True, then D is True.
Is D True?",yes,yes,1,5.866947412490845,6.843515605086189,0.5205785859021135
2026-01-29T11:07:34.102121,LIMOUS,d5f1f66b-a620-44a4-afd9-ce4d638c52d8,22,numerical,NUM-RATIOSCALING-26,integer,26,28,2,26,28,28,18,24,28,18,24,"9 -> 108, 7 -> ?",84,84,1,5.833760976791382,4.550702449885832,0.6634678612592826
2026-01-29T11:08:04.223840,LIMOUS,d5f1f66b-a620-44a4-afd9-ce4d638c52d8,23,numerical,NUM-SQUARE-28,integer,28,30,2,28,30,30,18,24,30,18,24,What is 28^2?,784,784,1,30.113922357559204,6.183907553435688,0.3759052120815513
2026-01-29T11:08:09.444330,LIMOUS,d5f1f66b-a620-44a4-afd9-ce4d638c52d8,24,pattern,PAT-CP-24-5-12,integer,24,26,2,24,26,30,18,26,30,18,26,"15, 13, 2, 16, 8, 15, 13, 2, 16, 8, 15, 13, ?",2,2,1,5.2124998569488525,4.871703164958312,0.6178272401074372
2026-01-29T11:08:12.596028,LIMOUS,d5f1f66b-a620-44a4-afd9-ce4d638c52d8,25,logical,LOG-IMP-18-6-5,yesno,18,21,3,18,21,30,21,26,30,21,26,"D is True.
C is True.
If C is True, then A is True.
If E is True, then B is True.
If A is True, then F is True.
If A is True, then D is True.
If D is True, then F is True.
Is F True?",yes,yes,1,3.142767906188965,6.9732272942980895,0.5375082542856651
2026-01-29T11:08:21.165396,LIMOUS,d5f1f66b-a620-44a4-afd9-ce4d638c52d8,26,pattern,PAT-AP-26-11-25,integer,26,28,2,26,28,30,21,28,30,21,28,"11, -11, -33, -55, -77, -99, -121, -143, -165, -187, -209, ?",-231,-231,1,8.561386585235596,6.945978022219077,0.5730972955650949
2026-01-29T11:08:23.476724,LIMOUS,d5f1f66b-a620-44a4-afd9-ce4d638c52d8,27,numerical,NUM-DIV-30,integer,30,34,4,30,34,34,21,28,34,21,28,What is 3000 divided by 1000?,3,3,1,2.3036916255950928,6.27319404017929,0.34567626952253283
2026-01-29T11:08:34.458008,LIMOUS,d5f1f66b-a620-44a4-afd9-ce4d638c52d8,28,logical,LOG-CONSTRAINT-21-7-6,yesno,21,23,2,21,23,34,23,28,34,23,28,"A is faster than G.
D is faster than C.
G is faster than F.
G is faster than C.
A is faster than F.
F is faster than B.
Is G faster than B?",yes,yes,1,10.972736120223999,9.183740079182671,0.8444684434172203
2026-01-29T11:08:38.161694,LIMOUS,d5f1f66b-a620-44a4-afd9-ce4d638c52d8,29,logical,LOG-IMP-23-6-6,yesno,23,26,3,23,26,34,26,28,34,26,28,"E is True.
C is True.
If D is True, then A is True.
If B is True, then F is True.
If B is True, then C is True.
If B is True, then D is True.
If C is True, then D is True.
If E is True, then D is True.
Is D True?",yes,yes,1,3.6943893432617188,7.306969088686003,0.5793734200718504
2026-01-29T11:08:40.944617,LIMOUS,d5f1f66b-a620-44a4-afd9-ce4d638c52d8,30,numerical,NUM-DIV-34,integer,34,38,4,34,38,38,26,28,38,26,28,What is 360 divided by 90?,4,4,1,2.7747135162353516,6.515743222378845,0.3770260424148486
2026-01-29T11:08:48.901611,LIMOUS,d5f1f66b-a620-44a4-afd9-ce4d638c52d8,31,pattern,PAT-AP-28-12-35,integer,28,30,2,28,30,38,26,30,38,26,30,"-20, -1, 18, 37, 56, 75, 94, 113, 132, 151, 170, 189, ?",208,208,1,7.940473556518555,7.077384177774418,0.5896343269229161
2026-01-29T11:08:56.342829,LIMOUS,d5f1f66b-a620-44a4-afd9-ce4d638c52d8,32,pattern,PAT-AP-30-10-35,integer,30,32,2,30,32,38,26,32,38,26,32,"16, 2, -12, -26, -40, -54, -68, -82, -96, -110, ?",-124,-124,1,7.433418273925781,7.2109634550863895,0.6059711984081992
2026-01-29T11:09:07.121604,LIMOUS,d5f1f66b-a620-44a4-afd9-ce4d638c52d8,33,pattern,PAT-AP-32-9-30,integer,32,33,1,32,33,38,26,33,38,26,33,"34, 62, 90, 118, 146, 174, 202, 230, 258, ?",286,286,1,10.770477533340454,7.3467517920313465,0.6220745504373952
2026-01-29T11:09:10.937150,LIMOUS,d5f1f66b-a620-44a4-afd9-ce4d638c52d8,34,pattern,PAT-CP-33-6-15,integer,33,35,2,33,35,38,26,35,38,26,35,"20, 9, 6, 17, 12, 20, 20, 9, 6, 17, 12, 20, 20, 9, 6, ?",17,17,1,3.8070144653320312,5.321487764432659,0.6870000935436259
2026-01-29T11:09:14.364004,LIMOUS,d5f1f66b-a620-44a4-afd9-ce4d638c52d8,35,numerical,NUM-RATIOSCALING-38,integer,38,41,3,38,41,41,26,35,41,26,35,"10 -> 110, 6 -> ?",66,66,1,3.418588399887085,5.12474802481664,0.7477247151654743
2026-01-29T11:09:26.236815,LIMOUS,d5f1f66b-a620-44a4-afd9-ce4d638c52d8,36,pattern,PAT-MP-35-7-3,integer,35,37,2,35,37,41,26,37,41,26,37,"16, 48, 144, 432, 1296, 3888, 11664, ?",34992,34992,1,11.864924669265747,12.016634943642435,0.5970317369635482
2026-01-29T11:09:30.827507,LIMOUS,d5f1f66b-a620-44a4-afd9-ce4d638c52d8,37,logical,LOG-IMP-26-8-6,yesno,26,29,3,26,29,41,29,37,41,29,37,"G is True.
If G is True, then F is True.
If F is True, then G is True.
If G is True, then C is True.
If G is True, then A is True.
If A is True, then D is True.
If G is True, then H is True.
Is H True?",yes,yes,1,4.582373380661011,7.51388273491721,0.6039936792203207
2026-01-29T11:09:49.960013,LIMOUS,d5f1f66b-a620-44a4-afd9-ce4d638c52d8,38,logical,LOG-COMP-29-21,yesno,29,28,-1,29,28,41,28,37,41,28,37,G is larger than P. M is larger than I. G is larger than N. M is larger than K. F is larger than R. C is larger than Q. N is larger than H. E is larger than P. U is larger than G. E is larger than N. Is G larger than H?,yes,no,0,19.123253345489502,14.500127620342132,0.6317220329367532
2026-01-29T11:10:18.098335,LIMOUS,d5f1f66b-a620-44a4-afd9-ce4d638c52d8,39,pattern,PAT-MIXED-37-3-15-12,integer,37,39,2,37,39,41,28,39,41,28,39,"19, 76, 85, 93, 372, 381, 389, 1556, 1565, 1573, 6292, 6301, 6309, 25236, ?",25245,25245,1,28.13055992126465,18.823654311937755,0.508431780500041
2026-01-29T11:10:25.980491,LIMOUS,d5f1f66b-a620-44a4-afd9-ce4d638c52d8,40,numerical,NUM-NEARBOUNDARY-41,integer,41,43,2,41,43,43,28,39,43,28,39,What is 2017 - 1991?,26,26,1,7.8741350173950195,6.825591430441744,0.5654705392822443
2026-01-29T11:10:27.353438,LIMOUS,d5f1f66b-a620-44a4-afd9-ce4d638c52d8,41,numerical,NUM-SQUARE-43,integer,43,46,3,43,46,46,28,39,46,28,39,What is 10^2?,100,100,1,1.3613612651824951,7.124302467474932,0.5006734478425077
2026-01-29T11:10:55.760913,LIMOUS,d5f1f66b-a620-44a4-afd9-ce4d638c52d8,42,pattern,PAT-MIXED-39-4-10-12,integer,39,41,2,39,41,46,28,41,46,28,41,"5, 11, 19, 95, 101, 107, 115, 575, 581, ?",587,587,1,28.397314071655273,19.151486857523153,0.525399332907877
2026-01-29T11:11:49.894902,LIMOUS,d72432b5-38ff-40aa-87f5-0673e72024ff,0,logical,LOG-IMP-0-3-2,yesno,0,2,2,0,2,0,2,0,0,2,0,"C is True.
If C is True, then B is True.
If B is True, then C is True.
Is B True?",yes,yes,1,9.87601637840271,5.878974921603803,0.3866832981735095
2026-01-29T11:11:56.832855,LIMOUS,d72432b5-38ff-40aa-87f5-0673e72024ff,1,pattern,PAT-MP-0-4-2,integer,0,3,3,0,3,0,2,3,0,2,3,"5, 10, 20, 40, ?",80,80,1,6.928964614868164,8.768763099844554,0.31086210761188154
2026-01-29T11:12:00.264524,LIMOUS,d72432b5-38ff-40aa-87f5-0673e72024ff,2,numerical,NUM-SQUARE-0,integer,0,3,3,0,3,3,2,3,3,2,3,What is 9^2?,81,81,1,3.4238579273223877,4.709964617479843,0.18872306688069881
2026-01-29T11:12:04.749030,LIMOUS,d72432b5-38ff-40aa-87f5-0673e72024ff,3,pattern,PAT-AP-3-4-5,integer,3,6,3,3,6,3,2,6,3,2,6,"12, 15, 18, 21, ?",24,24,1,4.4765543937683105,5.580039357183425,0.380605774718618
2026-01-29T11:12:10.739993,LIMOUS,d72432b5-38ff-40aa-87f5-0673e72024ff,4,logical,LOG-IMP-2-3-2,yesno,2,4,2,2,4,3,4,6,3,4,6,"A is True.
If C is True, then A is True.
If A is True, then B is True.
Is B True?",yes,yes,1,5.982935428619385,5.992735574613652,0.40291811799500704
2026-01-29T11:12:13.688618,LIMOUS,d72432b5-38ff-40aa-87f5-0673e72024ff,5,numerical,NUM-NEARBOUNDARY-3,integer,3,7,4,3,7,7,4,6,7,4,6,What is 14 + 2?,16,16,1,2.940871238708496,4.730241858737682,0.26352214197731155
2026-01-29T11:12:18.150336,LIMOUS,d72432b5-38ff-40aa-87f5-0673e72024ff,6,pattern,PAT-MP-6-5-2,integer,6,10,4,6,10,7,4,10,7,4,10,"3, 6, 12, 24, 48, ?",96,96,1,4.44942045211792,9.261473248674582,0.35612373310614803
2026-01-29T11:12:27.831172,LIMOUS,d72432b5-38ff-40aa-87f5-0673e72024ff,7,pattern,PAT-CP-10-4-8,integer,10,11,1,10,11,7,4,11,7,4,11,"3, 12, 10, 17, 3, 12, 10, 17, ?",3,3,1,9.672599077224731,4.234804094550455,0.5011635843802991
2026-01-29T11:12:30.228133,LIMOUS,d72432b5-38ff-40aa-87f5-0673e72024ff,8,numerical,NUM-SQUARE-7,integer,7,11,4,7,11,11,4,11,11,4,11,What is 8^2?,64,64,1,2.3884894847869873,5.047351973665723,0.22785060117489306
2026-01-29T11:12:34.022366,LIMOUS,d72432b5-38ff-40aa-87f5-0673e72024ff,9,pattern,PAT-CP-11-3-8,integer,11,13,2,11,13,11,4,13,11,4,13,"10, 2, 17, 10, 2, 17, 10, 2, ?",17,17,1,3.7857558727264404,4.277911738962226,0.5096567028285435
2026-01-29T11:12:43.180672,LIMOUS,d72432b5-38ff-40aa-87f5-0673e72024ff,10,logical,LOG-BOOL-4-2-1,boolean,4,7,3,4,7,11,7,13,11,7,13,"A is False.
B is True.
What is: (A AND A)?",False,false,1,9.149964332580566,7.679176906656332,0.27830252123438065
2026-01-29T11:12:52.919867,LIMOUS,d72432b5-38ff-40aa-87f5-0673e72024ff,11,logical,LOG-IMP-7-4-3,yesno,7,8,1,7,8,11,8,13,11,8,13,"B is True.
A is True.
If B is True, then D is True.
If A is True, then C is True.
If D is True, then A is True.
Is C True?",yes,yes,1,9.731296062469482,6.285436137661781,0.4443725931400005
2026-01-29T11:13:01.717997,LIMOUS,d72432b5-38ff-40aa-87f5-0673e72024ff,12,logical,LOG-BOOL-8-3-2,boolean,8,11,3,8,11,11,11,13,11,11,13,"A is True.
B is True.
C is True.
What is: ((C AND B) AND C)?",True,true,1,8.79016923904419,7.968613328845182,0.3064033462403221
2026-01-29T11:13:10.747274,LIMOUS,d72432b5-38ff-40aa-87f5-0673e72024ff,13,logical,LOG-CONSTRAINT-11-5-3,yesno,11,13,2,11,13,11,13,13,11,13,13,"D is faster than C.
B is faster than A.
E is faster than D.
Is E faster than C?",yes,yes,1,9.021177768707275,8.381891519555639,0.794470459243525
2026-01-29T11:13:34.764262,LIMOUS,d72432b5-38ff-40aa-87f5-0673e72024ff,14,logical,LOG-COMP-13-7,yesno,13,14,1,13,14,11,14,13,11,14,13,G is faster than D. D is faster than A. E is faster than D. Is A faster than G?,no,no,1,24.00881576538086,12.594030349458368,0.49899379414411765
2026-01-29T11:13:47.090720,LIMOUS,d72432b5-38ff-40aa-87f5-0673e72024ff,15,numerical,NUM-NEARBOUNDARY-11,integer,11,13,2,11,13,13,14,13,13,14,13,What is 207 - 10?,197,197,1,12.318737030029297,5.118803017555453,0.319531945167566
2026-01-29T11:14:11.320447,LIMOUS,d72432b5-38ff-40aa-87f5-0673e72024ff,16,logical,LOG-BOOL-14-3-2,boolean,14,16,2,14,16,13,16,13,13,16,13,"A is False.
B is True.
C is False.
What is: (NOT ((B AND (NOT B)) AND (NOT C)))?",True,true,1,24.221919298171997,8.42096607431452,0.35134675815712824
2026-01-29T11:14:21.871094,LIMOUS,d72432b5-38ff-40aa-87f5-0673e72024ff,17,numerical,NUM-DIV-13,integer,13,15,2,13,15,15,16,13,15,16,13,What is 3600 divided by 400?,9,9,1,10.54128885269165,5.326688403399758,0.228691744097514
2026-01-29T11:14:51.875082,LIMOUS,d72432b5-38ff-40aa-87f5-0673e72024ff,18,numerical,NUM-DIV-15,integer,15,17,2,15,17,17,16,13,17,16,13,What is 3120 divided by 240?,13,13,1,29.996116638183594,5.431315649808266,0.240898727992377
2026-01-29T11:15:02.590851,LIMOUS,d72432b5-38ff-40aa-87f5-0673e72024ff,19,numerical,NUM-DIV-17,integer,17,19,2,17,19,19,16,13,19,16,13,What is 38000 divided by 2000?,19,19,1,10.707970142364502,5.537673163300124,0.2535431041470926
2026-01-29T11:15:09.783652,LIMOUS,d72432b5-38ff-40aa-87f5-0673e72024ff,20,pattern,PAT-AP-13-5-10,integer,13,15,2,13,15,19,16,15,19,16,15,"-27, -18, -9, 0, 9, ?",18,18,1,7.184665679931641,6.1424200956356865,0.46326502995822816
2026-01-29T11:15:45.932368,LIMOUS,d72432b5-38ff-40aa-87f5-0673e72024ff,21,logical,LOG-COMP-16-8,yesno,16,17,1,16,17,19,17,15,19,17,15,B is taller than C. G is taller than H. G is taller than B. C is taller than D. Is D taller than G?,no,no,1,36.13744068145752,12.932636447128228,0.5244572109998924
2026-01-29T11:15:52.716573,LIMOUS,d72432b5-38ff-40aa-87f5-0673e72024ff,22,pattern,PAT-MP-15-6-2,integer,15,17,2,15,17,19,17,17,19,17,17,"16, 32, 64, 128, 256, 512, ?",1024,1024,1,6.776392936706543,10.047523310386888,0.4288773712931705
2026-01-29T11:16:04.816364,LIMOUS,d72432b5-38ff-40aa-87f5-0673e72024ff,23,numerical,NUM-DIV-19,integer,19,21,2,19,21,21,17,17,21,17,17,What is 480 divided by 160?,3,3,1,12.090856075286865,5.645789558067935,0.26661805848426134
2026-01-29T11:16:17.917480,LIMOUS,d72432b5-38ff-40aa-87f5-0673e72024ff,24,logical,LOG-COMP-17-8,yesno,17,19,2,17,19,21,19,17,21,19,17,H is taller than E. B is taller than F. G is taller than A. A is taller than H. Is G taller than H?,yes,yes,1,13.092254877090454,13.047369133745192,0.5329233548712826
2026-01-29T11:16:26.582315,LIMOUS,d72432b5-38ff-40aa-87f5-0673e72024ff,25,numerical,NUM-RATIOSCALING-21,integer,21,19,-2,21,19,19,19,17,19,19,17,"2 -> 12, 9 -> ?",54,19,0,8.656659126281738,4.3276967572004725,0.6245486707624258
2026-01-29T11:16:47.086970,LIMOUS,d72432b5-38ff-40aa-87f5-0673e72024ff,26,logical,LOG-IMP-19-6-5,yesno,19,20,1,19,20,19,20,17,19,20,17,"E is True.
A is True.
If C is True, then B is True.
If B is True, then F is True.
If D is True, then C is True.
If F is True, then D is True.
If E is True, then D is True.
Is C True?",yes,yes,1,20.496403455734253,7.038885347743609,0.5459432087971585
2026-01-29T12:52:54.039038,LIMOUS,bd1f4607-bc53-4ea9-b21b-9f48ba07fec9,0,logical,LOG-COMP-0-3,yesno,0,4,4,0,4,0,4,0,0,4,0,B is heavier than C. A is heavier than B. Is C heavier than A?,no,no,1,4.9007227420806885,11.2192982760777,0.390376635042878
2026-01-29T12:52:56.048310,LIMOUS,bd1f4607-bc53-4ea9-b21b-9f48ba07fec9,1,pattern,PAT-MP-0-4-2,integer,0,4,4,0,4,0,4,4,0,4,4,"2, 4, 8, 16, ?",32,32,1,2.002267599105835,8.768763099844554,0.31086210761188154
2026-01-29T12:52:58.975743,LIMOUS,bd1f4607-bc53-4ea9-b21b-9f48ba07fec9,2,logical,LOG-IMP-4-3-2,yesno,4,7,3,4,7,0,7,4,0,7,4,"A is True.
C is True.
If A is True, then C is True.
If C is True, then B is True.
Is B True?",yes,yes,1,2.917764663696289,6.108377537894393,0.4193684840972167
2026-01-29T12:53:02.832242,LIMOUS,bd1f4607-bc53-4ea9-b21b-9f48ba07fec9,3,numerical,NUM-NEARBOUNDARY-0,integer,0,3,3,0,3,3,7,4,3,7,4,What is 54 + 3?,57,57,1,3.846837043762207,4.5909792832836605,0.244221344772045
2026-01-29T12:53:07.391578,LIMOUS,bd1f4607-bc53-4ea9-b21b-9f48ba07fec9,4,logical,LOG-CONSTRAINT-7-4-3,yesno,7,10,3,7,10,3,10,4,3,10,4,"A is faster than B.
A is faster than D.
D is faster than B.
Is B faster than A?",no,no,1,4.547253370285034,8.07911772217823,0.7713900644554703
2026-01-29T12:53:11.278615,LIMOUS,bd1f4607-bc53-4ea9-b21b-9f48ba07fec9,5,pattern,PAT-AP-4-4-5,integer,4,8,4,4,8,3,10,8,3,10,8,"-18, -13, -8, -3, ?",2,2,1,3.8781216144561768,5.634224765405329,0.38864759621190054
2026-01-29T12:53:24.359497,LIMOUS,bd1f4607-bc53-4ea9-b21b-9f48ba07fec9,6,pattern,PAT-MIXED-8-2-5-5,integer,8,11,3,8,11,3,10,11,3,10,11,"2, 8, 16, 64, ?",128,128,1,13.071306467056274,14.627687132170504,0.27856105557278044
2026-01-29T12:53:27.448127,LIMOUS,bd1f4607-bc53-4ea9-b21b-9f48ba07fec9,7,numerical,NUM-RATIOSCALING-3,integer,3,5,2,3,5,5,10,11,5,10,11,"9 -> 27, 6 -> ?",18,18,1,3.081559181213379,3.596519204826997,0.4743499292853439
2026-01-29T12:53:32.174137,LIMOUS,bd1f4607-bc53-4ea9-b21b-9f48ba07fec9,8,logical,LOG-CONSTRAINT-10-4-4,yesno,10,13,3,10,13,5,13,11,5,13,11,"C is left of A.
A is left of D.
B is left of C.
D is left of B.
Is D left of C?",yes,yes,1,4.716827154159546,8.30526438679227,0.7888668814341688
2026-01-29T12:53:35.055922,LIMOUS,bd1f4607-bc53-4ea9-b21b-9f48ba07fec9,9,logical,LOG-IMP-13-4-3,yesno,13,16,3,13,16,5,16,11,5,16,11,"D is True.
A is True.
If A is True, then B is True.
If A is True, then C is True.
If C is True, then A is True.
Is C True?",yes,yes,1,2.874018907546997,6.652893950589613,0.4951074214583852
2026-01-29T12:53:36.975564,LIMOUS,bd1f4607-bc53-4ea9-b21b-9f48ba07fec9,10,numerical,NUM-SQUARE-5,integer,5,9,4,5,9,9,16,11,9,16,11,What is 4^2?,16,16,1,1.911116123199463,4.9489712037704425,0.21611656149270866
2026-01-29T12:53:42.095669,LIMOUS,bd1f4607-bc53-4ea9-b21b-9f48ba07fec9,11,numerical,NUM-DIV-9,integer,9,12,3,9,12,12,16,11,12,16,11,What is 1000 divided by 500?,2,2,1,5.111404895782471,5.122512575025685,0.2056052913821581
2026-01-29T12:53:45.208117,LIMOUS,bd1f4607-bc53-4ea9-b21b-9f48ba07fec9,12,pattern,PAT-AP-11-6-10,integer,11,14,3,11,14,12,16,14,12,16,14,"-22, -24, -26, -28, -30, -32, ?",-34,-34,1,3.103241443634033,6.026224314245073,0.4464166390146898
2026-01-29T12:53:47.782704,LIMOUS,bd1f4607-bc53-4ea9-b21b-9f48ba07fec9,13,numerical,NUM-RATIO-INVERSE-12,integer,12,15,3,12,15,15,16,14,15,16,14,"36 -> 6, 18 -> ?",3,3,1,2.564685583114624,3.5634561563736797,0.7030630164833025
2026-01-29T12:53:52.014115,LIMOUS,bd1f4607-bc53-4ea9-b21b-9f48ba07fec9,14,numerical,NUM-RATIOSCALING-15,integer,15,17,2,15,17,17,16,14,17,16,14,"10 -> 90, 9 -> ?",81,81,1,4.223886489868164,4.071884536231076,0.5756733403794091
2026-01-29T12:53:58.470461,LIMOUS,bd1f4607-bc53-4ea9-b21b-9f48ba07fec9,15,numerical,NUM-NEARBOUNDARY-17,integer,17,20,3,17,20,20,16,14,20,16,14,What is 486 - 207?,279,279,1,6.448511123657227,5.427418992231849,0.36538660343645746
2026-01-29T12:54:11.031970,LIMOUS,bd1f4607-bc53-4ea9-b21b-9f48ba07fec9,16,pattern,PAT-MP-14-5-3,integer,14,13,-1,14,13,20,16,13,20,16,13,"8, 24, 72, 216, 648, ?",1944,2544,0,12.551495552062988,9.957292035206729,0.4205757854372591
2026-01-29T12:54:14.415682,LIMOUS,bd1f4607-bc53-4ea9-b21b-9f48ba07fec9,17,numerical,NUM-SQUARE-20,integer,20,24,4,20,24,24,16,13,24,16,13,What is 10^2?,100,100,1,3.3745005130767822,5.727709268281885,0.3145821509067846
2026-01-29T12:54:19.927275,LIMOUS,bd1f4607-bc53-4ea9-b21b-9f48ba07fec9,18,logical,LOG-IMP-16-6-5,yesno,16,18,2,16,18,24,18,13,24,18,13,"C is True.
If C is True, then A is True.
If A is True, then B is True.
If A is True, then D is True.
If C is True, then E is True.
If B is True, then E is True.
Is D True?",yes,yes,1,5.502178192138672,6.843515605086189,0.5205785859021135
2026-01-29T12:54:23.591436,LIMOUS,bd1f4607-bc53-4ea9-b21b-9f48ba07fec9,19,pattern,PAT-MIXED-13-3-6-6,integer,13,12,-1,13,12,24,18,12,24,18,12,"13, 16, 21, 26, 29, ?",34,32,0,3.653803825378418,15.281827814871633,0.3139484133674724
2026-01-29T12:54:33.662324,LIMOUS,bd1f4607-bc53-4ea9-b21b-9f48ba07fec9,20,logical,LOG-COMP-18-8,yesno,18,20,2,18,20,24,20,12,24,20,12,A is heavier than F. E is heavier than A. F is heavier than D. H is heavier than G. Is E heavier than F?,yes,yes,1,10.059926271438599,13.16304662283571,0.5413705804947666
2026-01-29T12:54:42.501948,LIMOUS,bd1f4607-bc53-4ea9-b21b-9f48ba07fec9,21,numerical,NUM-DIV-24,integer,24,26,2,24,26,26,20,12,26,20,12,What is 4050 divided by 270?,15,15,1,8.832349061965942,5.923967722362863,0.30112148416422047
2026-01-29T12:54:45.774769,LIMOUS,bd1f4607-bc53-4ea9-b21b-9f48ba07fec9,22,pattern,PAT-AP-12-6-10,integer,12,15,3,12,15,26,20,15,26,20,15,"46, 47, 48, 49, 50, 51, ?",52,52,1,3.265458822250366,6.084083973140641,0.45482790606949625
2026-01-29T12:54:47.493624,LIMOUS,bd1f4607-bc53-4ea9-b21b-9f48ba07fec9,23,numerical,NUM-SQUARE-26,integer,26,30,4,26,30,30,20,15,30,20,15,What is 4^2?,16,16,1,1.7077043056488037,6.067036837287326,0.36010238739727307
2026-01-29T12:54:50.421618,LIMOUS,bd1f4607-bc53-4ea9-b21b-9f48ba07fec9,24,numerical,NUM-SQUARE-30,integer,30,29,-1,30,29,29,20,15,29,20,15,What is 17^2?,289,349,0,2.9197847843170166,6.302711012345622,0.39197672340716055
2026-01-29T12:55:02.256076,LIMOUS,bd1f4607-bc53-4ea9-b21b-9f48ba07fec9,25,pattern,PAT-AP-15-6-15,integer,15,16,1,15,16,29,20,16,29,20,16,"12, 23, 34, 45, 56, 67, ?",78,78,1,11.82705307006836,6.260537458093048,0.48019771643724474
2026-01-29T12:55:09.728141,LIMOUS,bd1f4607-bc53-4ea9-b21b-9f48ba07fec9,26,logical,LOG-COMP-20-14,yesno,20,23,3,20,23,29,23,16,29,23,16,M is heavier than N. H is heavier than J. K is heavier than C. I is heavier than N. G is heavier than B. L is heavier than B. C is heavier than L. Is B heavier than C?,no,no,1,7.461778163909912,13.397267193601666,0.5581891552200896
2026-01-29T12:55:16.943372,LIMOUS,bd1f4607-bc53-4ea9-b21b-9f48ba07fec9,27,logical,LOG-CONSTRAINT-23-6-5,yesno,23,25,2,23,25,29,25,16,29,25,16,"D is faster than F.
B is faster than F.
C is faster than A.
E is faster than D.
F is faster than E.
Is B faster than D?",yes,yes,1,7.206653118133545,9.352153096339052,0.8531862707206188
2026-01-29T12:55:21.783307,LIMOUS,bd1f4607-bc53-4ea9-b21b-9f48ba07fec9,28,logical,LOG-CONSTRAINT-25-8-8,yesno,25,28,3,25,28,29,28,16,29,28,16,"D is above F.
C is above H.
C is above A.
D is above C.
F is above B.
E is above D.
G is above A.
B is above E.
Is D above H?",yes,yes,1,4.831057548522949,9.523351234102126,0.8614955932304453
2026-01-29T12:55:29.431628,LIMOUS,bd1f4607-bc53-4ea9-b21b-9f48ba07fec9,29,logical,LOG-CONSTRAINT-28-7-6,yesno,28,30,2,28,30,29,30,16,29,30,16,"D is above F.
A is above D.
E is above B.
C is above E.
G is above A.
E is above G.
Is C above G?",yes,yes,1,7.63959002494812,9.78547150338125,0.8732161669976551
2026-01-29T12:55:31.391881,LIMOUS,bd1f4607-bc53-4ea9-b21b-9f48ba07fec9,30,numerical,NUM-DIV-29,integer,29,28,-1,29,28,28,30,16,28,30,16,What is 1200 divided by 400?,3,2,0,1.9518811702728271,6.213789814051875,0.33803196684248304
2026-01-29T12:55:41.615413,LIMOUS,bd1f4607-bc53-4ea9-b21b-9f48ba07fec9,31,pattern,PAT-MIXED-16-2-8-8,integer,16,19,3,16,19,28,30,19,28,30,19,"4, 11, 15, 22, 26, 33, 37, ?",44,44,1,10.215521097183228,15.68738275609228,0.3363076533377913
2026-01-29T12:55:48.479682,LIMOUS,bd1f4607-bc53-4ea9-b21b-9f48ba07fec9,32,logical,LOG-CONSTRAINT-30-9-7,yesno,30,28,-2,30,28,28,28,19,28,28,19,"E is left of F.
E is left of G.
A is left of G.
E is left of D.
G is left of H.
C is left of F.
H is left of E.
Is F left of H?",no,yes,0,6.855668783187866,9.963835619434414,0.8805505580011672
2026-01-29T12:55:52.127323,LIMOUS,bd1f4607-bc53-4ea9-b21b-9f48ba07fec9,33,pattern,PAT-CP-19-4-11,integer,19,21,2,19,21,28,28,21,28,28,21,"7, 10, 13, 17, 7, 10, 13, 17, 7, 10, 13, ?",17,17,1,3.6395041942596436,4.63580090873644,0.576995040699384
2026-01-29T12:56:04.246902,LIMOUS,bd1f4607-bc53-4ea9-b21b-9f48ba07fec9,34,logical,LOG-CONSTRAINT-28-9-8,yesno,28,30,2,28,30,28,30,21,28,30,21,"E is above F.
I is above B.
G is above I.
G is above F.
C is above I.
A is above F.
G is above H.
B is above E.
Is C above F?",yes,yes,1,12.111513137817383,9.78547150338125,0.8732161669976551
2026-01-29T12:56:06.797715,LIMOUS,bd1f4607-bc53-4ea9-b21b-9f48ba07fec9,35,numerical,NUM-SQUARE-28,integer,28,32,4,28,32,32,30,21,32,30,21,What is 13^2?,169,169,1,2.5434794425964355,6.183907553435688,0.3759052120815513
2026-01-29T12:56:18.493265,LIMOUS,bd1f4607-bc53-4ea9-b21b-9f48ba07fec9,36,pattern,PAT-AP-21-8-20,integer,21,22,1,21,22,32,30,22,32,30,22,"17, 1, -15, -31, -47, -63, -79, -95, ?",-111,-111,1,11.689086675643921,6.62673944855998,0.5311130061234001
2026-01-29T12:56:23.021644,LIMOUS,bd1f4607-bc53-4ea9-b21b-9f48ba07fec9,37,pattern,PAT-MP-22-6-2,integer,22,25,3,22,25,32,30,25,32,30,25,"5, 10, 20, 40, 80, 160, ?",320,320,1,4.523223876953125,10.700293499309423,0.48785438137177284
2026-01-29T12:56:32.989406,LIMOUS,bd1f4607-bc53-4ea9-b21b-9f48ba07fec9,38,numerical,NUM-NEARBOUNDARY-32,integer,32,33,1,32,33,33,30,25,33,30,25,What is 2005 - 1010?,995,995,1,9.962222337722778,6.26878729851015,0.489401345052188
2026-01-29T12:56:48.485712,LIMOUS,bd1f4607-bc53-4ea9-b21b-9f48ba07fec9,39,numerical,NUM-NEARBOUNDARY-33,integer,33,34,1,33,34,34,30,25,34,30,25,What is 1952 + 978?,2930,2930,1,15.490924596786499,6.328644418759436,0.4978940869510496
2026-01-29T12:56:52.148755,LIMOUS,bd1f4607-bc53-4ea9-b21b-9f48ba07fec9,40,numerical,NUM-RATIOSCALING-34,integer,34,36,2,34,36,36,30,25,36,30,25,"10 -> 70, 9 -> ?",63,63,1,3.6576356887817383,4.927089246350894,0.7212368149038955
2026-01-29T12:56:57.206402,LIMOUS,bd1f4607-bc53-4ea9-b21b-9f48ba07fec9,41,numerical,NUM-NEARBOUNDARY-36,integer,36,38,2,36,38,38,30,25,38,30,25,What is 1028 + 1030?,2058,2058,1,5.052497148513794,6.511189523048173,0.5233600076486595
2026-01-29T12:57:12.773374,LIMOUS,bd1f4607-bc53-4ea9-b21b-9f48ba07fec9,42,logical,LOG-COMP-30-24,yesno,30,29,-1,30,29,38,29,25,38,29,25,K is faster than E. J is faster than K. A is faster than U. D is faster than X. B is faster than D. H is faster than F. X is faster than N. U is faster than K. G is faster than O. C is faster than L. O is faster than M. K is faster than S. Is K faster than A?,no,yes,0,15.560349702835083,14.62776830712358,0.6395908467190834
2026-01-29T12:57:22.365151,LIMOUS,bd1f4607-bc53-4ea9-b21b-9f48ba07fec9,43,logical,LOG-BOOL-29-4-3,boolean,29,31,2,29,31,38,31,25,38,31,25,"A is True.
B is False.
C is True.
D is False.
What is: (((A AND D) AND (NOT C)) OR (NOT A))?",False,f,1,9.585959434509277,9.654198617428838,0.4741566531848789
2026-01-29T12:57:29.845373,LIMOUS,bd1f4607-bc53-4ea9-b21b-9f48ba07fec9,44,logical,LOG-CONSTRAINT-31-7-8,yesno,31,33,2,31,33,38,33,25,38,33,25,"A is above C.
F is above C.
B is above F.
F is above D.
A is above G.
F is above E.
D is above G.
B is above E.
Is G above B?",no,no,1,7.473880290985107,10.05412077982154,0.8840783761020895
2026-01-29T12:57:42.669094,LIMOUS,bd1f4607-bc53-4ea9-b21b-9f48ba07fec9,45,pattern,PAT-MP-25-7-3,integer,25,27,2,25,27,38,33,27,38,33,27,"20, 60, 180, 540, 1620, 4860, 14580, ?",43740,43740,1,12.818382263183594,10.991729565108042,0.513331782761023
2026-01-29T12:57:46.436899,LIMOUS,bd1f4607-bc53-4ea9-b21b-9f48ba07fec9,46,pattern,PAT-CP-27-6-13,integer,27,29,2,27,29,38,33,29,38,33,29,"15, 13, 17, 16, 1, 5, 15, 13, 17, 16, 1, 5, 15, ?",13,13,1,3.7626187801361084,5.017958134548071,0.6415890879675364
2026-01-29T12:57:54.356631,LIMOUS,bd1f4607-bc53-4ea9-b21b-9f48ba07fec9,47,logical,LOG-COMP-33-22,yesno,33,36,3,33,36,38,36,29,38,36,29,R is larger than J. F is larger than O. N is larger than R. R is larger than T. I is larger than G. T is larger than L. P is larger than U. S is larger than K. K is larger than B. J is larger than O. C is larger than P. Is U larger than C?,no,no,1,7.912003040313721,15.017031645937191,0.6627381994144695
2026-01-29T16:59:21.232109,LIMOUS,a5216ddc-ad2a-4df5-a686-d50d85e92776,0,logical,LOG-COMP-0-3,yesno,0,4,4,0,4,0,4,0,0,4,0,A is taller than C. C is taller than B. Is A taller than B?,yes,yes,1,2.4114954471588135,11.2192982760777,0.390376635042878
2026-01-29T16:59:23.565104,LIMOUS,a5216ddc-ad2a-4df5-a686-d50d85e92776,1,numerical,NUM-DIV-0,integer,0,4,4,0,4,4,4,0,4,4,0,What is 600 divided by 30?,20,20,1,2.3183536529541016,4.686885398488436,0.16010895743000528
2026-01-29T16:59:26.207768,LIMOUS,a5216ddc-ad2a-4df5-a686-d50d85e92776,2,numerical,NUM-NEARBOUNDARY-4,integer,4,8,4,4,8,8,4,0,8,4,0,What is 52 + 7?,59,59,1,2.635549545288086,4.777429341588674,0.2701691584521651
2026-01-29T16:59:28.919358,LIMOUS,a5216ddc-ad2a-4df5-a686-d50d85e92776,3,logical,LOG-COMP-4-3,yesno,4,7,3,4,7,8,7,0,8,7,0,A is taller than C. C is taller than B. Is A taller than B?,yes,yes,1,2.701758623123169,11.626791983456089,0.42315861408387667
2026-01-29T16:59:32.845836,LIMOUS,a5216ddc-ad2a-4df5-a686-d50d85e92776,4,numerical,NUM-NEARBOUNDARY-8,integer,8,11,3,8,11,11,7,0,11,7,0,What is 48 + 15?,63,63,1,3.9183263778686523,4.970097205841544,0.29778760220556433
2026-01-29T16:59:36.212551,LIMOUS,a5216ddc-ad2a-4df5-a686-d50d85e92776,5,logical,LOG-BOOL-7-3-2,boolean,7,11,4,7,11,11,11,0,11,11,0,"A is True.
B is True.
C is False.
What is: ((C AND A) AND C)?",False,f,1,3.3581998348236084,7.895361669217669,0.2992303587450592
2026-01-29T16:59:39.595626,LIMOUS,a5216ddc-ad2a-4df5-a686-d50d85e92776,6,logical,LOG-IMP-11-4-3,yesno,11,14,3,11,14,11,14,0,11,14,0,"B is True.
If B is True, then C is True.
If B is True, then D is True.
If D is True, then A is True.
Is D True?",yes,yes,1,3.374479293823242,6.528393573885139,0.47813258892113725
2026-01-29T16:59:41.343923,LIMOUS,a5216ddc-ad2a-4df5-a686-d50d85e92776,7,numerical,NUM-SQUARE-11,integer,11,15,4,11,15,15,14,0,15,14,0,What is 12^2?,144,144,1,1.7405822277069092,5.249021318328131,0.25264049582004217
2026-01-29T16:59:44.663952,LIMOUS,a5216ddc-ad2a-4df5-a686-d50d85e92776,8,logical,LOG-COMP-14-6,yesno,14,17,3,14,17,15,17,0,15,17,0,F is faster than A. A is faster than C. C is faster than E. Is E faster than A?,no,no,1,3.3109312057495117,12.705974677429934,0.507487550298134
2026-01-29T16:59:47.665222,LIMOUS,a5216ddc-ad2a-4df5-a686-d50d85e92776,9,pattern,PAT-MP-0-4-2,integer,0,4,4,0,4,15,17,4,15,17,4,"1, 2, 4, 8, ?",16,16,1,2.992286205291748,8.768763099844554,0.31086210761188154
2026-01-29T16:59:55.709658,LIMOUS,a5216ddc-ad2a-4df5-a686-d50d85e92776,10,numerical,NUM-SQUARE-15,integer,15,17,2,15,17,17,17,4,17,17,4,What is 17^2?,289,289,1,8.03581166267395,5.457416007365012,0.2791524259573721
2026-01-29T16:59:59.433318,LIMOUS,a5216ddc-ad2a-4df5-a686-d50d85e92776,11,numerical,NUM-RATIOSCALING-17,integer,17,19,2,17,19,19,17,4,19,17,4,"2 -> 12, 5 -> ?",30,30,1,3.7160277366638184,4.155760535694333,0.5921815930431499
2026-01-29T17:00:01.057556,LIMOUS,a5216ddc-ad2a-4df5-a686-d50d85e92776,12,numerical,NUM-SQUARE-19,integer,19,23,4,19,23,23,17,4,23,17,4,What is 12^2?,144,144,1,1.6158404350280762,5.672760320063988,0.3073025265088219
2026-01-29T17:00:12.561449,LIMOUS,a5216ddc-ad2a-4df5-a686-d50d85e92776,13,logical,LOG-COMP-17-8,yesno,17,19,2,17,19,23,19,4,23,19,4,F is larger than H. G is larger than C. A is larger than F. H is larger than G. Is H larger than A?,no,no,1,11.496907949447632,13.047369133745192,0.5329233548712826
2026-01-29T17:00:15.376130,LIMOUS,a5216ddc-ad2a-4df5-a686-d50d85e92776,14,numerical,NUM-RATIOSCALING-23,integer,23,26,3,23,26,26,19,4,26,19,4,"5 -> 55, 8 -> ?",88,88,1,2.8063528537750244,4.415803236587995,0.6403434105630175
2026-01-29T17:00:22.582069,LIMOUS,a5216ddc-ad2a-4df5-a686-d50d85e92776,15,numerical,NUM-DIV-26,integer,26,29,3,26,29,29,19,4,29,19,4,What is 11200 divided by 800?,14,14,1,7.197718143463135,6.038472441233312,0.3156126027903557
2026-01-29T17:00:46.509384,LIMOUS,a5216ddc-ad2a-4df5-a686-d50d85e92776,16,numerical,NUM-SQUARE-29,integer,29,31,2,29,31,31,19,4,31,19,4,What is 28^2?,784,784,1,23.916194915771484,6.243065704668685,0.38390927419038
2026-01-29T17:00:51.920431,LIMOUS,a5216ddc-ad2a-4df5-a686-d50d85e92776,17,logical,LOG-IMP-19-5-4,yesno,19,21,2,19,21,31,21,4,31,21,4,"B is True.
E is True.
If E is True, then A is True.
If C is True, then A is True.
If A is True, then E is True.
If A is True, then B is True.
Is A True?",yes,yes,1,5.401033163070679,7.038885347743609,0.5459432087971585
2026-01-29T17:00:57.606968,LIMOUS,a5216ddc-ad2a-4df5-a686-d50d85e92776,18,pattern,PAT-MIXED-4-2-4-3,integer,4,8,4,4,8,31,21,8,31,21,8,"16, 48, 50, ?",150,150,1,5.677844047546387,14.123348090584837,0.2520856486000103
2026-01-29T17:01:00.457139,LIMOUS,a5216ddc-ad2a-4df5-a686-d50d85e92776,19,pattern,PAT-MP-8-5-2,integer,8,12,4,8,12,31,21,12,31,21,12,"2, 4, 8, 16, 32, ?",64,64,1,2.8362932205200195,9.431171773660648,0.3718534201679878
2026-01-29T17:01:14.534830,LIMOUS,a5216ddc-ad2a-4df5-a686-d50d85e92776,20,pattern,PAT-MIXED-12-2-6-6,integer,12,15,3,12,15,31,21,15,31,21,15,"4, 12, 14, 42, 44, ?",132,132,1,14.070846796035767,15.148845059848309,0.30667689244251306
2026-01-29T17:01:19.088765,LIMOUS,a5216ddc-ad2a-4df5-a686-d50d85e92776,21,logical,LOG-IMP-21-6-5,yesno,21,24,3,21,24,31,24,15,31,24,15,"F is True.
If F is True, then D is True.
If E is True, then B is True.
If E is True, then C is True.
If C is True, then E is True.
If D is True, then B is True.
Is D True?",yes,yes,1,4.545700311660767,7.171827952863241,0.5627295394597049
2026-01-29T17:01:22.412197,LIMOUS,a5216ddc-ad2a-4df5-a686-d50d85e92776,22,logical,LOG-IMP-24-6-5,yesno,24,27,3,24,27,31,27,15,31,27,15,"F is True.
C is True.
If D is True, then F is True.
If C is True, then D is True.
If F is True, then B is True.
If C is True, then B is True.
If C is True, then E is True.
Is E True?",yes,yes,1,3.3147132396698,7.375375444138239,0.587630612695159
2026-01-29T17:01:29.936998,LIMOUS,a5216ddc-ad2a-4df5-a686-d50d85e92776,23,logical,LOG-BOOL-27-4-3,boolean,27,29,2,27,29,31,29,15,31,29,15,"A is True.
B is True.
C is False.
D is False.
What is: (NOT (((B AND (NOT D)) OR B) AND D))?",True,t,1,7.5166566371917725,9.480871801466359,0.45724960132760156
2026-01-29T17:01:31.556167,LIMOUS,a5216ddc-ad2a-4df5-a686-d50d85e92776,24,numerical,NUM-DIV-31,integer,31,35,4,31,35,35,29,15,35,29,15,What is 5000 divided by 1000?,5,5,1,1.6106433868408203,6.333087449131927,0.3534011527604126
2026-01-29T17:01:34.214830,LIMOUS,a5216ddc-ad2a-4df5-a686-d50d85e92776,25,numerical,NUM-RATIO-INVERSE-35,integer,35,38,3,35,38,38,29,15,38,29,15,"22 -> 2, 55 -> ?",5,5,1,2.6471619606018066,4.510775902019394,0.837997558159163
2026-01-29T17:01:36.436037,LIMOUS,a5216ddc-ad2a-4df5-a686-d50d85e92776,26,pattern,PAT-AP-15-6-15,integer,15,18,3,15,18,38,29,18,38,29,18,"22, 23, 24, 25, 26, 27, ?",28,28,1,2.2132084369659424,6.260537458093048,0.48019771643724474
2026-01-29T17:01:43.463922,LIMOUS,a5216ddc-ad2a-4df5-a686-d50d85e92776,27,logical,LOG-BOOL-29-6-3,boolean,29,31,2,29,31,38,31,18,38,31,18,"A is False.
B is False.
C is True.
D is True.
E is False.
F is True.
What is: (NOT (((D AND F) AND E) OR B))?",True,t,1,7.018671989440918,9.654198617428838,0.4741566531848789
2026-01-29T17:01:49.018328,LIMOUS,a5216ddc-ad2a-4df5-a686-d50d85e92776,28,pattern,PAT-MP-18-6-2,integer,18,21,3,18,21,38,31,21,38,31,21,"19, 38, 76, 152, 304, 608, ?",1216,1216,1,5.545353651046753,10.322699888699873,0.45400512316112407
2026-01-29T17:01:51.227405,LIMOUS,a5216ddc-ad2a-4df5-a686-d50d85e92776,29,pattern,PAT-CP-21-5-12,integer,21,24,3,21,24,38,31,24,38,31,24,"2, 6, 1, 9, 17, 2, 6, 1, 9, 17, 2, 6, ?",1,1,1,2.200587034225464,4.729002642849155,0.5934881835443598
2026-01-29T17:02:02.608666,LIMOUS,a5216ddc-ad2a-4df5-a686-d50d85e92776,30,logical,LOG-BOOL-31-6-5,boolean,31,33,2,31,33,38,33,24,38,33,24,"A is False.
B is False.
C is False.
D is False.
E is False.
F is False.
What is: (NOT (((((A AND (NOT C)) AND A) OR (NOT B)) OR B) AND (NOT E)))?",False,f,1,11.371183633804321,9.830391815663777,0.49112316999732275
2026-01-29T17:02:06.236015,LIMOUS,a5216ddc-ad2a-4df5-a686-d50d85e92776,31,logical,LOG-CONSTRAINT-33-8-6,yesno,33,36,3,33,36,38,36,24,38,36,24,"B is faster than C.
B is faster than F.
D is faster than A.
E is faster than G.
A is faster than G.
C is faster than F.
Is G faster than D?",no,no,1,3.619135618209839,10.23692766786716,0.8908629289288136
2026-01-29T17:02:10.705816,LIMOUS,a5216ddc-ad2a-4df5-a686-d50d85e92776,32,logical,LOG-CONSTRAINT-36-8-7,yesno,36,39,3,36,39,38,39,24,38,39,24,"H is left of G.
B is left of F.
D is left of H.
A is left of D.
G is left of A.
E is left of C.
C is left of F.
Is A left of H?",yes,yes,1,4.460544586181641,10.516822013370552,0.9003857233277281
2026-01-29T17:02:13.912277,LIMOUS,a5216ddc-ad2a-4df5-a686-d50d85e92776,33,pattern,PAT-CP-24-5-11,integer,24,27,3,24,27,38,39,27,38,39,27,"13, 20, 3, 5, 7, 13, 20, 3, 5, 7, 13, ?",20,20,1,3.198557138442993,4.871703164958312,0.6178272401074372
2026-01-29T17:02:15.666639,LIMOUS,a5216ddc-ad2a-4df5-a686-d50d85e92776,34,numerical,NUM-RATIOSCALING-38,integer,38,41,3,38,41,41,39,27,41,39,27,"5 -> 55, 3 -> ?",33,33,1,1.7455902099609375,5.12474802481664,0.7477247151654743
2026-01-29T17:02:21.969343,LIMOUS,a5216ddc-ad2a-4df5-a686-d50d85e92776,35,numerical,NUM-NEARBOUNDARY-41,integer,41,43,2,41,43,43,39,27,43,39,27,What is 1006 + 1040?,2046,2046,1,6.294721841812134,6.825591430441744,0.5654705392822443
2026-01-29T17:03:16.704325,LIMOUS,a5216ddc-ad2a-4df5-a686-d50d85e92776,36,pattern,PAT-MIXED-27-4-15-12,integer,27,25,-2,27,25,43,39,25,43,39,25,"2, 10, 20, 28, 31, 155, 310, 318, 321, 1605, 3210, 3218, 3221, 16105, ?",32210,16113,0,54.72581696510315,17.262777018038157,0.4240810437399875
2026-01-29T17:03:23.782420,LIMOUS,a5216ddc-ad2a-4df5-a686-d50d85e92776,37,logical,LOG-BOOL-39-6-3,boolean,39,41,2,39,41,43,41,25,43,41,25,"A is False.
B is True.
C is True.
D is False.
E is True.
F is True.
What is: (NOT (((B OR D) OR (NOT F)) OR D))?",False,f,1,7.0697057247161865,10.564788320748097,0.5588033929281888
2026-01-29T17:03:26.026263,LIMOUS,a5216ddc-ad2a-4df5-a686-d50d85e92776,38,numerical,NUM-RATIO-INVERSE-43,integer,43,46,3,43,46,46,41,25,46,41,25,"30 -> 3, 40 -> ?",4,4,1,2.235969305038452,4.8844553248536355,0.8716046689426101
2026-01-29T17:04:00.746894,LIMOUS,a5216ddc-ad2a-4df5-a686-d50d85e92776,39,pattern,PAT-MIXED-25-4-11-12,integer,25,26,1,25,26,46,41,26,46,41,26,"3, 5, 25, 200, 211, 213, 1065, 8520, 8531, 8533, ?",42665,42665,1,34.71143126487732,16.96567076867736,0.40757558132574184
2026-01-29T17:04:04.175597,LIMOUS,a5216ddc-ad2a-4df5-a686-d50d85e92776,40,pattern,PAT-AP-26-10-35,integer,26,29,3,26,29,46,41,29,46,41,29,"47, 46, 45, 44, 43, 42, 41, 40, 39, 38, ?",37,37,1,3.4213924407958984,6.945978022219077,0.5730972955650949
2026-01-29T17:04:17.716449,LIMOUS,a5216ddc-ad2a-4df5-a686-d50d85e92776,41,pattern,PAT-MP-29-8-3,integer,29,28,-1,29,28,46,41,28,46,41,28,"15, 45, 135, 405, 1215, 3645, 10935, 32805, ?",98415,164015,0,13.53329086303711,11.391634226403651,0.5471715088323043
2026-01-29T17:04:29.639821,LIMOUS,a5216ddc-ad2a-4df5-a686-d50d85e92776,42,logical,LOG-BOOL-41-4-3,boolean,41,43,2,41,43,46,43,28,46,43,28,"A is True.
B is False.
C is True.
D is False.
What is: (NOT (((C AND (NOT D)) AND (NOT C)) AND (NOT A)))?",True,t,1,11.914813995361328,10.756040343946667,0.5754839782474925
2026-01-29T17:04:46.537731,LIMOUS,2f695f27-c488-41e3-868d-0362980fbd91,0,numerical,NUM-RATIOSCALING-0,integer,0,2,2,0,2,2,0,0,2,0,0,"7 -> 21, 4 -> ?",12,12,1,3.2530312538146973,3.4848095914514303,0.44902218786537973
2026-01-29T17:04:49.917533,LIMOUS,2f695f27-c488-41e3-868d-0362980fbd91,1,logical,LOG-CONSTRAINT-0-3-2,yesno,0,3,3,0,3,2,3,0,2,3,0,"C is faster than A.
A is faster than B.
Is B faster than C?",no,no,1,3.37190842628479,7.572585352617928,0.7267779312574109
2026-01-29T17:04:52.133054,LIMOUS,2f695f27-c488-41e3-868d-0362980fbd91,2,logical,LOG-COMP-3-3,yesno,3,6,3,3,6,2,6,0,2,6,0,B is taller than C. C is taller than A. Is A taller than B?,no,no,1,2.2080535888671875,11.523661941537043,0.414887309871342
2026-01-29T17:04:56.833234,LIMOUS,2f695f27-c488-41e3-868d-0362980fbd91,3,logical,LOG-IMP-6-4-3,yesno,6,8,2,6,8,2,8,0,2,8,0,"D is True.
C is True.
If C is True, then A is True.
If C is True, then B is True.
If B is True, then D is True.
Is A True?",yes,yes,1,4.67618203163147,6.225931923506671,0.4360000455366981
2026-01-29T17:05:00.487354,LIMOUS,2f695f27-c488-41e3-868d-0362980fbd91,4,logical,LOG-COMP-8-4,yesno,8,11,3,8,11,2,11,0,2,11,0,C is older than B. B is older than D. Is C older than D?,yes,yes,1,3.645982503890991,12.04787494267213,0.45663145841420455
2026-01-29T17:05:01.764675,LIMOUS,2f695f27-c488-41e3-868d-0362980fbd91,5,numerical,NUM-SQUARE-2,integer,2,6,4,2,6,6,11,0,6,11,0,What is 3^2?,9,9,1,1.2690937519073486,4.8043928296699505,0.19934801784749973
2026-01-29T17:05:06.823501,LIMOUS,2f695f27-c488-41e3-868d-0362980fbd91,6,logical,LOG-CONSTRAINT-11-5-4,yesno,11,14,3,11,14,6,14,0,6,14,0,"E is left of C.
D is left of B.
A is left of C.
D is left of C.
Is C left of E?",no,no,1,5.0466601848602295,8.381891519555639,0.794470459243525
2026-01-29T17:05:09.599509,LIMOUS,2f695f27-c488-41e3-868d-0362980fbd91,7,pattern,PAT-MP-0-4-2,integer,0,4,4,0,4,6,14,4,6,14,4,"2, 4, 8, 16, ?",32,32,1,2.766956329345703,8.768763099844554,0.31086210761188154
2026-01-29T17:05:11.602007,LIMOUS,2f695f27-c488-41e3-868d-0362980fbd91,8,pattern,PAT-CP-4-2-4,integer,4,7,3,4,7,6,14,7,6,14,7,"7, 19, 7, 19, ?",7,7,1,1.9946184158325195,3.9834521646650343,0.4503617294013581
2026-01-29T17:05:13.903571,LIMOUS,2f695f27-c488-41e3-868d-0362980fbd91,9,logical,LOG-CONSTRAINT-14-4-3,yesno,14,17,3,14,17,6,17,7,6,17,7,"A is above D.
B is above A.
D is above C.
Is C above A?",no,no,1,2.2932655811309814,8.615579807321247,0.810616012954929
2026-01-29T17:05:17.976098,LIMOUS,2f695f27-c488-41e3-868d-0362980fbd91,10,pattern,PAT-CP-7-3-7,integer,7,9,2,7,9,6,17,9,6,17,9,"18, 5, 16, 18, 5, 16, 18, ?",5,5,1,4.05936598777771,4.107582186963304,0.475699794129978
2026-01-29T17:05:20.654273,LIMOUS,2f695f27-c488-41e3-868d-0362980fbd91,11,numerical,NUM-NEARBOUNDARY-6,integer,6,10,4,6,10,10,17,9,10,17,9,What is 43 + 20?,63,63,1,2.6699862480163574,4.872973247782208,0.28377555350567396
2026-01-29T17:05:23.854698,LIMOUS,2f695f27-c488-41e3-868d-0362980fbd91,12,numerical,NUM-NEARBOUNDARY-10,integer,10,14,4,10,14,14,17,9,14,17,9,What is 111 + 3?,114,114,1,3.191671848297119,5.068827345783739,0.3121899500532064
2026-01-29T17:05:26.023577,LIMOUS,2f695f27-c488-41e3-868d-0362980fbd91,13,pattern,PAT-AP-9-5-7,integer,9,12,3,9,12,14,17,12,14,17,12,"34, 33, 32, 31, 30, ?",29,29,1,2.1597540378570557,5.91191885286255,0.4296904538872455
2026-01-29T17:05:29.181264,LIMOUS,2f695f27-c488-41e3-868d-0362980fbd91,14,pattern,PAT-CP-12-4-8,integer,12,14,2,12,14,14,17,14,14,17,14,"1, 14, 6, 1, 1, 14, 6, 1, ?",1,1,1,3.149118423461914,4.321374366860133,0.5181442503137479
2026-01-29T17:05:34.637520,LIMOUS,2f695f27-c488-41e3-868d-0362980fbd91,15,logical,LOG-COMP-17-8,yesno,17,20,3,17,20,14,20,14,14,20,14,A is larger than G. E is larger than H. D is larger than E. H is larger than B. Is D larger than H?,yes,yes,1,5.448347091674805,13.047369133745192,0.5329233548712826
2026-01-29T17:05:44.650111,LIMOUS,2f695f27-c488-41e3-868d-0362980fbd91,16,pattern,PAT-MIXED-14-2-7-6,integer,14,17,3,14,17,14,20,17,14,20,17,"18, 54, 56, 168, 170, 510, ?",512,512,1,10.004705429077148,15.41590565830953,0.3213124443979047
2026-01-29T17:05:49.385451,LIMOUS,2f695f27-c488-41e3-868d-0362980fbd91,17,pattern,PAT-CP-17-5-9,integer,17,19,2,17,19,14,20,19,14,20,19,"6, 4, 15, 1, 13, 6, 4, 15, 1, ?",13,13,1,4.72719407081604,4.544115418162634,0.5603284675678182
2026-01-29T17:05:53.839864,LIMOUS,2f695f27-c488-41e3-868d-0362980fbd91,18,logical,LOG-CONSTRAINT-20-7-6,yesno,20,23,3,20,23,14,23,19,14,23,19,"C is faster than A.
F is faster than B.
B is faster than C.
G is faster than E.
G is faster than D.
B is faster than E.
Is E faster than F?",no,no,1,4.445430517196655,9.10056380268783,0.8399534081563274
2026-01-29T17:05:58.180781,LIMOUS,2f695f27-c488-41e3-868d-0362980fbd91,19,numerical,NUM-RATIOSCALING-14,integer,14,16,2,14,16,16,23,19,16,23,19,"8 -> 56, 7 -> ?",49,49,1,4.331031084060669,4.030459630719413,0.5673529997727744
2026-01-29T17:06:15.767003,LIMOUS,2f695f27-c488-41e3-868d-0362980fbd91,20,pattern,PAT-MIXED-19-3-8-8,integer,19,22,3,19,22,16,23,22,16,23,22,"5, 30, 34, 36, 216, 220, 222, ?",1332,1332,1,17.578088998794556,16.103039438482195,0.35942503519886254
2026-01-29T17:06:52.827216,LIMOUS,2f695f27-c488-41e3-868d-0362980fbd91,21,numerical,NUM-SQUARE-16,integer,16,14,-2,16,14,14,23,22,14,23,22,What is 18^2?,324,364,0,37.052161693573,5.510591634959968,0.28604057237894104
2026-01-29T17:07:02.074287,LIMOUS,2f695f27-c488-41e3-868d-0362980fbd91,22,logical,LOG-IMP-23-7-6,yesno,23,22,-1,23,22,14,22,22,14,22,22,"F is True.
C is True.
If F is True, then E is True.
If B is True, then A is True.
If B is True, then C is True.
If A is True, then D is True.
If F is True, then G is True.
If B is True, then E is True.
Is E True?",yes,no,0,9.23707628250122,7.306969088686003,0.5793734200718504
2026-01-29T17:07:12.640014,LIMOUS,2f695f27-c488-41e3-868d-0362980fbd91,23,logical,LOG-BOOL-22-5-3,boolean,22,24,2,22,24,14,24,22,14,24,22,"A is False.
B is True.
C is False.
D is True.
E is True.
What is: (NOT (((A OR (NOT E)) AND (NOT D)) OR (NOT B)))?",True,t,1,10.556143045425415,9.059791028873239,0.4154921539208112
2026-01-29T17:07:15.719154,LIMOUS,2f695f27-c488-41e3-868d-0362980fbd91,24,logical,LOG-CONSTRAINT-24-7-5,yesno,24,27,3,24,27,14,27,22,14,27,22,"D is left of F.
C is left of D.
A is left of F.
A is left of G.
G is left of F.
Is F left of C?",no,no,1,3.0708377361297607,9.437401164177496,0.8573913779346027
2026-01-29T17:07:17.884066,LIMOUS,2f695f27-c488-41e3-868d-0362980fbd91,25,pattern,PAT-AP-22-8-15,integer,22,25,3,22,25,14,27,25,14,27,25,"10, 20, 30, 40, 50, 60, 70, 80, ?",90,90,1,2.1570050716400146,6.689544238621178,0.5395646851272686
2026-01-29T17:07:39.207349,LIMOUS,2f695f27-c488-41e3-868d-0362980fbd91,26,logical,LOG-CONSTRAINT-27-8-7,yesno,27,28,1,27,28,14,28,25,14,28,25,"D is above F.
A is above F.
F is above B.
D is above E.
B is above E.
A is above E.
H is above C.
Is D above B?",yes,yes,1,21.313934803009033,9.697380551244095,0.869406612002467
2026-01-29T17:07:48.486550,LIMOUS,2f695f27-c488-41e3-868d-0362980fbd91,27,logical,LOG-COMP-28-22,yesno,28,30,2,28,30,14,30,25,14,30,25,N is heavier than P. E is heavier than O. U is heavier than A. S is heavier than E. Q is heavier than M. A is heavier than I. O is heavier than G. S is heavier than T. E is heavier than A. O is heavier than V. P is heavier than R. Is I heavier than U?,no,no,1,9.270076751708984,14.37352944613201,0.6237824747224041
2026-01-29T17:07:58.937507,LIMOUS,2f695f27-c488-41e3-868d-0362980fbd91,28,logical,LOG-IMP-30-8-8,yesno,30,32,2,30,32,14,32,25,14,32,25,"B is True.
If D is True, then F is True.
If D is True, then G is True.
If A is True, then C is True.
If E is True, then G is True.
If B is True, then F is True.
If F is True, then C is True.
If C is True, then G is True.
If D is True, then A is True.
Is G True?",yes,yes,1,10.442053318023682,7.797806865538394,0.6359995233969284
2026-01-29T17:08:14.166474,LIMOUS,2f695f27-c488-41e3-868d-0362980fbd91,29,logical,LOG-IMP-32-8-8,yesno,32,33,1,32,33,14,33,25,14,33,25,"B is True.
If A is True, then H is True.
If C is True, then D is True.
If A is True, then C is True.
If E is True, then A is True.
If F is True, then G is True.
If D is True, then H is True.
If B is True, then E is True.
If H is True, then F is True.
Is G True?",yes,yes,1,15.220593690872192,7.943300091707158,0.6515812807157176
2026-01-29T17:08:16.909721,LIMOUS,2f695f27-c488-41e3-868d-0362980fbd91,30,numerical,NUM-RATIO-INVERSE-14,integer,14,16,2,14,16,16,33,25,16,33,25,"8 -> 2, 12 -> ?",3,3,1,2.7345268726348877,3.6389240506816645,0.717051167897461
2026-01-29T17:08:23.461916,LIMOUS,2f695f27-c488-41e3-868d-0362980fbd91,31,pattern,PAT-CP-25-6-13,integer,25,27,2,25,27,16,33,27,16,33,27,"12, 5, 14, 17, 12, 15, 12, 5, 14, 17, 12, 15, 12, ?",5,5,1,6.544022560119629,4.920055555526279,0.6258170866084773
2026-01-29T17:08:26.540993,LIMOUS,2f695f27-c488-41e3-868d-0362980fbd91,32,numerical,NUM-RATIOSCALING-16,integer,16,18,2,16,18,18,33,27,18,33,27,"6 -> 54, 8 -> ?",72,72,1,3.0703511238098145,4.113650568184978,0.583951008731197
2026-01-29T17:08:39.795805,LIMOUS,2f695f27-c488-41e3-868d-0362980fbd91,33,logical,LOG-COMP-33-17,yesno,33,35,2,33,35,18,35,27,18,35,27,N is older than I. E is older than Q. J is older than K. I is older than F. L is older than G. J is older than E. Q is older than C. B is older than Q. Is J older than C?,yes,yes,1,13.245157480239868,15.017031645937191,0.6627381994144695
2026-01-29T17:08:48.945518,LIMOUS,2f695f27-c488-41e3-868d-0362980fbd91,34,logical,LOG-BOOL-35-6-3,boolean,35,37,2,35,37,18,37,27,18,37,27,"A is False.
B is False.
C is False.
D is False.
E is False.
F is False.
What is: (((D OR A) OR (NOT F)) AND (NOT F))?",True,t,1,9.141151428222656,10.191567753398726,0.5250784444877262
2026-01-29T17:09:13.882806,LIMOUS,2f695f27-c488-41e3-868d-0362980fbd91,35,pattern,PAT-MP-27-7-3,integer,27,25,-2,27,25,18,37,25,18,37,25,"17, 51, 153, 459, 1377, 4131, 12393, ?",37179,43179,0,24.9274742603302,11.190042104634806,0.5302864552077253
2026-01-29T17:09:24.093005,LIMOUS,2f695f27-c488-41e3-868d-0362980fbd91,36,logical,LOG-BOOL-37-6-3,boolean,37,39,2,37,39,18,39,25,18,39,25,"A is True.
B is False.
C is True.
D is False.
E is True.
F is True.
What is: (((F AND D) AND C) AND A)?",False,f,1,10.187826871871948,10.376647662882355,0.5419890146425981
2026-01-29T17:09:25.889249,LIMOUS,2f695f27-c488-41e3-868d-0362980fbd91,37,numerical,NUM-DIV-18,integer,18,22,4,18,22,22,39,25,22,39,25,What is 160 divided by 80?,2,2,1,1.7870652675628662,5.591509693743987,0.2600272823541525
2026-01-29T17:09:30.635214,LIMOUS,2f695f27-c488-41e3-868d-0362980fbd91,38,numerical,NUM-RATIO-INVERSE-22,integer,22,24,2,22,24,24,39,25,24,39,25,"45 -> 5, 90 -> ?",10,10,1,4.737695217132568,3.953484194779592,0.7688269378832715
2026-01-29T17:09:34.744096,LIMOUS,2f695f27-c488-41e3-868d-0362980fbd91,39,logical,LOG-IMP-39-7-6,yesno,39,42,3,39,42,24,42,25,24,42,25,"B is True.
If C is True, then D is True.
If E is True, then D is True.
If A is True, then C is True.
If C is True, then E is True.
If D is True, then E is True.
If B is True, then E is True.
Is E True?",yes,yes,1,4.0973594188690186,8.471737056847195,0.7034619107416318
2026-01-29T17:09:41.136319,LIMOUS,2f695f27-c488-41e3-868d-0362980fbd91,40,logical,LOG-BOOL-42-4-3,boolean,42,45,3,42,45,24,45,25,24,45,25,"A is True.
B is False.
C is False.
D is True.
What is: (((A AND C) AND (NOT B)) AND B)?",False,f,1,6.382148504257202,10.852849163853573,0.5837626696829158
2026-01-29T17:09:49.763505,LIMOUS,2f695f27-c488-41e3-868d-0362980fbd91,41,logical,LOG-IMP-45-7-6,yesno,45,47,2,45,47,24,47,25,24,47,25,"F is True.
If D is True, then F is True.
If F is True, then B is True.
If E is True, then B is True.
If D is True, then E is True.
If F is True, then A is True.
If B is True, then D is True.
Is E True?",yes,yes,1,8.61522912979126,8.949466010580577,0.7441595922038273
2026-01-29T19:05:41.472889,LIMOUS,ac285416-94f3-4ffc-956e-43da48a33414,0,numerical,NUM-DIV-0,integer,0,4,4,0,4,4,0,0,4,0,0,What is 450 divided by 30?,15,15,1,2.573197841644287,4.686885398488436,0.16010895743000528
2026-01-29T19:05:44.587874,LIMOUS,ac285416-94f3-4ffc-956e-43da48a33414,1,logical,LOG-COMP-0-3,yesno,0,4,4,0,4,4,4,0,4,4,0,A is faster than B. B is faster than C. Is C faster than A?,no,no,1,3.1061532497406006,11.2192982760777,0.390376635042878
2026-01-29T19:05:46.511547,LIMOUS,ac285416-94f3-4ffc-956e-43da48a33414,2,pattern,PAT-MP-0-4-2,integer,0,4,4,0,4,4,4,4,4,4,4,"4, 8, 16, 32, ?",64,64,1,1.9175715446472168,8.768763099844554,0.31086210761188154
2026-01-29T19:05:47.763808,LIMOUS,ac285416-94f3-4ffc-956e-43da48a33414,3,numerical,NUM-NEARBOUNDARY-4,integer,4,8,4,4,8,8,4,4,8,4,4,What is 7 + 3?,10,10,1,1.2460110187530518,4.777429341588674,0.2701691584521651
2026-01-29T19:05:52.372686,LIMOUS,ac285416-94f3-4ffc-956e-43da48a33414,4,numerical,NUM-DIV-8,integer,8,11,3,8,11,11,4,4,11,4,4,What is 900 divided by 150?,6,6,1,4.600523948669434,5.072506605232282,0.20011120872268082
2026-01-29T19:05:55.524500,LIMOUS,ac285416-94f3-4ffc-956e-43da48a33414,5,numerical,NUM-RATIO-INVERSE-11,integer,11,13,2,11,13,13,4,4,13,4,4,"32 -> 8, 12 -> ?",3,3,1,3.145616292953491,3.5261838685812465,0.6959211494744941
2026-01-29T19:05:58.894250,LIMOUS,ac285416-94f3-4ffc-956e-43da48a33414,6,pattern,PAT-CP-4-2-5,integer,4,6,2,4,6,13,4,6,13,4,6,"2, 13, 2, 13, 2, ?",13,13,1,3.3624610900878906,3.9834521646650343,0.4503617294013581
2026-01-29T19:06:01.354615,LIMOUS,ac285416-94f3-4ffc-956e-43da48a33414,7,numerical,NUM-RATIO-INVERSE-13,integer,13,16,3,13,16,16,4,6,16,4,6,"63 -> 9, 21 -> ?",3,3,1,2.453341245651245,3.6010353745687684,0.7101070171334745
2026-01-29T19:06:03.436409,LIMOUS,ac285416-94f3-4ffc-956e-43da48a33414,8,numerical,NUM-RATIO-INVERSE-16,integer,16,19,3,16,19,19,4,6,19,4,6,"35 -> 5, 14 -> ?",2,2,1,2.0767767429351807,3.715639990960976,0.7306328316493811
2026-01-29T19:06:04.704387,LIMOUS,ac285416-94f3-4ffc-956e-43da48a33414,9,numerical,NUM-SQUARE-19,integer,19,23,4,19,23,23,4,6,23,4,6,What is 1^2?,1,1,1,1.262129783630371,5.672760320063988,0.3073025265088219
2026-01-29T19:06:11.514480,LIMOUS,ac285416-94f3-4ffc-956e-43da48a33414,10,numerical,NUM-RATIOSCALING-23,integer,23,22,-1,23,22,22,4,6,22,4,6,"3 -> 24, 4 -> ?",32,27,0,6.8045666217803955,4.415803236587995,0.6403434105630175
2026-01-29T19:06:22.045468,LIMOUS,ac285416-94f3-4ffc-956e-43da48a33414,11,pattern,PAT-CP-6-3-6,integer,6,7,1,6,7,22,4,7,22,4,7,"6, 8, 18, 6, 8, 18, ?",6,6,1,10.525785207748413,4.065865718858289,0.4672333452746144
2026-01-29T19:06:25.611060,LIMOUS,ac285416-94f3-4ffc-956e-43da48a33414,12,pattern,PAT-MP-7-5-2,integer,7,11,4,7,11,22,4,11,22,4,11,"4, 8, 16, 32, 64, ?",128,128,1,3.5599570274353027,9.34597458472367,0.3639522246442559
2026-01-29T19:06:29.564444,LIMOUS,ac285416-94f3-4ffc-956e-43da48a33414,13,pattern,PAT-CP-11-4-9,integer,11,13,2,11,13,22,4,13,22,4,13,"3, 3, 19, 3, 3, 3, 19, 3, 3, ?",3,3,1,3.948150873184204,4.277911738962226,0.5096567028285435
2026-01-29T19:06:32.033204,LIMOUS,ac285416-94f3-4ffc-956e-43da48a33414,14,pattern,PAT-CP-13-3-9,integer,13,16,3,13,16,22,4,16,22,4,16,"3, 13, 6, 3, 13, 6, 3, 13, 6, ?",3,3,1,2.4634459018707275,4.365194901467591,0.5266213402404494
2026-01-29T19:06:37.746552,LIMOUS,ac285416-94f3-4ffc-956e-43da48a33414,15,numerical,NUM-NEARBOUNDARY-22,integer,22,24,2,22,24,24,4,16,24,4,16,What is 1004 + 474?,1478,1478,1,5.7079057693481445,5.696456643934624,0.4056027431844018
2026-01-29T19:06:46.026889,LIMOUS,ac285416-94f3-4ffc-956e-43da48a33414,16,pattern,PAT-AP-16-6-15,integer,16,18,2,16,18,24,4,18,24,4,18,"-21, -28, -35, -42, -49, -56, ?",-63,-63,1,8.274572372436523,6.320326642430937,0.48868360337992045
2026-01-29T19:07:03.068760,LIMOUS,ac285416-94f3-4ffc-956e-43da48a33414,17,pattern,PAT-MIXED-18-2-7-8,integer,18,21,3,18,21,24,4,21,24,4,21,"7, 42, 48, 288, 294, 1764, ?",1770,1770,1,17.034609079360962,15.963349390800662,0.35164008622208587
2026-01-29T19:07:06.273398,LIMOUS,ac285416-94f3-4ffc-956e-43da48a33414,18,logical,LOG-BOOL-4-2-1,boolean,4,8,4,4,8,24,8,21,24,8,21,"A is True.
B is True.
What is: (B AND A)?",True,t,1,3.1976470947265625,7.679176906656332,0.27830252123438065
2026-01-29T19:07:19.181012,LIMOUS,ac285416-94f3-4ffc-956e-43da48a33414,19,pattern,PAT-MIXED-21-4-10-10,integer,21,24,3,21,24,24,8,24,24,8,24,"2, 8, 72, 76, 83, 89, 801, 805, 812, ?",818,818,1,12.90199327468872,16.385879971722762,0.3752155646360034
2026-01-29T19:07:22.782519,LIMOUS,ac285416-94f3-4ffc-956e-43da48a33414,20,numerical,NUM-DIV-24,integer,24,28,4,24,28,28,8,24,28,8,24,What is 22500 divided by 2250?,10,10,1,3.5952885150909424,5.923967722362863,0.30112148416422047
2026-01-29T19:07:25.618567,LIMOUS,ac285416-94f3-4ffc-956e-43da48a33414,21,logical,LOG-CONSTRAINT-8-4-3,yesno,8,11,3,8,11,28,11,24,28,11,24,"D is left of A.
D is left of B.
C is left of B.
Is D left of A?",yes,yes,1,2.8267059326171875,8.153882578946737,0.7773265565956927
2026-01-29T19:07:37.812613,LIMOUS,ac285416-94f3-4ffc-956e-43da48a33414,22,numerical,NUM-RATIOSCALING-28,integer,28,29,1,28,29,29,11,24,29,11,24,"7 -> 84, 4 -> ?",48,48,1,12.187082052230835,4.6424968731187555,0.678468230405145
2026-01-29T19:07:44.002544,LIMOUS,ac285416-94f3-4ffc-956e-43da48a33414,23,logical,LOG-IMP-11-4-4,yesno,11,13,2,11,13,29,13,24,29,13,24,"C is True.
If B is True, then A is True.
If C is True, then D is True.
If C is True, then B is True.
If A is True, then D is True.
Is A True?",yes,yes,1,6.18427038192749,6.528393573885139,0.47813258892113725
2026-01-29T19:07:48.292718,LIMOUS,ac285416-94f3-4ffc-956e-43da48a33414,24,pattern,PAT-CP-24-5-12,integer,24,26,2,24,26,29,13,26,29,13,26,"8, 5, 12, 1, 9, 8, 5, 12, 1, 9, 8, 5, ?",12,12,1,4.284365653991699,4.871703164958312,0.6178272401074372
2026-01-29T19:07:54.674169,LIMOUS,ac285416-94f3-4ffc-956e-43da48a33414,25,logical,LOG-BOOL-13-3-2,boolean,13,16,3,13,16,29,16,26,29,16,26,"A is True.
B is False.
C is False.
What is: (NOT ((C AND B) AND B))?",True,t,1,6.375838279724121,8.344019797902034,0.3436429152402845
2026-01-29T19:08:04.910891,LIMOUS,ac285416-94f3-4ffc-956e-43da48a33414,26,logical,LOG-COMP-16-8,yesno,16,18,2,16,18,29,18,26,29,18,26,D is older than C. G is older than D. A is older than D. F is older than G. Is D older than F?,no,no,1,10.230547428131104,12.932636447128228,0.5244572109998924
2026-01-29T19:08:21.403808,LIMOUS,ac285416-94f3-4ffc-956e-43da48a33414,27,pattern,PAT-MIXED-26-4-12-12,integer,26,28,2,26,28,29,18,28,29,18,28,"14, 25, 27, 32, 36, 47, 49, 54, 58, 69, 71, ?",76,76,1,16.48746109008789,17.11361474769298,0.415804705999767
2026-01-29T19:08:24.675450,LIMOUS,ac285416-94f3-4ffc-956e-43da48a33414,28,pattern,PAT-CP-28-6-16,integer,28,31,3,28,31,29,18,31,29,18,31,"20, 10, 12, 18, 2, 19, 20, 10, 12, 18, 2, 19, 20, 10, 12, 18, ?",2,2,1,3.2657523155212402,5.067514907765063,0.6493640949178434
2026-01-29T19:08:30.908190,LIMOUS,ac285416-94f3-4ffc-956e-43da48a33414,29,numerical,NUM-RATIOSCALING-29,integer,29,31,2,29,31,31,18,31,31,18,31,"4 -> 28, 3 -> ?",21,21,1,6.227057695388794,4.688961792227027,0.6858349612323008
2026-01-29T19:08:34.954531,LIMOUS,ac285416-94f3-4ffc-956e-43da48a33414,30,logical,LOG-IMP-18-6-5,yesno,18,21,3,18,21,31,21,31,31,21,31,"F is True.
B is True.
If B is True, then F is True.
If D is True, then A is True.
If A is True, then F is True.
If D is True, then C is True.
If F is True, then E is True.
Is E True?",yes,yes,1,4.040864944458008,6.9732272942980895,0.5375082542856651
2026-01-29T19:09:01.095388,LIMOUS,ac285416-94f3-4ffc-956e-43da48a33414,31,pattern,PAT-MP-31-7-3,integer,31,32,1,31,32,31,21,32,31,21,32,"24, 72, 216, 648, 1944, 5832, 17496, ?",52488,52488,1,26.13489270210266,11.596560166317706,0.5639486990294821
2026-01-29T19:09:04.182513,LIMOUS,ac285416-94f3-4ffc-956e-43da48a33414,32,numerical,NUM-RATIO-INVERSE-31,integer,31,34,3,31,34,34,21,32,34,21,32,"33 -> 3, 99 -> ?",9,9,1,3.081022024154663,4.332931323143967,0.8186896249498764
2026-01-29T19:09:12.787030,LIMOUS,ac285416-94f3-4ffc-956e-43da48a33414,33,logical,LOG-BOOL-21-5-3,boolean,21,23,2,21,23,34,23,32,34,23,32,"A is True.
B is False.
C is True.
D is True.
E is True.
What is: (NOT (((D OR (NOT D)) AND B) OR C))?",False,f,1,8.598915100097656,8.97762711329881,0.4072649026489508
2026-01-29T19:09:15.364974,LIMOUS,ac285416-94f3-4ffc-956e-43da48a33414,34,logical,LOG-CONSTRAINT-23-7-5,yesno,23,26,3,23,26,34,26,32,34,26,32,"B is left of A.
E is left of A.
G is left of D.
B is left of C.
D is left of C.
Is C left of G?",no,no,1,2.57198166847229,9.352153096339052,0.8531862707206188
2026-01-29T19:09:23.250545,LIMOUS,ac285416-94f3-4ffc-956e-43da48a33414,35,pattern,PAT-MP-32-7-3,integer,32,34,2,32,34,34,26,34,34,26,34,"29, 87, 261, 783, 2349, 7047, 21141, ?",63423,63423,1,7.879409551620483,11.700290511647415,0.572285152994538
2026-01-29T19:09:29.588070,LIMOUS,ac285416-94f3-4ffc-956e-43da48a33414,36,logical,LOG-IMP-26-9-7,yesno,26,28,2,26,28,34,28,34,34,28,34,"G is True.
D is True.
If F is True, then D is True.
If I is True, then A is True.
If G is True, then A is True.
If D is True, then A is True.
If E is True, then C is True.
If A is True, then E is True.
If G is True, then D is True.
Is A True?",yes,yes,1,6.331401348114014,7.51388273491721,0.6039936792203207
2026-01-29T19:09:32.036636,LIMOUS,ac285416-94f3-4ffc-956e-43da48a33414,37,numerical,NUM-DIV-34,integer,34,38,4,34,38,38,28,34,38,28,34,What is 3000 divided by 150?,20,20,1,2.441356897354126,6.515743222378845,0.3770260424148486
2026-01-29T19:09:40.188558,LIMOUS,ac285416-94f3-4ffc-956e-43da48a33414,38,numerical,NUM-RATIOSCALING-38,integer,38,39,1,38,39,39,28,34,39,28,34,"6 -> 72, 5 -> ?",60,60,1,8.146345853805542,5.12474802481664,0.7477247151654743
2026-01-29T19:09:49.030548,LIMOUS,ac285416-94f3-4ffc-956e-43da48a33414,39,logical,LOG-COMP-28-25,yesno,28,31,3,28,31,39,31,34,39,31,34,D is taller than O. A is taller than Q. B is taller than E. X is taller than G. O is taller than U. J is taller than U. K is taller than G. E is taller than Y. Y is taller than D. B is taller than O. P is taller than F. Q is taller than R. Is U taller than E?,no,no,1,8.833420991897583,14.37352944613201,0.6237824747224041
2026-01-29T19:10:00.895253,LIMOUS,ac285416-94f3-4ffc-956e-43da48a33414,40,logical,LOG-IMP-31-8-8,yesno,31,32,1,31,32,39,32,34,39,32,34,"F is True.
C is True.
If E is True, then B is True.
If H is True, then D is True.
If D is True, then A is True.
If D is True, then E is True.
If A is True, then H is True.
If C is True, then E is True.
If G is True, then D is True.
If F is True, then E is True.
Is B True?",yes,yes,1,11.85681939125061,7.870255179384152,0.6438284716286727
2026-01-29T19:10:08.237053,LIMOUS,ac285416-94f3-4ffc-956e-43da48a33414,41,logical,LOG-CONSTRAINT-32-9-8,yesno,32,34,2,32,34,39,34,34,39,34,34,"E is faster than B.
D is faster than G.
D is faster than C.
D is faster than H.
H is faster than G.
A is faster than F.
B is faster than G.
A is faster than I.
Is E faster than G?",yes,yes,1,7.336015224456787,10.145149421821221,0.8875153133458801
2026-01-29T19:10:09.959057,LIMOUS,ac285416-94f3-4ffc-956e-43da48a33414,42,numerical,NUM-RATIOSCALING-39,integer,39,42,3,39,42,42,34,34,42,34,34,"3 -> 33, 2 -> ?",22,22,1,1.716623306274414,5.175184193046954,0.7540798287889598
2026-01-29T19:10:35.042704,LIMOUS,ac285416-94f3-4ffc-956e-43da48a33414,43,numerical,NUM-SQUARE-42,integer,42,43,1,42,43,43,34,34,43,34,34,What is 27^2?,729,729,1,25.07779884338379,7.057946764844244,0.49217976872450664
2026-01-29T19:10:36.858270,LIMOUS,ac285416-94f3-4ffc-956e-43da48a33414,44,numerical,NUM-RATIOSCALING-43,integer,43,46,3,43,46,46,34,34,46,34,34,"2 -> 22, 3 -> ?",33,33,1,1.8090767860412598,5.381116534145094,0.7784058234604224
2026-01-29T19:10:40.862944,LIMOUS,ac285416-94f3-4ffc-956e-43da48a33414,45,logical,LOG-CONSTRAINT-34-7-6,yesno,34,37,3,34,37,46,37,34,46,37,34,"A is left of C.
D is left of F.
E is left of D.
B is left of E.
C is left of D.
E is left of G.
Is A left of D?",yes,yes,1,3.9986917972564697,10.32946169081015,0.8941228024908936
2026-01-29T19:46:31.237759,LIMOUS,758cc994-1c2b-4a5f-9196-0451107c233a,0,numerical,NUM-RATIO-INVERSE-0,integer,0,2,2,0,2,2,0,0,2,0,0,"14 -> 7, 20 -> ?",10,10,1,3.0344440937042236,2.498758287647004,0.9664991939352751
2026-01-29T19:46:35.636982,LIMOUS,758cc994-1c2b-4a5f-9196-0451107c233a,1,pattern,PAT-MIXED-0-2-4-3,integer,0,3,3,0,3,2,0,3,2,0,3,"4, 8, 24, ?",48,48,1,4.393330335617065,8.929577029453181,0.7525942351746459
2026-01-29T19:46:38.748867,LIMOUS,758cc994-1c2b-4a5f-9196-0451107c233a,2,pattern,PAT-CP-3-2-4,integer,3,4,1,3,4,2,0,4,2,0,4,"6, 5, 6, 5, ?",6,6,1,3.1057353019714355,2.1750563296271266,0.991005259848136
2026-01-29T19:46:42.341810,LIMOUS,758cc994-1c2b-4a5f-9196-0451107c233a,3,pattern,PAT-AP-4-4-5,integer,4,2,-2,4,2,2,0,2,2,0,2,"32, 28, 24, 20, ?",16,16],0,3.587202310562134,2.938966474450969,0.9917270809857165
2026-01-29T19:46:47.077012,LIMOUS,758cc994-1c2b-4a5f-9196-0451107c233a,4,numerical,NUM-RATIOSCALING-2,integer,2,3,1,2,3,3,0,2,3,0,2,"9 -> 27, 7 -> ?",21,21,1,4.728001356124878,3.322939903159601,0.7128916116033681
2026-01-29T19:46:48.988845,LIMOUS,758cc994-1c2b-4a5f-9196-0451107c233a,5,numerical,NUM-SQUARE-3,integer,3,6,3,3,6,6,0,2,6,0,2,What is 9^2?,81,81,1,1.9054763317108154,3.8664014890979646,0.47785922485617116
2026-01-29T19:46:52.638192,LIMOUS,758cc994-1c2b-4a5f-9196-0451107c233a,6,logical,LOG-CONSTRAINT-0-3-2,yesno,0,2,2,0,2,6,2,2,6,2,2,"C is faster than B.
C is faster than A.
Is B faster than C?",no,no,1,3.6401569843292236,3.6696038661116743,0.9421270355187215
2026-01-29T19:47:03.133044,LIMOUS,758cc994-1c2b-4a5f-9196-0451107c233a,7,pattern,PAT-MIXED-2-2-4-3,integer,2,4,2,2,4,6,2,4,6,2,4,"14, 42, 45, ?",135,135,1,10.488335371017456,9.225284917927755,0.7322655091112712
2026-01-29T19:47:07.892633,LIMOUS,758cc994-1c2b-4a5f-9196-0451107c233a,8,logical,LOG-IMP-2-3-2,yesno,2,4,2,2,4,6,4,4,6,4,4,"C is True.
B is True.
If A is True, then C is True.
If C is True, then A is True.
Is A True?",yes,yes,1,4.7530786991119385,3.82769598070775,0.7023325064279132
2026-01-29T19:47:10.084913,LIMOUS,758cc994-1c2b-4a5f-9196-0451107c233a,9,numerical,NUM-RATIO-INVERSE-6,integer,6,8,2,6,8,8,4,4,8,4,4,"27 -> 9, 6 -> ?",2,2,1,2.1870970726013184,2.8207440606566365,0.9544821219163176
2026-01-29T19:47:16.156737,LIMOUS,758cc994-1c2b-4a5f-9196-0451107c233a,10,pattern,PAT-MIXED-4-2-4-3,integer,4,7,3,4,7,8,4,7,8,4,7,"17, 20, 60, ?",63,63,1,6.065707206726074,9.529799138741229,0.7109080528055846
2026-01-29T19:47:20.116501,LIMOUS,758cc994-1c2b-4a5f-9196-0451107c233a,11,logical,LOG-CONSTRAINT-4-3-2,yesno,4,6,2,4,6,8,6,7,8,6,7,"C is left of B.
C is left of A.
Is C left of B?",yes,yes,1,3.95150089263916,3.951871627743765,0.929379168092876
2026-01-29T19:47:35.245537,LIMOUS,758cc994-1c2b-4a5f-9196-0451107c233a,12,pattern,PAT-MIXED-7-2-6-5,integer,7,8,1,7,8,8,6,8,8,6,8,"8, 24, 48, 144, 288, ?",864,864,1,15.123554229736328,10.00365815974838,0.6770559213004105
2026-01-29T19:47:38.316992,LIMOUS,758cc994-1c2b-4a5f-9196-0451107c233a,13,numerical,NUM-NEARBOUNDARY-8,integer,8,11,3,8,11,11,6,8,11,6,8,What is 42 + 1?,43,43,1,3.0659894943237305,5.177543462977821,0.9624925062221821
2026-01-29T19:47:44.508523,LIMOUS,758cc994-1c2b-4a5f-9196-0451107c233a,14,pattern,PAT-MP-8-5-2,integer,8,9,1,8,9,11,6,9,11,6,9,"9, 18, 36, 72, 144, ?",288,288,1,6.1855597496032715,4.4421606250936065,0.9019223871486212
2026-01-29T19:47:58.028664,LIMOUS,758cc994-1c2b-4a5f-9196-0451107c233a,15,pattern,PAT-MIXED-9-2-6-5,integer,9,11,2,9,11,11,6,11,11,6,11,"13, 18, 90, 95, 475, ?",480,480,1,13.514667987823486,10.331352734276937,0.6533790506484539
2026-01-29T19:48:00.900694,LIMOUS,758cc994-1c2b-4a5f-9196-0451107c233a,16,logical,LOG-COMP-6-4,yesno,6,10,4,6,10,11,10,11,11,10,11,C is heavier than A. A is heavier than B. Is B heavier than C?,no,no,1,2.865901470184326,6.340722368226506,0.39901733022089086
2026-01-29T19:48:09.614940,LIMOUS,758cc994-1c2b-4a5f-9196-0451107c233a,17,logical,LOG-CONSTRAINT-10-5-3,yesno,10,11,1,10,11,11,11,11,11,11,11,"B is above D.
D is above A.
B is above E.
Is B above A?",yes,yes,1,8.707692861557007,4.407585364680945,0.9053507433235365
2026-01-29T19:48:12.479175,LIMOUS,758cc994-1c2b-4a5f-9196-0451107c233a,18,numerical,NUM-RATIOSCALING-11,integer,11,14,3,11,14,14,11,11,14,11,11,"2 -> 14, 6 -> ?",42,42,1,2.8557868003845215,3.933216867796431,0.6060882609257333
2026-01-29T19:48:16.692395,LIMOUS,758cc994-1c2b-4a5f-9196-0451107c233a,19,logical,LOG-IMP-11-4-3,yesno,11,13,2,11,13,14,13,11,14,13,11,"B is True.
A is True.
If B is True, then D is True.
If A is True, then D is True.
If A is True, then B is True.
Is D True?",yes,yes,1,4.205956935882568,4.509230241024989,0.5938391044942468
2026-01-29T19:48:19.771923,LIMOUS,758cc994-1c2b-4a5f-9196-0451107c233a,20,numerical,NUM-RATIOSCALING-14,integer,14,16,2,14,16,16,13,11,16,13,11,"9 -> 63, 2 -> ?",14,14,1,3.0745222568511963,4.155220087856847,0.5674304676782003
2026-01-29T19:48:25.678605,LIMOUS,758cc994-1c2b-4a5f-9196-0451107c233a,21,logical,LOG-IMP-13-4-3,yesno,13,15,2,13,15,16,15,11,16,15,11,"D is True.
If D is True, then C is True.
If C is True, then B is True.
If B is True, then C is True.
Is B True?",yes,yes,1,5.900966644287109,4.673297938658176,0.5679543923016345
2026-01-29T19:48:29.981281,LIMOUS,758cc994-1c2b-4a5f-9196-0451107c233a,22,pattern,PAT-AP-11-6-10,integer,11,13,2,11,13,16,15,13,16,15,13,"-15, -11, -7, -3, 1, 5, ?",9,9,1,4.296677350997925,3.3650439952279205,0.9880409847988517
2026-01-29T19:48:37.663377,LIMOUS,758cc994-1c2b-4a5f-9196-0451107c233a,23,pattern,PAT-CP-13-4-9,integer,13,14,1,13,14,16,15,14,16,15,14,"7, 11, 12, 14, 7, 11, 12, 14, 7, ?",11,11,1,7.675126552581787,2.6768403985466978,0.9847878904567116
2026-01-29T19:48:48.214225,LIMOUS,758cc994-1c2b-4a5f-9196-0451107c233a,24,pattern,PAT-MIXED-14-3-7-6,integer,14,16,2,14,16,16,15,16,16,15,16,"5, 25, 28, 32, 160, 163, ?",167,167,1,10.544018507003784,11.193922514266944,0.590988414217333
2026-01-29T19:48:55.966550,LIMOUS,758cc994-1c2b-4a5f-9196-0451107c233a,25,numerical,NUM-DIV-16,integer,16,17,1,16,17,17,15,16,17,15,16,What is 3420 divided by 180?,19,19,1,7.74619460105896,4.726588681159247,0.7249387585482675
2026-01-29T19:49:01.413823,LIMOUS,758cc994-1c2b-4a5f-9196-0451107c233a,26,logical,LOG-IMP-15-5-4,yesno,15,17,2,15,17,17,17,16,17,17,16,"B is True.
D is True.
If A is True, then D is True.
If D is True, then C is True.
If B is True, then C is True.
If C is True, then E is True.
Is E True?",yes,yes,1,5.440924406051636,4.842251656339356,0.5416931822193215
2026-01-29T19:49:04.462894,LIMOUS,758cc994-1c2b-4a5f-9196-0451107c233a,27,pattern,PAT-CP-16-5-9,integer,16,18,2,16,18,17,17,18,17,17,18,"17, 2, 13, 7, 14, 17, 2, 13, 7, ?",14,14,1,3.0431525707244873,2.8423045226670314,0.9822037476199573
2026-01-29T19:49:15.100094,LIMOUS,758cc994-1c2b-4a5f-9196-0451107c233a,28,pattern,PAT-MP-18-6-3,integer,18,19,1,18,19,17,17,19,17,17,19,"17, 51, 153, 459, 1377, 4131, ?",12393,12393,1,10.631355047225952,5.302236547744732,0.8438323808906002
2026-01-29T19:49:21.596938,LIMOUS,758cc994-1c2b-4a5f-9196-0451107c233a,29,numerical,NUM-NEARBOUNDARY-17,integer,17,19,2,17,19,19,17,19,19,17,19,What is 191 + 518?,709,709,1,6.490537881851196,6.0496380462827455,0.9408337234369256
2026-01-29T19:49:30.828330,LIMOUS,758cc994-1c2b-4a5f-9196-0451107c233a,30,pattern,PAT-AP-19-6-15,integer,19,20,1,19,20,19,17,20,19,17,20,"-41, -52, -63, -74, -85, -96, ?",-107,-107,1,9.225740194320679,3.908709155466224,0.9818156544130997
2026-01-29T19:49:37.333869,LIMOUS,758cc994-1c2b-4a5f-9196-0451107c233a,31,logical,LOG-BOOL-17-4-2,boolean,17,19,2,17,19,19,19,20,19,19,20,"A is True.
B is True.
C is True.
D is True.
What is: (NOT ((B AND (NOT A)) OR (NOT D)))?",True,t,1,6.499068021774292,6.894932707306997,0.940300155014412
2026-01-29T19:49:41.757326,LIMOUS,758cc994-1c2b-4a5f-9196-0451107c233a,32,logical,LOG-IMP-19-6-4,yesno,19,21,2,19,21,19,21,20,19,21,20,"B is True.
If E is True, then A is True.
If E is True, then D is True.
If B is True, then E is True.
If A is True, then E is True.
Is D True?",yes,yes,1,4.416659832000732,5.195403517869628,0.4886176515209436
2026-01-29T19:49:43.836584,LIMOUS,758cc994-1c2b-4a5f-9196-0451107c233a,33,numerical,NUM-SQUARE-19,integer,19,23,4,19,23,23,21,20,23,21,20,What is 20^2?,400,400,1,2.0727603435516357,5.1541104572193355,0.2810187964386889
2026-01-29T19:50:08.606098,LIMOUS,758cc994-1c2b-4a5f-9196-0451107c233a,34,pattern,PAT-MP-20-6-4,integer,20,21,1,20,21,23,21,21,23,21,21,"18, 72, 288, 1152, 4608, 18432, ?",73728,73728,1,24.7638943195343,5.4899203792587015,0.8293000771982403
2026-01-29T19:50:15.732509,LIMOUS,758cc994-1c2b-4a5f-9196-0451107c233a,35,logical,LOG-IMP-21-7-6,yesno,21,23,2,21,23,23,23,21,23,23,21,"C is True.
A is True.
If E is True, then F is True.
If G is True, then D is True.
If D is True, then F is True.
If D is True, then C is True.
If A is True, then B is True.
If F is True, then D is True.
Is B True?",yes,yes,1,7.1204588413238525,5.379905807049014,0.46210124653573614
2026-01-29T19:50:38.132101,LIMOUS,758cc994-1c2b-4a5f-9196-0451107c233a,36,numerical,NUM-DIV-23,integer,23,21,-2,23,21,21,23,21,21,23,21,What is 13500 divided by 2250?,6,7,0,22.39397120475769,5.3460330769427316,0.6449402629408183
2026-01-29T19:50:42.949089,LIMOUS,758cc994-1c2b-4a5f-9196-0451107c233a,37,pattern,PAT-CP-21-6-13,integer,21,22,1,21,22,21,23,22,21,23,22,"1, 5, 5, 15, 15, 3, 1, 5, 5, 15, 15, 3, 1, ?",5,5,1,4.810983657836914,3.1347899694174446,0.9769087205596899
2026-01-29T19:50:51.132205,LIMOUS,758cc994-1c2b-4a5f-9196-0451107c233a,38,pattern,PAT-MP-22-6-2,integer,22,23,1,22,23,21,23,23,21,23,23,"23, 46, 92, 184, 368, 736, ?",1472,1472,1,8.177405595779419,5.683193531380509,0.8137139978909783
2026-01-29T19:51:00.172296,LIMOUS,758cc994-1c2b-4a5f-9196-0451107c233a,39,numerical,NUM-DIV-21,integer,21,22,1,21,22,22,23,23,22,23,23,What is 8500 divided by 500?,17,17,1,9.033760786056519,5.162510362765604,0.6689014607837246
2026-01-29T19:51:07.389572,LIMOUS,758cc994-1c2b-4a5f-9196-0451107c233a,40,logical,LOG-COMP-23-12,yesno,23,26,3,23,26,22,26,23,22,26,23,J is faster than I. B is faster than H. H is faster than E. D is faster than B. H is faster than C. I is faster than H. Is E faster than D?,no,no,1,7.211061954498291,8.420381350763408,0.21189701622245682
2026-01-29T19:51:17.757212,LIMOUS,758cc994-1c2b-4a5f-9196-0451107c233a,41,logical,LOG-COMP-26-22,yesno,26,29,3,26,29,22,29,23,22,29,23,C is faster than P. R is faster than M. L is faster than Q. G is faster than C. D is faster than G. V is faster than B. P is faster than F. M is faster than A. A is faster than Q. F is faster than Q. G is faster than A. Is F faster than C?,no,no,1,10.360953569412231,8.84431466853801,0.18647916816073018
2026-01-29T19:51:23.036185,LIMOUS,758cc994-1c2b-4a5f-9196-0451107c233a,42,pattern,PAT-CP-23-6-10,integer,23,24,1,23,24,22,29,24,22,29,24,"2, 5, 2, 3, 17, 19, 2, 5, 2, 3, ?",17,17,1,5.273218393325806,3.257926131966518,0.9743840197475405
2026-01-29T19:51:34.507945,LIMOUS,758cc994-1c2b-4a5f-9196-0451107c233a,43,logical,LOG-COMP-29-22,yesno,29,28,-1,29,28,22,28,24,22,28,24,D is larger than L. V is larger than A. Q is larger than D. U is larger than T. K is larger than I. R is larger than O. G is larger than K. H is larger than G. L is larger than H. U is larger than K. A is larger than C. Is U larger than I?,yes,no,0,11.464521646499634,9.287325712704737,0.16347783352540304
2026-01-30T15:44:57.879702,LIMOUS,70274c50-e5ca-47ef-822b-d4a775ccc9f7,0,logical,LOG-COMP-0-4,yesno,0,3,3,0,3,0,3,0,0,3,0,"A is faster than D.
 C is faster than B.
 B is faster than A.
 Is D faster than B?",no,no,1,2.9958553314208984,5.722097270952573,0.4773869308405905
2026-01-30T15:45:01.421158,LIMOUS,70274c50-e5ca-47ef-822b-d4a775ccc9f7,1,pattern,PAT-AP-0-4-5,integer,0,1,1,0,1,0,3,1,0,3,1,"19, 17, 15, 13, ?",11,11,1,3.528367042541504,2.714436572735056,0.9933015536691723
2026-01-30T15:45:03.479316,LIMOUS,70274c50-e5ca-47ef-822b-d4a775ccc9f7,2,numerical,NUM-RATIO-MUL-0,integer,0,2,2,0,2,2,3,1,2,3,1,"7 -> 21, 8 -> ?",24,24,1,2.0491833686828613,2.498758287647004,0.9664991939352751
2026-01-30T15:45:06.445201,LIMOUS,70274c50-e5ca-47ef-822b-d4a775ccc9f7,3,pattern,PAT-AP-1-4-5,integer,1,3,2,1,3,2,3,3,2,3,3,"18, 15, 12, 9, ?",6,6,1,2.9493377208709717,2.7693397221231795,0.992938310095298
2026-01-30T15:45:10.063625,LIMOUS,70274c50-e5ca-47ef-822b-d4a775ccc9f7,4,pattern,PAT-MP-3-8-2,integer,3,5,2,3,5,2,3,5,2,3,5,"2, 4, 8, 16, 32, 64, 128, 256, ?",512,512,1,3.6091461181640625,4.05719481220075,0.9230581311097368
2026-01-30T15:45:11.932538,LIMOUS,70274c50-e5ca-47ef-822b-d4a775ccc9f7,5,numerical,NUM-SQUARE-2,integer,2,5,3,2,5,5,3,5,5,3,5,What is 5^2?,25,25,1,1.858952522277832,3.795518844487721,0.4911392983170604
2026-01-30T15:45:16.390816,LIMOUS,70274c50-e5ca-47ef-822b-d4a775ccc9f7,6,pattern,PAT-CP-5-3-6,integer,5,6,1,5,6,5,3,6,5,3,6,"6, 18, 12, 6, 18, 12, ?",6,6,1,4.450057744979858,2.2696111329422055,0.9900060464731069
2026-01-30T15:45:18.873677,LIMOUS,70274c50-e5ca-47ef-822b-d4a775ccc9f7,7,numerical,NUM-NEARBOUNDARY-5,integer,5,8,3,5,8,8,3,6,8,3,6,What is 98 + 10?,108,108,1,2.4745826721191406,4.911515142659418,0.9678451604331509
2026-01-30T15:45:21.444171,LIMOUS,70274c50-e5ca-47ef-822b-d4a775ccc9f7,8,pattern,PAT-CP-6-3-7,integer,6,8,2,6,8,8,3,8,8,3,8,"14, 3, 6, 14, 3, 6, 14, ?",3,3,1,2.5613927841186523,2.3179393100312056,0.9894659892399172
2026-01-30T15:45:23.735424,LIMOUS,70274c50-e5ca-47ef-822b-d4a775ccc9f7,9,pattern,PAT-MP-8-6-2,integer,8,11,3,8,11,8,3,11,8,3,11,"8, 16, 32, 64, 128, 256, ?",512,512,1,2.2824859619140625,4.4421606250936065,0.9019223871486212
2026-01-30T15:45:33.755342,LIMOUS,70274c50-e5ca-47ef-822b-d4a775ccc9f7,10,pattern,PAT-MP-11-5-2,integer,11,12,1,11,12,8,3,12,8,3,12,"12, 24, 48, 96, 192, ?",384,384,1,10.012070178985596,4.687067187126922,0.8868785193820304
2026-01-30T15:45:36.164397,LIMOUS,70274c50-e5ca-47ef-822b-d4a775ccc9f7,11,numerical,NUM-SQUARE-8,integer,8,11,3,8,11,11,3,12,11,3,12,What is 9^2?,81,81,1,2.40168833732605,4.2368436560862595,0.41229312589728173
2026-01-30T15:45:39.526507,LIMOUS,70274c50-e5ca-47ef-822b-d4a775ccc9f7,12,numerical,NUM-RATIO-MUL-11,integer,11,13,2,11,13,13,3,12,13,3,12,"10 -> 70, 7 -> ?",49,49,1,3.3552632331848145,3.1115882732659115,0.9414307540444131
2026-01-30T15:45:41.880148,LIMOUS,70274c50-e5ca-47ef-822b-d4a775ccc9f7,13,pattern,PAT-CP-12-3-8,integer,12,14,2,12,14,13,3,14,13,3,14,"9, 2, 16, 9, 2, 16, 9, 2, ?",16,16,1,2.346324920654297,2.62328456846514,0.9855642851954666
2026-01-30T15:45:47.192646,LIMOUS,70274c50-e5ca-47ef-822b-d4a775ccc9f7,14,logical,LOG-IMP-3-3-2,yesno,3,4,1,3,4,13,4,14,13,4,14,"C is True.
A is True.
If A is True, then C is True.
If A is True, then B is True.
Is B True?",yes,yes,1,5.304610729217529,3.899054236109073,0.6910975255066119
2026-01-30T15:45:49.326502,LIMOUS,70274c50-e5ca-47ef-822b-d4a775ccc9f7,15,numerical,NUM-NEARBOUNDARY-13,integer,13,16,3,13,16,16,4,14,16,4,14,What is 109 - 10?,99,99,1,2.122276782989502,5.647792905449133,0.9516215448339485
2026-01-30T15:45:52.294675,LIMOUS,70274c50-e5ca-47ef-822b-d4a775ccc9f7,16,logical,LOG-BOOL-4-2-1,boolean,4,7,3,4,7,16,7,14,16,7,14,"A is False.
B is True.
What is: (A AND A)?",False,f,1,2.9597511291503906,5.523911864985609,0.9691755842795482
2026-01-30T15:45:56.923843,LIMOUS,70274c50-e5ca-47ef-822b-d4a775ccc9f7,17,numerical,NUM-RATIO-DIV-16,integer,16,17,1,16,17,17,7,14,17,7,14,"40 -> 8, 65 -> ?",13,13,1,4.622605323791504,3.4245722457401193,0.9249314800366417
2026-01-30T15:46:14.545276,LIMOUS,70274c50-e5ca-47ef-822b-d4a775ccc9f7,18,numerical,NUM-SQUARE-17,integer,17,19,2,17,19,19,7,14,19,7,14,What is 29^2?,841,841,1,17.61423349380493,4.976138007224032,0.30299747075012257
2026-01-30T15:46:17.814550,LIMOUS,70274c50-e5ca-47ef-822b-d4a775ccc9f7,19,logical,LOG-COMP-7-4,yesno,7,11,4,7,11,19,11,14,19,11,14,"D is faster than B.
 C is faster than A.
 D is faster than A.
 Is B faster than C?",no,no,1,3.257578134536743,6.449225708883285,0.38633702038696566
2026-01-30T15:46:22.643617,LIMOUS,70274c50-e5ca-47ef-822b-d4a775ccc9f7,20,logical,LOG-CONSTRAINT-11-5-3,yesno,11,13,2,11,13,19,13,14,19,13,14,"C is above E.
B is above C.
B is above D.
Is E above D?",no,no,1,4.8204710483551025,4.48751497480954,0.9006949197871013
2026-01-30T15:46:46.192340,LIMOUS,70274c50-e5ca-47ef-822b-d4a775ccc9f7,21,numerical,NUM-SQUARE-19,integer,19,21,2,19,21,21,13,14,21,13,14,What is 27^2?,729,729,1,23.54058337211609,5.1541104572193355,0.2810187964386889
2026-01-30T15:46:54.096673,LIMOUS,70274c50-e5ca-47ef-822b-d4a775ccc9f7,22,logical,LOG-BOOL-13-3-2,boolean,13,15,2,13,15,21,15,14,21,15,14,"A is True.
B is False.
C is True.
What is: ((C AND (NOT C)) AND (NOT C))?",False,f,1,7.895350694656372,6.444903879612427,0.9511802140959355
2026-01-30T15:47:05.192783,LIMOUS,70274c50-e5ca-47ef-822b-d4a775ccc9f7,23,pattern,PAT-MP-14-5-3,integer,14,15,1,14,15,21,15,15,21,15,15,"9, 27, 81, 243, 729, ?",2187,2187,1,11.087004661560059,4.942994964493431,0.8698600710225057
2026-01-30T15:47:17.294671,LIMOUS,70274c50-e5ca-47ef-822b-d4a775ccc9f7,24,pattern,PAT-MIXED-15-3-8-8,integer,15,17,2,15,17,21,15,17,21,15,17,"7, 15, 22, 66, 74, 81, 243, ?",251,251,1,12.093510866165161,11.374161087821324,0.5780755727562193
2026-01-30T15:47:21.600900,LIMOUS,70274c50-e5ca-47ef-822b-d4a775ccc9f7,25,pattern,PAT-CP-17-4-8,integer,17,18,1,17,18,21,15,18,21,15,18,"15, 8, 9, 1, 15, 8, 9, 1, ?",15,15,1,4.298095226287842,2.899097690371418,0.9812500518869876
2026-01-30T15:47:24.970566,LIMOUS,70274c50-e5ca-47ef-822b-d4a775ccc9f7,26,pattern,PAT-AP-18-7-15,integer,18,20,2,18,20,21,15,20,21,15,20,"37, 30, 23, 16, 9, 2, -5, ?",-12,-12,1,3.3579752445220947,3.8372102692067473,0.9827410873933311
2026-01-30T15:47:32.695502,LIMOUS,70274c50-e5ca-47ef-822b-d4a775ccc9f7,27,numerical,NUM-DIV-21,integer,21,22,1,21,22,22,15,20,22,15,20,What is 1920 divided by 240?,8,8,1,7.717062473297119,5.162510362765604,0.6689014607837246
2026-01-30T15:47:37.900620,LIMOUS,70274c50-e5ca-47ef-822b-d4a775ccc9f7,28,logical,LOG-CONSTRAINT-15-5-5,yesno,15,17,2,15,17,22,17,20,22,17,20,"B is above C.
B is above A.
E is above C.
C is above A.
A is above E.
Is A above C?",yes,yes,1,5.196371078491211,4.819223747817702,0.8799832670389502
2026-01-30T15:47:48.256910,LIMOUS,70274c50-e5ca-47ef-822b-d4a775ccc9f7,29,logical,LOG-IMP-17-6-5,yesno,17,18,1,17,18,22,18,20,22,18,20,"C is True.
If D is True, then E is True.
If E is True, then C is True.
If D is True, then F is True.
If B is True, then D is True.
If D is True, then B is True.
Is B True?",no,no,1,10.347386837005615,5.016236902247493,0.5151982700612003
2026-01-30T15:47:52.206544,LIMOUS,70274c50-e5ca-47ef-822b-d4a775ccc9f7,30,logical,LOG-IMP-18-5-5,yesno,18,20,2,18,20,22,20,20,22,20,20,"D is True.
E is True.
If C is True, then D is True.
If E is True, then D is True.
If D is True, then C is True.
If D is True, then A is True.
If C is True, then A is True.
Is A True?",yes,yes,1,3.9401845932006836,5.105163000978858,0.501909309794007
2026-01-30T15:48:13.929443,LIMOUS,70274c50-e5ca-47ef-822b-d4a775ccc9f7,31,numerical,NUM-SQUARE-22,integer,22,24,2,22,24,24,20,20,24,20,20,What is 46^2?,2116,2116,1,21.714035272598267,5.4310559827705855,0.24993907107982127
2026-01-30T15:48:26.117813,LIMOUS,70274c50-e5ca-47ef-822b-d4a775ccc9f7,32,pattern,PAT-MIXED-20-2-9-10,integer,20,22,2,20,22,24,20,22,24,20,22,"5, 10, 14, 19, 23, 28, 32, 37, ?",41,41,1,12.179918050765991,12.316111943767748,0.5122489750346996
2026-01-30T15:48:31.779805,LIMOUS,70274c50-e5ca-47ef-822b-d4a775ccc9f7,33,logical,LOG-IMP-20-7-6,yesno,20,22,2,20,22,24,22,22,24,22,22,"F is True.
D is True.
If E is True, then A is True.
If B is True, then G is True.
If F is True, then A is True.
If C is True, then A is True.
If B is True, then E is True.
If A is True, then E is True.
Is C True?",no,no,1,5.653495788574219,5.286977881356696,0.4753420693120702
2026-01-30T15:49:09.374913,LIMOUS,70274c50-e5ca-47ef-822b-d4a775ccc9f7,34,numerical,NUM-SQUARE-24,integer,24,26,2,24,26,26,22,22,26,22,22,What is 57^2?,3249,3249,1,37.586283922195435,5.622576123022882,0.2305361404263476
2026-01-30T15:49:28.473843,LIMOUS,70274c50-e5ca-47ef-822b-d4a775ccc9f7,35,pattern,PAT-MP-22-3-4,integer,22,23,1,22,23,26,22,23,26,22,23,"8, 32, 128, ?",512,512,1,19.08972668647766,5.683193531380509,0.8137139978909783
2026-01-30T15:49:37.371342,LIMOUS,70274c50-e5ca-47ef-822b-d4a775ccc9f7,36,logical,LOG-BOOL-22-4-4,boolean,22,24,2,22,24,26,24,23,26,24,23,"A is False.
B is True.
C is True.
D is True.
What is: (NOT ((((D AND B) OR B) AND (NOT B)) OR A))?",True,t,1,8.887933254241943,7.495913943005178,0.9235082630874107
2026-01-30T15:49:43.051676,LIMOUS,70274c50-e5ca-47ef-822b-d4a775ccc9f7,37,pattern,PAT-MP-23-3-4,integer,23,25,2,23,25,26,24,25,26,24,25,"10, 40, 160, ?",640,640,1,5.671299457550049,5.781977927252678,0.8055188364464323
2026-01-30T15:49:48.198422,LIMOUS,70274c50-e5ca-47ef-822b-d4a775ccc9f7,38,logical,LOG-CONSTRAINT-24-7-6,yesno,24,26,2,24,26,26,26,25,26,26,25,"B is faster than C.
A is faster than G.
B is faster than F.
F is faster than G.
C is faster than A.
B is faster than E.
Is E faster than G?",no,no,1,5.13799786567688,5.64073371208186,0.8196090295557016
2026-01-30T15:50:15.951897,LIMOUS,70274c50-e5ca-47ef-822b-d4a775ccc9f7,39,pattern,PAT-MIXED-25-4-14-12,integer,25,26,1,25,26,26,26,26,26,26,26,"16, 24, 34, 68, 76, 84, 94, 188, 196, 204, 214, 428, 436, ?",444,444,1,27.744680881500244,13.329766360765385,0.44599474999272126
2026-01-30T18:03:47.279574,LIMOUS,40760772-e3d7-4063-bd26-609ec107de4a,0,logical,LOG-CONSTRAINT-0-3-2,yesno,0,2,2,0,2,0,2,0,0,2,0,"A is above C.
A is above B.
Is B above C?",no,no,1,2.92423939704895,3.6696038661116743,0.9421270355187215
2026-01-30T18:03:49.313329,LIMOUS,40760772-e3d7-4063-bd26-609ec107de4a,1,logical,LOG-CONSTRAINT-2-3-2,yesno,2,5,3,2,5,0,5,0,0,5,0,"C is faster than A.
B is faster than A.
Is A faster than C?",no,no,1,2.027463912963867,3.80866706036101,0.936048404156632
2026-01-30T18:03:50.927526,LIMOUS,40760772-e3d7-4063-bd26-609ec107de4a,2,logical,LOG-COMP-5-4,yesno,5,8,3,5,8,0,8,0,0,8,0,"B is taller than D.
 D is taller than C.
 B is taller than A.
 Is A taller than C?",no,no,1,1.607886791229248,6.233799456918191,0.4118345219097162
2026-01-30T18:03:53.232201,LIMOUS,40760772-e3d7-4063-bd26-609ec107de4a,3,numerical,NUM-NEARBOUNDARY-0,integer,0,3,3,0,3,3,8,0,3,8,0,What is 49 + 3?,52,52,1,2.298689126968384,4.493348280433963,0.9751657046210083
2026-01-30T18:03:56.263851,LIMOUS,40760772-e3d7-4063-bd26-609ec107de4a,4,pattern,PAT-CP-0-2-5,integer,0,1,1,0,1,3,8,1,3,8,1,"1, 15, 1, 15, 1, ?",15,15,1,3.0250141620635986,2.0383264292469745,0.9923213517514244
2026-01-30T18:04:01.335458,LIMOUS,40760772-e3d7-4063-bd26-609ec107de4a,5,logical,LOG-BOOL-8-3-2,boolean,8,10,2,8,10,3,10,1,3,10,1,"A is True.
B is False.
C is False.
What is: ((A AND C) OR C)?",False,f,1,5.065222978591919,5.918268656699488,0.9621464006607396
2026-01-30T18:04:09.087210,LIMOUS,40760772-e3d7-4063-bd26-609ec107de4a,6,logical,LOG-IMP-10-5-4,yesno,10,11,1,10,11,3,11,1,3,11,1,"C is True.
A is True.
If B is True, then D is True.
If C is True, then D is True.
If E is True, then D is True.
If B is True, then A is True.
Is D True?",yes,yes,1,7.744022846221924,4.428984332395085,0.60659782545951
2026-01-30T18:04:10.943314,LIMOUS,40760772-e3d7-4063-bd26-609ec107de4a,7,numerical,NUM-DIV-3,integer,3,6,3,3,6,6,11,1,6,11,1,What is 160 divided by 80?,2,2,1,1.8508002758026123,3.7321188448293574,0.8402866449216989
2026-01-30T18:04:15.776848,LIMOUS,40760772-e3d7-4063-bd26-609ec107de4a,8,pattern,PAT-MP-1-8-2,integer,1,3,2,1,3,6,11,3,6,11,3,"5, 10, 20, 40, 80, 160, 320, 640, ?",1280,1280,1,4.8273890018463135,3.9109443740443997,0.9302795268895705
2026-01-30T18:04:19.408678,LIMOUS,40760772-e3d7-4063-bd26-609ec107de4a,9,numerical,NUM-SQUARE-6,integer,6,8,2,6,8,8,11,3,8,11,3,What is 16^2?,256,256,1,3.6266255378723145,4.085397902521226,0.4382802121070525
2026-01-30T18:04:25.584465,LIMOUS,40760772-e3d7-4063-bd26-609ec107de4a,10,logical,LOG-BOOL-11-3-2,boolean,11,13,2,11,13,8,13,3,8,13,3,"A is False.
B is False.
C is False.
What is: (NOT ((B OR (NOT C)) OR A))?",False,f,1,6.170017719268799,6.229602611842713,0.9558883391281001
2026-01-30T18:04:29.583504,LIMOUS,40760772-e3d7-4063-bd26-609ec107de4a,11,pattern,PAT-AP-3-4-5,integer,3,4,1,3,4,8,13,4,8,13,4,"23, 27, 31, 35, ?",39,39,1,3.993487596511841,2.88159258917544,0.9921521360815004
2026-01-30T18:04:35.616132,LIMOUS,40760772-e3d7-4063-bd26-609ec107de4a,12,logical,LOG-BOOL-13-3-2,boolean,13,15,2,13,15,8,15,4,8,15,4,"A is True.
B is True.
C is False.
What is: ((A AND (NOT C)) OR A)?",True,t,1,6.026992082595825,6.444903879612427,0.9511802140959355
2026-01-30T18:04:57.727317,LIMOUS,40760772-e3d7-4063-bd26-609ec107de4a,13,logical,LOG-COMP-15-8,yesno,15,17,2,15,17,8,17,4,8,17,4,"A is heavier than G.
 C is heavier than F.
 G is heavier than F.
 E is heavier than F.
 E is heavier than D.
 B is heavier than H.
 A is heavier than B.
 D is heavier than C.
 H is heavier than E.
 Is D heavier than H?",no,no,1,22.10492777824402,7.3770249459812085,0.2914954495355709
2026-01-30T18:05:05.551208,LIMOUS,40760772-e3d7-4063-bd26-609ec107de4a,14,logical,LOG-BOOL-17-3-3,boolean,17,19,2,17,19,8,19,4,8,19,4,"A is True.
B is True.
C is False.
What is: (NOT (((A OR (NOT C)) AND C) OR (NOT B)))?",True,t,1,7.817926645278931,6.894932707306997,0.940300155014412
2026-01-30T18:05:07.535904,LIMOUS,40760772-e3d7-4063-bd26-609ec107de4a,15,pattern,PAT-CP-4-2-4,integer,4,6,2,4,6,8,19,6,8,19,6,"3, 11, 3, 11, ?",3,3,1,1.978855848312378,2.221986890579704,0.9905186813841752
2026-01-30T18:05:14.767360,LIMOUS,40760772-e3d7-4063-bd26-609ec107de4a,16,pattern,PAT-MIXED-6-2-5-5,integer,6,8,2,6,8,8,19,8,8,19,8,"8, 12, 36, 40, ?",120,120,1,7.225639820098877,9.843381948980033,0.6885714672080344
2026-01-30T18:05:19.295546,LIMOUS,40760772-e3d7-4063-bd26-609ec107de4a,17,logical,LOG-CONSTRAINT-19-5-5,yesno,19,21,2,19,21,8,21,8,8,21,8,"B is above D.
B is above A.
E is above A.
E is above B.
C is above A.
Is D above A?",no,no,1,4.5228893756866455,5.170983620566944,0.8556442021893313
2026-01-30T18:05:23.695375,LIMOUS,40760772-e3d7-4063-bd26-609ec107de4a,18,logical,LOG-BOOL-21-4-3,boolean,21,24,3,21,24,8,24,8,8,24,8,"A is True.
B is True.
C is True.
D is False.
What is: (((A OR (NOT D)) OR (NOT C)) OR (NOT A))?",True,t,1,4.393957138061523,7.372164833933441,0.9271809779979949
2026-01-30T18:05:26.552219,LIMOUS,40760772-e3d7-4063-bd26-609ec107de4a,19,pattern,PAT-MP-8-6-2,integer,8,11,3,8,11,8,24,11,8,24,11,"1, 2, 4, 8, 16, 32, ?",64,64,1,2.8513078689575195,4.4421606250936065,0.9019223871486212
2026-01-30T18:05:31.912461,LIMOUS,40760772-e3d7-4063-bd26-609ec107de4a,20,pattern,PAT-MP-11-6-2,integer,11,13,2,11,13,8,24,13,8,24,13,"7, 14, 28, 56, 112, 224, ?",448,448,1,5.353927850723267,4.687067187126922,0.8868785193820304
2026-01-30T18:05:43.647089,LIMOUS,40760772-e3d7-4063-bd26-609ec107de4a,21,logical,LOG-BOOL-24-4-4,boolean,24,25,1,24,25,8,25,13,8,25,13,"A is False.
B is False.
C is True.
D is False.
What is: (NOT ((((C OR D) AND (NOT A)) OR B) AND C))?",False,f,1,11.728797912597656,7.748926610644066,0.915649116784427
2026-01-30T18:05:47.327469,LIMOUS,40760772-e3d7-4063-bd26-609ec107de4a,22,pattern,PAT-MP-13-5-2,integer,13,15,2,13,15,8,25,15,8,25,15,"2, 4, 8, 16, 32, ?",64,64,1,3.6735501289367676,4.856430960078181,0.8757621486653209
2026-01-30T18:05:59.023081,LIMOUS,40760772-e3d7-4063-bd26-609ec107de4a,23,pattern,PAT-MIXED-15-3-8-8,integer,15,17,2,15,17,8,25,17,8,25,17,"13, 17, 25, 29, 33, 41, 45, ?",49,49,1,11.690090417861938,11.374161087821324,0.5780755727562193
2026-01-30T18:06:07.664084,LIMOUS,40760772-e3d7-4063-bd26-609ec107de4a,24,logical,LOG-BOOL-25-4-3,boolean,25,27,2,25,27,8,27,17,8,27,17,"A is False.
B is True.
C is True.
D is True.
What is: (((A AND D) OR (NOT D)) AND A)?",False,f,1,8.632251977920532,7.878244641867363,0.9114503260551161
2026-01-30T18:06:09.639339,LIMOUS,40760772-e3d7-4063-bd26-609ec107de4a,25,numerical,NUM-NEARBOUNDARY-8,integer,8,11,3,8,11,11,27,17,11,27,17,What is 48 + 7?,55,55,1,1.9698095321655273,5.177543462977821,0.9624925062221821
2026-01-30T18:06:12.391105,LIMOUS,40760772-e3d7-4063-bd26-609ec107de4a,26,numerical,NUM-RATIO-DIV-11,integer,11,13,2,11,13,13,27,17,13,27,17,"18 -> 6, 45 -> ?",15,15,1,2.746290445327759,3.1115882732659115,0.9414307540444131
2026-01-30T18:06:18.519178,LIMOUS,40760772-e3d7-4063-bd26-609ec107de4a,27,pattern,PAT-AP-17-6-15,integer,17,18,1,17,18,13,27,18,13,27,18,"-29, -20, -11, -2, 7, 16, ?",25,25,1,6.1223766803741455,3.766752815750568,0.9836202092044968
2026-01-30T18:06:23.254888,LIMOUS,40760772-e3d7-4063-bd26-609ec107de4a,28,pattern,PAT-AP-18-6-15,integer,18,20,2,18,20,13,27,20,13,27,20,"-17, -21, -25, -29, -33, -37, ?",-41,-41,1,4.729285001754761,3.8372102692067473,0.9827410873933311
2026-01-30T18:06:30.080792,LIMOUS,40760772-e3d7-4063-bd26-609ec107de4a,29,logical,LOG-CONSTRAINT-27-8-6,yesno,27,29,2,27,29,13,29,20,13,29,20,"E is above G.
C is above B.
D is above C.
A is above D.
A is above H.
H is above G.
Is E above F?",no,no,1,6.820074081420898,5.9395781187143335,0.7948117212099491
2026-01-30T18:06:46.326382,LIMOUS,40760772-e3d7-4063-bd26-609ec107de4a,30,logical,LOG-IMP-29-9-8,yesno,29,31,2,29,31,13,31,20,13,31,20,"D is True.
If F is True, then I is True.
If E is True, then D is True.
If D is True, then C is True.
If A is True, then E is True.
If F is True, then G is True.
If A is True, then C is True.
If F is True, then H is True.
If B is True, then C is True.
Is E True?",no,no,1,16.23975920677185,6.174521512340086,0.35955809822341156
2026-01-30T18:06:50.958674,LIMOUS,40760772-e3d7-4063-bd26-609ec107de4a,31,numerical,NUM-SQUARE-13,integer,13,16,3,13,16,16,31,20,16,31,20,What is 16^2?,256,256,1,4.6270177364349365,4.635484770364539,0.3496981169863446
2026-01-30T18:06:58.695704,LIMOUS,40760772-e3d7-4063-bd26-609ec107de4a,32,numerical,NUM-RATIO-DIV-16,integer,16,17,1,16,17,17,31,20,17,31,20,"70 -> 10, 126 -> ?",18,18,1,7.730566501617432,3.4245722457401193,0.9249314800366417
2026-01-30T18:07:06.944479,LIMOUS,40760772-e3d7-4063-bd26-609ec107de4a,33,pattern,PAT-CP-20-6-12,integer,20,21,1,20,21,17,31,21,17,31,21,"18, 14, 17, 12, 14, 20, 18, 14, 17, 12, 14, 20, ?",18,18,1,8.242759704589844,3.074563773819567,0.9780783002092858
2026-01-30T18:07:13.215836,LIMOUS,40760772-e3d7-4063-bd26-609ec107de4a,34,logical,LOG-BOOL-31-6-3,boolean,31,33,2,31,33,17,33,21,17,33,21,"A is False.
B is False.
C is False.
D is True.
E is False.
F is True.
What is: (((F AND (NOT A)) OR (NOT D)) AND A)?",False,f,1,6.265803337097168,8.695296929838594,0.8820955869592111
2026-01-30T18:07:22.839450,LIMOUS,40760772-e3d7-4063-bd26-609ec107de4a,35,logical,LOG-BOOL-33-4-3,boolean,33,35,2,33,35,17,35,21,17,35,21,"A is False.
B is False.
C is True.
D is False.
What is: (((D AND (NOT A)) AND (NOT A)) AND (NOT C))?",False,f,1,9.618194818496704,8.98402783698122,0.8705777901140986
2026-01-30T18:07:28.671656,LIMOUS,40760772-e3d7-4063-bd26-609ec107de4a,36,pattern,PAT-CP-21-5-13,integer,21,22,1,21,22,17,35,22,17,35,22,"11, 7, 11, 18, 8, 11, 7, 11, 18, 8, 11, 7, 11, ?",18,18,1,5.826453685760498,3.1347899694174446,0.9769087205596899
2026-01-30T18:07:56.038785,LIMOUS,40760772-e3d7-4063-bd26-609ec107de4a,37,logical,LOG-IMP-35-7-7,yesno,35,37,2,35,37,17,37,22,17,37,22,"B is True.
If E is True, then G is True.
If G is True, then B is True.
If C is True, then D is True.
If E is True, then A is True.
If G is True, then E is True.
If B is True, then F is True.
If B is True, then C is True.
Is E True?",no,no,1,27.360954761505127,6.834782572179875,0.2898052952683785
2026-01-30T18:08:16.112923,LIMOUS,40760772-e3d7-4063-bd26-609ec107de4a,38,logical,LOG-COMP-37-9,yesno,37,39,2,37,39,17,39,22,17,39,22,"E is older than I.
 F is older than C.
 B is older than F.
 D is older than A.
 B is older than D.
 H is older than A.
 E is older than F.
 I is older than F.
 G is older than I.
 E is older than B.
 G is older than E.
 Is B older than E?",no,no,1,20.067838668823242,10.568609609988624,0.11324933879380304
2026-01-30T18:08:22.975509,LIMOUS,40760772-e3d7-4063-bd26-609ec107de4a,39,pattern,PAT-MP-22-3-3,integer,22,24,2,22,24,17,39,24,17,39,24,"13, 39, 117, ?",351,351,1,6.857087850570679,5.683193531380509,0.8137139978909783
2026-01-30T18:08:37.398450,LIMOUS,40760772-e3d7-4063-bd26-609ec107de4a,40,logical,LOG-IMP-39-9-6,yesno,39,41,2,39,41,17,41,24,17,41,24,"H is True.
D is True.
If E is True, then G is True.
If E is True, then F is True.
If H is True, then A is True.
If F is True, then H is True.
If H is True, then E is True.
If H is True, then D is True.
Is G True?",yes,yes,1,14.416790962219238,7.308378749271624,0.24805214140277027
2026-01-30T18:08:44.998425,LIMOUS,40760772-e3d7-4063-bd26-609ec107de4a,41,numerical,NUM-RATIO-MUL-17,integer,17,18,1,17,18,18,41,24,18,41,24,"9 -> 54, 12 -> ?",72,72,1,7.594436883926392,3.489971922441973,0.9211549570048388
2026-01-30T19:36:34.686481,LIMOUS,28e28910-1f29-43fa-b80d-c6fe70aa7cd4,0,numerical,NUM-DIV-0,integer,0,3,3,0,3,3,0,0,3,0,0,What is 160 divided by 40?,4,4,1,2.0932047367095947,3.528335960033564,0.8605524488879555
2026-01-30T19:36:36.776200,LIMOUS,28e28910-1f29-43fa-b80d-c6fe70aa7cd4,1,numerical,NUM-SQUARE-3,integer,3,6,3,3,6,6,0,0,6,0,0,What is 8^2?,64,64,1,2.0814626216888428,3.8664014890979646,0.47785922485617116
2026-01-30T19:36:40.876539,LIMOUS,28e28910-1f29-43fa-b80d-c6fe70aa7cd4,2,pattern,PAT-MP-0-7-2,integer,0,2,2,0,2,6,0,2,6,0,2,"10, 20, 40, 80, 160, 320, 640, ?",1280,1280,1,4.091170072555542,3.839412930215545,0.9336504809438096
2026-01-30T19:36:43.172496,LIMOUS,28e28910-1f29-43fa-b80d-c6fe70aa7cd4,3,logical,LOG-BOOL-0-2-1,boolean,0,0,-2,0,0,6,0,2,6,0,2,"A is False.
B is False.
What is: (B OR B)?",False,no,0,2.281874895095825,5.152034292696123,0.9749334971401016
2026-01-30T19:36:46.153988,LIMOUS,28e28910-1f29-43fa-b80d-c6fe70aa7cd4,4,numerical,NUM-NEARBOUNDARY-6,integer,6,9,3,6,9,9,0,2,9,0,2,What is 99 + 8?,107,107,1,2.968203067779541,4.998893347302876,0.9661485121298824
2026-01-30T19:36:47.956396,LIMOUS,28e28910-1f29-43fa-b80d-c6fe70aa7cd4,5,pattern,PAT-CP-2-2-4,integer,2,4,2,2,4,9,0,4,9,0,4,"17, 10, 17, 10, ?",17,17,1,1.7951090335845947,2.1288093461148434,0.9914670823650021
2026-01-30T19:36:51.153632,LIMOUS,28e28910-1f29-43fa-b80d-c6fe70aa7cd4,6,numerical,NUM-NEARBOUNDARY-9,integer,9,12,3,9,12,12,0,4,12,0,4,What is 98 + 5?,103,103,1,3.1893017292022705,5.2688538366934665,0.960524944864531
2026-01-30T19:37:06.036264,LIMOUS,28e28910-1f29-43fa-b80d-c6fe70aa7cd4,7,numerical,NUM-SQUARE-12,integer,12,14,2,12,14,14,0,4,14,0,4,What is 18^2?,324,324,1,14.87291955947876,4.553399873530794,0.36188503292790897
2026-01-30T19:37:10.934019,LIMOUS,28e28910-1f29-43fa-b80d-c6fe70aa7cd4,8,pattern,PAT-AP-4-4-5,integer,4,5,1,4,5,14,0,5,14,0,5,"8, 3, -2, -7, ?",-12,-12,1,4.885303497314453,2.938966474450969,0.9917270809857165
2026-01-30T19:37:13.524292,LIMOUS,28e28910-1f29-43fa-b80d-c6fe70aa7cd4,9,logical,LOG-IMP-0-3-2,yesno,0,3,3,0,3,14,3,5,14,3,5,"B is True.
A is True.
If A is True, then B is True.
If C is True, then B is True.
Is C True?",no,no,1,2.581576108932495,3.688082483762612,0.7240776101031593
2026-01-30T19:37:16.078463,LIMOUS,28e28910-1f29-43fa-b80d-c6fe70aa7cd4,10,logical,LOG-BOOL-3-2-1,boolean,3,6,3,3,6,14,6,5,14,6,5,"A is False.
B is True.
What is: (A OR B)?",True,t,1,2.5451409816741943,5.428886387282978,0.9707251118225482
2026-01-30T19:37:19.596611,LIMOUS,28e28910-1f29-43fa-b80d-c6fe70aa7cd4,11,numerical,NUM-SQUARE-14,integer,14,17,3,14,17,17,6,5,17,6,5,What is 18^2?,324,324,1,3.5091898441314697,4.7187829654375,0.3377044126751421
2026-01-30T19:37:24.046149,LIMOUS,28e28910-1f29-43fa-b80d-c6fe70aa7cd4,12,numerical,NUM-DIV-17,integer,17,19,2,17,19,19,6,5,19,6,5,What is 2160 divided by 240?,9,9,1,4.441349506378174,4.811233484668306,0.7142098188106822
2026-01-30T19:37:26.623436,LIMOUS,28e28910-1f29-43fa-b80d-c6fe70aa7cd4,13,pattern,PAT-AP-5-5-7,integer,5,7,2,5,7,19,6,7,19,6,7,"37, 35, 33, 31, 29, ?",27,27,1,2.568817615509033,2.997188404088699,0.9912792064614064
2026-01-30T19:37:35.602294,LIMOUS,28e28910-1f29-43fa-b80d-c6fe70aa7cd4,14,pattern,PAT-MIXED-7-2-5-5,integer,7,9,2,7,9,19,6,9,19,6,9,"13, 52, 55, 220, ?",223,223,1,8.970479726791382,10.00365815974838,0.6770559213004105
2026-01-30T19:37:40.884613,LIMOUS,28e28910-1f29-43fa-b80d-c6fe70aa7cd4,15,logical,LOG-COMP-6-4,yesno,6,9,3,6,9,19,9,9,19,9,9,"C is larger than D.
 D is larger than A.
 B is larger than A.
 Is C larger than A?",yes,yes,1,5.2727789878845215,6.340722368226506,0.39901733022089086
2026-01-30T19:37:45.556564,LIMOUS,28e28910-1f29-43fa-b80d-c6fe70aa7cd4,16,pattern,PAT-CP-9-3-7,integer,9,10,1,9,10,19,9,10,19,9,10,"5, 19, 6, 5, 19, 6, 5, ?",19,19,1,4.663205146789551,2.467252269613496,0.9876665814293969
2026-01-30T19:37:59.387498,LIMOUS,28e28910-1f29-43fa-b80d-c6fe70aa7cd4,17,pattern,PAT-MP-10-7-2,integer,10,11,1,10,11,19,9,11,19,9,11,"6, 12, 24, 48, 96, 192, 384, ?",768,768,1,13.822413921356201,4.604230955220702,0.8921045145087518
2026-01-30T19:38:02.780747,LIMOUS,28e28910-1f29-43fa-b80d-c6fe70aa7cd4,18,logical,LOG-CONSTRAINT-9-4-3,yesno,9,11,2,9,11,19,11,11,19,11,11,"B is faster than D.
C is faster than A.
C is faster than B.
Is C faster than B?",yes,yes,1,3.3860456943511963,4.328819986924313,0.9098101405881062
2026-01-30T19:38:05.962621,LIMOUS,28e28910-1f29-43fa-b80d-c6fe70aa7cd4,19,numerical,NUM-NEARBOUNDARY-19,integer,19,22,3,19,22,22,11,11,22,11,11,What is 508 + 12?,520,520,1,3.1710734367370605,6.2595798771374564,0.9346286759279752
2026-01-30T19:38:11.631989,LIMOUS,28e28910-1f29-43fa-b80d-c6fe70aa7cd4,20,logical,LOG-COMP-11-6,yesno,11,14,3,11,14,22,14,11,22,14,11,"E is taller than C.
 F is taller than B.
 F is taller than E.
 E is taller than A.
 D is taller than B.
 A is taller than B.
 Is A taller than D?",no,no,1,5.656518459320068,6.8995157820944835,0.3372811614207609
2026-01-30T19:38:23.023735,LIMOUS,28e28910-1f29-43fa-b80d-c6fe70aa7cd4,21,logical,LOG-IMP-14-5-3,yesno,14,15,1,14,15,22,15,11,22,15,11,"C is True.
A is True.
If B is True, then D is True.
If D is True, then A is True.
If E is True, then A is True.
Is D True?",no,no,1,11.383845567703247,4.757155050806986,0.554862083703953
2026-01-30T19:38:29.200898,LIMOUS,28e28910-1f29-43fa-b80d-c6fe70aa7cd4,22,logical,LOG-IMP-15-5-4,yesno,15,17,2,15,17,22,17,11,22,17,11,"D is True.
If B is True, then D is True.
If C is True, then A is True.
If B is True, then C is True.
If A is True, then D is True.
Is A True?",no,no,1,6.168626070022583,4.842251656339356,0.5416931822193215
2026-01-30T19:38:34.664568,LIMOUS,28e28910-1f29-43fa-b80d-c6fe70aa7cd4,23,numerical,NUM-DIV-22,integer,22,24,2,22,24,24,17,11,24,17,11,What is 1560 divided by 120?,13,13,1,5.455362796783447,5.253598531974441,0.657020870455179
2026-01-30T19:38:43.275745,LIMOUS,28e28910-1f29-43fa-b80d-c6fe70aa7cd4,24,logical,LOG-IMP-17-5-5,yesno,17,18,1,17,18,24,18,11,24,18,11,"B is True.
If A is True, then C is True.
If D is True, then A is True.
If C is True, then D is True.
If A is True, then D is True.
If D is True, then B is True.
Is C True?",no,no,1,8.601691961288452,5.016236902247493,0.5151982700612003
2026-01-30T19:39:00.113513,LIMOUS,28e28910-1f29-43fa-b80d-c6fe70aa7cd4,25,numerical,NUM-SQUARE-24,integer,24,22,-2,24,22,22,18,11,22,18,11,What is 28^2?,784,824,0,16.829082250595093,5.622576123022882,0.2305361404263476
2026-01-30T19:39:13.198005,LIMOUS,28e28910-1f29-43fa-b80d-c6fe70aa7cd4,26,numerical,NUM-NEARBOUNDARY-22,integer,22,23,1,22,23,23,18,11,23,18,11,What is 1017 - 26?,991,991,1,13.075685739517212,6.586273422586676,0.9241798079610334
2026-01-30T19:39:16.620460,LIMOUS,28e28910-1f29-43fa-b80d-c6fe70aa7cd4,27,logical,LOG-CONSTRAINT-18-5-4,yesno,18,21,3,18,21,23,21,11,23,21,11,"C is above A.
B is above C.
D is above E.
C is above E.
Is A above C?",no,no,1,3.413954019546509,5.081098797078334,0.8620887790264528
2026-01-30T19:39:19.604719,LIMOUS,28e28910-1f29-43fa-b80d-c6fe70aa7cd4,28,logical,LOG-IMP-21-6-6,yesno,21,24,3,21,24,23,24,11,23,24,11,"E is True.
If D is True, then C is True.
If A is True, then C is True.
If A is True, then E is True.
If D is True, then A is True.
If F is True, then B is True.
If F is True, then C is True.
Is F True?",no,no,1,2.9753849506378174,5.379905807049014,0.46210124653573614
2026-01-30T19:39:23.464211,LIMOUS,28e28910-1f29-43fa-b80d-c6fe70aa7cd4,29,pattern,PAT-AP-11-6-10,integer,11,13,2,11,13,23,24,13,23,24,13,"35, 33, 31, 29, 27, 25, ?",23,23,1,3.850595474243164,3.3650439952279205,0.9880409847988517
2026-01-30T19:39:27.224170,LIMOUS,28e28910-1f29-43fa-b80d-c6fe70aa7cd4,30,logical,LOG-IMP-24-7-6,yesno,24,27,3,24,27,23,27,13,23,27,13,"B is True.
A is True.
If C is True, then F is True.
If A is True, then E is True.
If C is True, then A is True.
If F is True, then E is True.
If F is True, then G is True.
If D is True, then B is True.
Is C True?",no,no,1,3.751052141189575,5.667012510606462,0.42277062362441864
2026-01-30T19:39:32.019734,LIMOUS,28e28910-1f29-43fa-b80d-c6fe70aa7cd4,31,pattern,PAT-MP-13-6-2,integer,13,15,2,13,15,23,27,15,23,27,15,"4, 8, 16, 32, 64, 128, ?",256,256,1,4.786914587020874,4.856430960078181,0.8757621486653209
2026-01-30T19:39:34.268571,LIMOUS,28e28910-1f29-43fa-b80d-c6fe70aa7cd4,32,pattern,PAT-MP-15-5-2,integer,15,13,-2,15,13,23,27,13,23,27,13,"10, 20, 40, 80, 160, ?",320,329,0,2.2389655113220215,5.030838472912311,0.8637212389265031
2026-01-30T19:39:37.821663,LIMOUS,28e28910-1f29-43fa-b80d-c6fe70aa7cd4,33,pattern,PAT-AP-13-6-10,integer,13,15,2,13,15,23,27,15,23,27,15,"37, 35, 33, 31, 29, 27, ?",25,25,1,3.544816017150879,3.4950372405694647,0.9867168879582334
2026-01-30T19:39:44.124150,LIMOUS,28e28910-1f29-43fa-b80d-c6fe70aa7cd4,34,logical,LOG-IMP-27-7-8,yesno,27,30,3,27,30,23,30,15,23,30,15,"E is True.
A is True.
If C is True, then G is True.
If A is True, then E is True.
If B is True, then D is True.
If A is True, then G is True.
If F is True, then D is True.
If E is True, then D is True.
If F is True, then B is True.
If B is True, then E is True.
Is F True?",no,no,1,6.293671369552612,5.967039508243572,0.3843953058336287
2026-01-30T19:39:52.098273,LIMOUS,28e28910-1f29-43fa-b80d-c6fe70aa7cd4,35,logical,LOG-BOOL-30-4-3,boolean,30,32,2,30,32,23,32,15,23,32,15,"A is True.
B is True.
C is True.
D is False.
What is: (((B AND B) OR D) AND (NOT B))?",False,f,1,7.964296817779541,8.554077943240777,0.8875145190623827
2026-01-30T19:40:02.299080,LIMOUS,28e28910-1f29-43fa-b80d-c6fe70aa7cd4,36,logical,LOG-CONSTRAINT-32-8-7,yesno,32,33,1,32,33,23,33,15,23,33,15,"D is left of H.
E is left of G.
F is left of C.
G is left of B.
B is left of A.
F is left of A.
D is left of B.
Is B left of H?",no,no,1,10.19240665435791,6.467835469046024,0.7480623284055815
2026-01-30T19:40:13.535686,LIMOUS,28e28910-1f29-43fa-b80d-c6fe70aa7cd4,37,pattern,PAT-MIXED-15-2-8-8,integer,15,17,2,15,17,23,33,17,23,33,17,"14, 16, 19, 21, 24, 26, 29, ?",31,31,1,11.226407289505005,11.374161087821324,0.5780755727562193
2026-01-30T19:40:32.297982,LIMOUS,28e28910-1f29-43fa-b80d-c6fe70aa7cd4,38,numerical,NUM-RATIO-DIV-23,integer,23,24,1,23,24,24,33,17,24,33,17,"52 -> 13, 96 -> ?",24,24,1,18.753332138061523,3.9031776832809975,0.8946454909293257
2026-01-30T19:40:42.468275,LIMOUS,28e28910-1f29-43fa-b80d-c6fe70aa7cd4,39,logical,LOG-BOOL-33-6-5,boolean,33,35,2,33,35,24,35,17,24,35,17,"A is False.
B is False.
C is True.
D is True.
E is False.
F is False.
What is: (NOT (((((A AND (NOT A)) AND F) AND D) AND A) OR (NOT C)))?",True,t,1,10.161652326583862,8.98402783698122,0.8705777901140986
2026-01-30T19:40:49.397478,LIMOUS,28e28910-1f29-43fa-b80d-c6fe70aa7cd4,40,numerical,NUM-DIV-24,integer,24,26,2,24,26,26,35,17,26,35,17,What is 2250 divided by 150?,15,15,1,6.920236110687256,5.439833898473198,0.6326720399945233
2026-01-30T19:40:56.553128,LIMOUS,28e28910-1f29-43fa-b80d-c6fe70aa7cd4,41,numerical,NUM-DIV-26,integer,26,28,2,26,28,28,35,17,28,35,17,What is 2880 divided by 240?,12,12,1,7.146780967712402,5.631615449549937,0.6076269395760686
2026-01-30T19:41:10.500153,LIMOUS,28e28910-1f29-43fa-b80d-c6fe70aa7cd4,42,pattern,PAT-AP-17-7-15,integer,17,18,1,17,18,28,35,18,28,35,18,"16, 28, 40, 52, 64, 76, 88, ?",100,100,1,13.937878608703613,3.766752815750568,0.9836202092044968
2026-01-30T19:41:16.636713,LIMOUS,28e28910-1f29-43fa-b80d-c6fe70aa7cd4,43,logical,LOG-BOOL-35-6-3,boolean,35,38,3,35,38,28,38,18,28,38,18,"A is False.
B is True.
C is False.
D is False.
E is False.
F is True.
What is: (((B AND F) AND (NOT F)) AND (NOT C))?",False,f,1,6.129383563995361,9.281357298386052,0.858115826099392
2026-01-30T19:41:26.058884,LIMOUS,28e28910-1f29-43fa-b80d-c6fe70aa7cd4,44,logical,LOG-BOOL-38-6-3,boolean,38,40,2,38,40,28,40,18,28,40,18,"A is True.
B is False.
C is False.
D is True.
E is True.
F is True.
What is: (NOT (((B OR A) AND (NOT E)) AND (NOT E)))?",True,t,1,9.4146409034729,9.744036010472126,0.837562751655418
2026-01-30T19:41:34.624847,LIMOUS,28e28910-1f29-43fa-b80d-c6fe70aa7cd4,45,numerical,NUM-NEARBOUNDARY-28,integer,28,30,2,28,30,30,40,18,30,40,18,What is 1010 - 22?,988,988,1,8.557507038116455,7.28442742792574,0.8985753841975557
2026-01-30T20:01:26.802502,LIMOUS,0dc9a2e6-86d9-427a-abd8-5515d3300d29,0,numerical,NUM-DIV-0,integer,0,2,2,0,2,2,0,0,2,0,0,What is 160 divided by 40?,4,4,1,3.628390312194824,3.528335960033564,0.8605524488879555
2026-01-30T20:01:30.832178,LIMOUS,0dc9a2e6-86d9-427a-abd8-5515d3300d29,1,numerical,NUM-SQUARE-2,integer,2,4,2,2,4,4,0,0,4,0,0,What is 5^2?,25,25,1,4.015787363052368,3.795518844487721,0.4911392983170604
2026-01-30T20:01:53.916702,LIMOUS,0dc9a2e6-86d9-427a-abd8-5515d3300d29,2,logical,LOG-IMP-0-3-2,yesno,0,1,1,0,1,4,1,0,4,1,0,"B is True.
C is True.
If A is True, then B is True.
If A is True, then C is True.
Is A True?",no,no,1,23.075974702835083,3.688082483762612,0.7240776101031593
2026-01-30T20:02:01.959632,LIMOUS,0dc9a2e6-86d9-427a-abd8-5515d3300d29,3,pattern,PAT-MIXED-0-2-4-3,integer,0,0,-2,0,0,4,1,0,4,1,0,"20, 40, 42, ?",84,40,0,8.031658172607422,8.929577029453181,0.7525942351746459
2026-01-30T20:02:09.798308,LIMOUS,0dc9a2e6-86d9-427a-abd8-5515d3300d29,4,logical,LOG-IMP-1-3-2,yesno,1,2,1,1,2,4,2,0,4,2,0,"B is True.
A is True.
If B is True, then A is True.
If C is True, then A is True.
Is C True?",no,no,1,7.823513031005859,3.7573771097199318,0.7133283634949876
2026-01-30T20:02:15.342079,LIMOUS,0dc9a2e6-86d9-427a-abd8-5515d3300d29,5,logical,LOG-BOOL-2-2-1,boolean,2,0,-2,2,0,4,0,0,4,0,0,"A is True.
B is False.
What is: (A OR B)?",True,yes,0,5.533526420593262,5.335245024142207,0.972198979817615
2026-01-30T20:02:53.329324,LIMOUS,0dc9a2e6-86d9-427a-abd8-5515d3300d29,6,pattern,PAT-MIXED-0-2-4-3,integer,0,1,1,0,1,4,0,1,4,0,1,"17, 20, 40, ?",43,43,1,37.97740602493286,8.929577029453181,0.7525942351746459
2026-01-30T20:03:07.379805,LIMOUS,0dc9a2e6-86d9-427a-abd8-5515d3300d29,7,numerical,NUM-DIV-4,integer,4,5,1,4,5,5,0,1,5,0,1,What is 280 divided by 40?,7,7,1,14.042321920394897,3.802064372979463,0.8330205919321658
2026-01-30T20:03:12.671793,LIMOUS,0dc9a2e6-86d9-427a-abd8-5515d3300d29,8,logical,LOG-IMP-0-3-2,yesno,0,1,1,0,1,5,1,1,5,1,1,"C is True.
If B is True, then A is True.
If C is True, then A is True.
Is A True?",yes,yes,1,5.282019138336182,3.688082483762612,0.7240776101031593
2026-01-30T20:03:23.361450,LIMOUS,0dc9a2e6-86d9-427a-abd8-5515d3300d29,9,logical,LOG-IMP-1-3-2,yesno,1,2,1,1,2,5,2,1,5,2,1,"C is True.
A is True.
If B is True, then C is True.
If A is True, then C is True.
Is B True?",no,no,1,10.680914640426636,3.7573771097199318,0.7133283634949876
2026-01-30T20:03:35.027016,LIMOUS,0dc9a2e6-86d9-427a-abd8-5515d3300d29,10,numerical,NUM-SQUARE-5,integer,5,6,1,5,6,6,2,1,6,2,1,What is 7^2?,49,49,1,11.657316446304321,4.011325417331989,0.4514112882818876
2026-01-30T20:03:41.361299,LIMOUS,0dc9a2e6-86d9-427a-abd8-5515d3300d29,11,pattern,PAT-AP-1-4-5,integer,1,2,1,1,2,6,2,2,6,2,2,"28, 30, 32, 34, ?",36,36,1,6.325268983840942,2.7693397221231795,0.992938310095298
2026-01-30T20:03:46.039977,LIMOUS,0dc9a2e6-86d9-427a-abd8-5515d3300d29,12,logical,LOG-IMP-2-3-2,yesno,2,4,2,2,4,6,4,2,6,4,2,"B is True.
If B is True, then A is True.
If B is True, then C is True.
Is A True?",yes,yes,1,4.670262575149536,3.82769598070775,0.7023325064279132
2026-01-30T20:04:01.678986,LIMOUS,0dc9a2e6-86d9-427a-abd8-5515d3300d29,13,logical,LOG-BOOL-4-2-1,boolean,4,1,-3,4,1,6,1,2,6,1,2,"A is False.
B is True.
What is: (B AND A)?",False,true,0,15.630362510681152,5.523911864985609,0.9691755842795482
2026-01-30T20:04:38.499564,LIMOUS,0dc9a2e6-86d9-427a-abd8-5515d3300d29,14,pattern,PAT-MP-2-9-2,integer,2,3,1,2,3,6,1,3,6,1,3,"7, 14, 28, 56, 112, 224, 448, 896, 1792, ?",3584,3584,1,36.81314945220947,3.983533125346293,0.9267507446430515
2026-01-30T20:04:50.127197,LIMOUS,0dc9a2e6-86d9-427a-abd8-5515d3300d29,15,logical,LOG-COMP-1-4,yesno,1,2,1,1,2,6,2,3,6,2,3,"D is taller than C.
 A is taller than D.
 B is taller than A.
 Is B taller than D?",yes,yes,1,11.618617296218872,5.821456703652983,0.4641395377859016
2026-01-30T20:04:59.456927,LIMOUS,0dc9a2e6-86d9-427a-abd8-5515d3300d29,16,pattern,PAT-CP-3-2-4,integer,3,4,1,3,4,6,2,4,6,2,4,"11, 1, 11, 1, ?",11,11,1,9.32002067565918,2.1750563296271266,0.991005259848136
2026-01-30T20:05:04.441439,LIMOUS,0dc9a2e6-86d9-427a-abd8-5515d3300d29,17,logical,LOG-BOOL-2-2-1,boolean,2,0,-2,2,0,6,0,4,6,0,4,"A is True.
B is True.
What is: (B AND A)?",True,false,0,4.9753522872924805,5.335245024142207,0.972198979817615
2026-01-30T20:05:10.785174,LIMOUS,0dc9a2e6-86d9-427a-abd8-5515d3300d29,18,pattern,PAT-CP-4-2-4,integer,4,5,1,4,5,6,0,5,6,0,5,"12, 12, 12, 12, ?",12,12,1,6.33514404296875,2.221986890579704,0.9905186813841752
2026-01-30T20:05:19.393742,LIMOUS,0dc9a2e6-86d9-427a-abd8-5515d3300d29,19,numerical,NUM-DIV-6,integer,6,7,1,6,7,7,0,5,7,0,5,What is 100 divided by 50?,2,2,1,8.590904712677002,3.9450723089510253,0.817699544986896
2026-01-30T20:05:29.148199,LIMOUS,0dc9a2e6-86d9-427a-abd8-5515d3300d29,20,numerical,NUM-SQUARE-7,integer,7,5,-2,7,5,5,0,5,5,0,5,What is 15^2?,225,125,0,9.74554443359375,4.160565254358543,0.4252350241312904
2026-01-30T20:05:38.876811,LIMOUS,0dc9a2e6-86d9-427a-abd8-5515d3300d29,21,logical,LOG-BOOL-0-2-1,boolean,0,1,1,0,1,5,1,5,5,1,5,"A is False.
B is True.
What is: (B OR A)?",True,true,1,9.719972372055054,5.152034292696123,0.9749334971401016
2026-01-30T20:06:00.262713,LIMOUS,0dc9a2e6-86d9-427a-abd8-5515d3300d29,22,logical,LOG-CONSTRAINT-1-3-2,yesno,1,0,-3,1,0,5,0,5,5,0,5,"B is above A.
A is above C.
Is A above C?",yes,false,0,21.377211570739746,3.738625359311034,0.939158677399817
2026-01-30T20:06:09.080825,LIMOUS,0dc9a2e6-86d9-427a-abd8-5515d3300d29,23,logical,LOG-CONSTRAINT-0-3-2,yesno,0,1,1,0,1,5,1,5,5,1,5,"C is faster than B.
A is faster than C.
Is B faster than C?",no,no,1,8.807321786880493,3.6696038661116743,0.9421270355187215
2026-01-30T20:06:23.879170,LIMOUS,0dc9a2e6-86d9-427a-abd8-5515d3300d29,24,pattern,PAT-MP-5-8-2,integer,5,6,1,5,6,5,1,6,5,1,6,"6, 12, 24, 48, 96, 192, 384, 768, ?",1536,1536,1,14.790076494216919,4.207800663294369,0.9151569848755295
2026-01-30T20:11:12.313223,LIMOUS,325f2d26-458a-42b9-8e3c-d3c5c6d4464e,0,numerical,NUM-RATIO-MUL-0,integer,0,1,1,0,1,1,0,0,1,0,0,"4 -> 12, 3 -> ?",9,9,1,3.3003153800964355,2.498758287647004,0.9664991939352751
2026-01-30T20:11:22.440556,LIMOUS,325f2d26-458a-42b9-8e3c-d3c5c6d4464e,1,pattern,PAT-MP-0-7-2,integer,0,1,1,0,1,1,0,1,1,0,1,"6, 12, 24, 48, 96, 192, 384, ?",768,768,1,10.115622282028198,3.839412930215545,0.9336504809438096
2026-01-30T20:11:29.616942,LIMOUS,325f2d26-458a-42b9-8e3c-d3c5c6d4464e,2,pattern,PAT-MP-1-8-2,integer,1,2,1,1,2,1,0,2,1,0,2,"3, 6, 12, 24, 48, 96, 192, 384, ?",768,768,1,7.168379068374634,3.9109443740443997,0.9302795268895705
2026-01-30T20:11:32.079119,LIMOUS,325f2d26-458a-42b9-8e3c-d3c5c6d4464e,3,logical,LOG-BOOL-0-2-1,boolean,0,3,3,0,3,1,3,2,1,3,2,"A is False.
B is True.
What is: (B OR A)?",True,t,1,2.455317735671997,5.152034292696123,0.9749334971401016
2026-01-30T20:11:33.392121,LIMOUS,325f2d26-458a-42b9-8e3c-d3c5c6d4464e,4,numerical,NUM-SQUARE-1,integer,1,4,3,1,4,4,3,2,4,3,2,What is 2^2?,4,4,1,1.3059322834014893,3.7256686566770654,0.5044318889038087
2026-01-30T20:11:35.296511,LIMOUS,325f2d26-458a-42b9-8e3c-d3c5c6d4464e,5,pattern,PAT-CP-2-2-4,integer,2,4,2,2,4,4,3,4,4,3,4,"9, 16, 9, 16, ?",9,9,1,1.8963394165039062,2.1288093461148434,0.9914670823650021
2026-01-30T20:11:37.338762,LIMOUS,325f2d26-458a-42b9-8e3c-d3c5c6d4464e,6,logical,LOG-IMP-3-3-2,yesno,3,6,3,3,6,4,6,4,4,6,4,"C is True.
A is True.
If B is True, then A is True.
If B is True, then C is True.
Is B True?",no,n,1,2.0349643230438232,3.899054236109073,0.6910975255066119
2026-01-30T20:11:45.027877,LIMOUS,325f2d26-458a-42b9-8e3c-d3c5c6d4464e,7,logical,LOG-IMP-6-4-3,yesno,6,7,1,6,7,4,7,4,4,7,4,"C is True.
B is True.
If D is True, then A is True.
If A is True, then D is True.
If A is True, then B is True.
Is D True?",no,no,1,7.6816747188568115,4.119520079150886,0.6560479736064004
2026-01-30T20:11:48.336248,LIMOUS,325f2d26-458a-42b9-8e3c-d3c5c6d4464e,8,numerical,NUM-DIV-4,integer,4,6,2,4,6,6,7,4,6,7,4,What is 320 divided by 80?,4,4,1,3.299628973007202,3.802064372979463,0.8330205919321658
2026-01-30T20:11:50.337577,LIMOUS,325f2d26-458a-42b9-8e3c-d3c5c6d4464e,9,numerical,NUM-DIV-6,integer,6,9,3,6,9,9,7,4,9,7,4,What is 240 divided by 40?,6,6,1,1.9924945831298828,3.9450723089510253,0.817699544986896
2026-01-30T20:11:53.193480,LIMOUS,325f2d26-458a-42b9-8e3c-d3c5c6d4464e,10,logical,LOG-IMP-7-4-3,yesno,7,10,3,7,10,9,10,4,9,10,4,"A is True.
B is True.
If C is True, then A is True.
If B is True, then C is True.
If A is True, then B is True.
Is C True?",yes,yes,1,2.8474488258361816,4.195191791454256,0.6439516684079709
2026-01-30T20:11:55.720399,LIMOUS,325f2d26-458a-42b9-8e3c-d3c5c6d4464e,11,numerical,NUM-NEARBOUNDARY-9,integer,9,12,3,9,12,12,10,4,12,10,4,What is 97 + 7?,104,104,1,2.5182857513427734,5.2688538366934665,0.960524944864531
2026-01-30T20:11:58.333876,LIMOUS,325f2d26-458a-42b9-8e3c-d3c5c6d4464e,12,logical,LOG-IMP-10-5-4,yesno,10,13,3,10,13,12,13,4,12,13,4,"C is True.
B is True.
If C is True, then B is True.
If B is True, then C is True.
If B is True, then D is True.
If E is True, then C is True.
Is D True?",yes,yes,1,2.6046254634857178,4.428984332395085,0.60659782545951
2026-01-30T20:12:01.042085,LIMOUS,325f2d26-458a-42b9-8e3c-d3c5c6d4464e,13,logical,LOG-COMP-13-5,yesno,13,17,4,13,17,12,17,4,12,17,4,"B is older than A.
 B is older than E.
 A is older than C.
 E is older than C.
 D is older than A.
 Is C older than B?",no,no,1,2.6994621753692627,7.134767407109912,0.3139357335516166
2026-01-30T20:12:05.215528,LIMOUS,325f2d26-458a-42b9-8e3c-d3c5c6d4464e,14,logical,LOG-COMP-17-8,yesno,17,21,4,17,21,12,21,4,12,21,4,"E is older than B.
 E is older than D.
 C is older than H.
 B is older than G.
 H is older than A.
 H is older than E.
 B is older than D.
 F is older than C.
 A is older than B.
 Is D older than F?",no,no,1,4.160172462463379,7.62649703841044,0.27002787347839746
2026-01-30T20:12:09.589148,LIMOUS,325f2d26-458a-42b9-8e3c-d3c5c6d4464e,15,pattern,PAT-MP-4-7-2,integer,4,6,2,4,6,12,21,6,12,21,6,"10, 20, 40, 80, 160, 320, 640, ?",1280,1280,1,4.365118503570557,4.131945293686197,0.9191955976257637
2026-01-30T20:12:15.434197,LIMOUS,325f2d26-458a-42b9-8e3c-d3c5c6d4464e,16,numerical,NUM-RATIO-DIV-12,integer,12,13,1,12,13,13,21,6,13,21,6,"18 -> 6, 30 -> ?",10,10,1,5.836737394332886,3.172361728612157,0.9384290169543423
2026-01-30T20:12:25.737845,LIMOUS,325f2d26-458a-42b9-8e3c-d3c5c6d4464e,17,pattern,PAT-MIXED-6-2-7-5,integer,6,8,2,6,8,13,21,8,13,21,8,"10, 30, 35, 105, 110, 330, ?",335,335,1,10.29461932182312,9.843381948980033,0.6885714672080344
2026-01-30T20:12:32.377784,LIMOUS,325f2d26-458a-42b9-8e3c-d3c5c6d4464e,18,pattern,PAT-MIXED-8-2-7-5,integer,8,11,3,8,11,13,21,11,13,21,11,"12, 14, 17, 19, 22, 24, ?",27,27,1,6.605303049087524,10.1663034158809,0.6653215319133833
2026-01-30T20:12:44.400852,LIMOUS,325f2d26-458a-42b9-8e3c-d3c5c6d4464e,19,numerical,NUM-SQUARE-13,integer,13,15,2,13,15,15,21,11,15,21,11,What is 17^2?,289,289,1,12.01380968093872,4.635484770364539,0.3496981169863446
2026-01-30T20:12:56.184560,LIMOUS,325f2d26-458a-42b9-8e3c-d3c5c6d4464e,20,logical,LOG-BOOL-21-4-4,boolean,21,22,1,21,22,15,22,11,15,22,11,"A is True.
B is False.
C is False.
D is True.
What is: (NOT ((((A AND (NOT D)) OR (NOT B)) AND D) AND (NOT C)))?",False,f,1,11.774435758590698,7.372164833933441,0.9271809779979949
2026-01-30T20:12:59.459928,LIMOUS,325f2d26-458a-42b9-8e3c-d3c5c6d4464e,21,logical,LOG-CONSTRAINT-22-6-6,yesno,22,25,3,22,25,15,25,11,15,25,11,"D is left of F.
B is left of C.
A is left of E.
C is left of A.
A is left of B.
F is left of B.
Is E left of F?",no,no,1,3.2651121616363525,5.448688467408168,0.8348020191113663
2026-01-30T20:13:04.272283,LIMOUS,325f2d26-458a-42b9-8e3c-d3c5c6d4464e,22,logical,LOG-IMP-25-9-6,yesno,25,27,2,25,27,15,27,11,15,27,11,"A is True.
If A is True, then I is True.
If F is True, then G is True.
If C is True, then I is True.
If A is True, then F is True.
If A is True, then D is True.
If G is True, then A is True.
Is G True?",yes,yes,1,4.804740905761719,5.765557734538713,0.4098502457436088
2026-01-30T20:13:18.290398,LIMOUS,325f2d26-458a-42b9-8e3c-d3c5c6d4464e,23,pattern,PAT-MIXED-11-3-7-6,integer,11,13,2,11,13,15,27,13,15,27,13,"2, 7, 14, 17, 22, 44, ?",47,47,1,14.009993553161621,10.668806221034181,0.6289177020735507
2026-01-30T20:13:50.770426,LIMOUS,325f2d26-458a-42b9-8e3c-d3c5c6d4464e,24,numerical,NUM-RATIO-MUL-15,integer,15,16,1,15,16,16,27,13,16,27,13,"14 -> 84, 13 -> ?",78,78,1,32.47205710411072,3.360125162459024,0.9285411474578188
2026-01-30T20:14:04.863929,LIMOUS,325f2d26-458a-42b9-8e3c-d3c5c6d4464e,25,pattern,PAT-MIXED-13-2-7-6,integer,13,15,2,13,15,16,27,15,16,27,15,"2, 7, 21, 26, 78, 83, ?",249,249,1,14.08521032333374,11.016309245423429,0.6037769349218713
2026-01-30T20:14:08.352163,LIMOUS,325f2d26-458a-42b9-8e3c-d3c5c6d4464e,26,pattern,PAT-CP-15-4-11,integer,15,17,2,15,17,16,27,17,16,27,17,"15, 19, 4, 7, 15, 19, 4, 7, 15, 19, 4, ?",7,7,1,3.478886127471924,2.7863385883776632,0.9831097696348411
2026-01-30T20:14:15.142537,LIMOUS,325f2d26-458a-42b9-8e3c-d3c5c6d4464e,27,numerical,NUM-NEARBOUNDARY-16,integer,16,18,2,16,18,18,27,17,18,27,17,What is 493 - 14?,479,479,1,6.781765699386597,5.946954987890427,0.9437252554120747
2026-01-30T20:14:18.935649,LIMOUS,325f2d26-458a-42b9-8e3c-d3c5c6d4464e,28,numerical,NUM-NEARBOUNDARY-18,integer,18,21,3,18,21,21,27,17,21,27,17,What is 189 + 9?,198,198,1,3.7842605113983154,6.153838864686346,0.9378034094025609
2026-01-30T20:15:29.531292,LIMOUS,325f2d26-458a-42b9-8e3c-d3c5c6d4464e,29,numerical,NUM-SQUARE-21,integer,21,23,2,21,23,23,27,17,23,27,17,What is 37^2?,1369,1369,1,70.58720803260803,5.33738301790804,0.26003960238818136
2026-01-30T20:15:34.130292,LIMOUS,325f2d26-458a-42b9-8e3c-d3c5c6d4464e,30,logical,LOG-CONSTRAINT-27-7-8,yesno,27,29,2,27,29,23,29,17,23,29,17,"B is faster than C.
A is faster than C.
C is faster than G.
E is faster than G.
C is faster than E.
G is faster than D.
G is faster than F.
G is faster than B.
Is F faster than D?",no,no,1,4.58920693397522,5.9395781187143335,0.7948117212099491
2026-01-30T20:15:37.125536,LIMOUS,325f2d26-458a-42b9-8e3c-d3c5c6d4464e,31,pattern,PAT-CP-17-5-11,integer,17,19,2,17,19,23,29,19,23,29,19,"7, 9, 3, 5, 11, 7, 9, 3, 5, 11, 7, ?",9,9,1,2.985846519470215,2.899097690371418,0.9812500518869876
2026-01-30T20:15:55.867819,LIMOUS,325f2d26-458a-42b9-8e3c-d3c5c6d4464e,32,pattern,PAT-MIXED-19-3-9-8,integer,19,20,1,19,20,23,29,20,23,29,20,"6, 13, 20, 24, 31, 38, 42, 49, ?",56,56,1,18.735403776168823,12.122153177189432,0.5255228579894853
2026-01-30T20:16:20.692593,LIMOUS,325f2d26-458a-42b9-8e3c-d3c5c6d4464e,33,pattern,PAT-MIXED-20-4-8-10,integer,20,19,-1,20,19,23,29,19,23,29,19,"5, 13, 16, 64, 71, 79, 82, ?",328,248,0,24.817081212997437,12.316111943767748,0.5122489750346996
2026-01-31T03:13:47.506104,LIMOUS,93e8889c-f89d-419b-a2b4-a268f5138490,0,numerical,NUM-NEARBOUNDARY-0,integer,0,3,3,0,3,3,0,0,3,0,0,What is 9 + 3?,12,12,1,2.1854195594787598,4.493348280433963,0.9751657046210083
2026-01-31T03:13:49.649438,LIMOUS,93e8889c-f89d-419b-a2b4-a268f5138490,1,pattern,PAT-AP-0-4-5,integer,0,2,2,0,2,3,0,2,3,0,2,"17, 16, 15, 14, ?",13,13,1,2.133319854736328,2.714436572735056,0.9933015536691723
2026-01-31T03:13:51.609088,LIMOUS,93e8889c-f89d-419b-a2b4-a268f5138490,2,logical,LOG-BOOL-0-2-1,boolean,0,3,3,0,3,3,3,2,3,3,2,"A is False.
B is True.
What is: (B OR A)?",True,t,1,1.952646017074585,5.152034292696123,0.9749334971401016
2026-01-31T03:13:54.472943,LIMOUS,93e8889c-f89d-419b-a2b4-a268f5138490,3,logical,LOG-COMP-3-4,yesno,3,6,3,3,6,3,6,2,3,6,2,"D is older than B.
 B is older than C.
 D is older than A.
 Is C older than A?",no,no,1,2.8574674129486084,6.024603177281682,0.4378142357201158
2026-01-31T03:13:57.000581,LIMOUS,93e8889c-f89d-419b-a2b4-a268f5138490,4,numerical,NUM-DIV-3,integer,3,6,3,3,6,6,6,2,6,6,2,What is 200 divided by 40?,5,5,1,2.5213370323181152,3.7321188448293574,0.8402866449216989
2026-01-31T03:14:00.440889,LIMOUS,93e8889c-f89d-419b-a2b4-a268f5138490,5,logical,LOG-BOOL-6-2-2,boolean,6,9,3,6,9,6,9,2,6,9,2,"A is True.
B is False.
What is: ((B OR A) AND B)?",False,f,1,3.43090558052063,5.718197300958036,0.9658349453478047
2026-01-31T03:14:02.689691,LIMOUS,93e8889c-f89d-419b-a2b4-a268f5138490,6,numerical,NUM-NEARBOUNDARY-6,integer,6,9,3,6,9,9,9,2,9,9,2,What is 99 + 6?,105,105,1,2.2413039207458496,4.998893347302876,0.9661485121298824
2026-01-31T03:14:05.728827,LIMOUS,93e8889c-f89d-419b-a2b4-a268f5138490,7,pattern,PAT-CP-2-2-4,integer,2,3,1,2,3,9,9,3,9,9,3,"13, 11, 13, 11, ?",13,13,1,3.0312671661376953,2.1288093461148434,0.9914670823650021
2026-01-31T03:14:08.841144,LIMOUS,93e8889c-f89d-419b-a2b4-a268f5138490,8,pattern,PAT-MP-3-7-2,integer,3,5,2,3,5,9,9,5,9,9,5,"1, 2, 4, 8, 16, 32, 64, ?",128,128,1,3.1054270267486572,4.05719481220075,0.9230581311097368
2026-01-31T03:14:11.880726,LIMOUS,93e8889c-f89d-419b-a2b4-a268f5138490,9,pattern,PAT-MP-5-6-2,integer,5,8,3,5,8,9,9,8,9,9,8,"7, 14, 28, 56, 112, 224, ?",448,448,1,3.0334839820861816,4.207800663294369,0.9151569848755295
2026-01-31T03:14:16.080620,LIMOUS,93e8889c-f89d-419b-a2b4-a268f5138490,10,pattern,PAT-AP-8-5-7,integer,8,9,1,8,9,9,9,9,9,9,9,"4, 8, 12, 16, 20, ?",24,24,1,4.193949460983276,3.1770687378904894,0.9897863331913912
2026-01-31T03:14:19.512980,LIMOUS,93e8889c-f89d-419b-a2b4-a268f5138490,11,numerical,NUM-RATIO-MUL-9,integer,9,11,2,9,11,11,9,9,11,9,9,"6 -> 18, 9 -> ?",27,27,1,3.4252796173095703,2.992684096382527,0.9470267427513381
2026-01-31T03:14:23.457195,LIMOUS,93e8889c-f89d-419b-a2b4-a268f5138490,12,numerical,NUM-RATIO-MUL-11,integer,11,13,2,11,13,13,9,9,13,9,9,"14 -> 56, 8 -> ?",32,32,1,3.9375882148742676,3.1115882732659115,0.9414307540444131
2026-01-31T03:14:25.753237,LIMOUS,93e8889c-f89d-419b-a2b4-a268f5138490,13,logical,LOG-IMP-9-4-3,yesno,9,12,3,9,12,13,12,9,13,12,9,"A is True.
If B is True, then D is True.
If B is True, then A is True.
If A is True, then C is True.
Is B True?",no,no,1,2.288292169570923,4.349907263252754,0.6192127550925076
2026-01-31T03:14:28.328768,LIMOUS,93e8889c-f89d-419b-a2b4-a268f5138490,14,numerical,NUM-RATIO-DIV-13,integer,13,15,2,13,15,15,12,9,15,12,9,"45 -> 15, 33 -> ?",11,11,1,2.5689830780029297,3.2340334774229342,0.9352840130478253
2026-01-31T03:14:31.208723,LIMOUS,93e8889c-f89d-419b-a2b4-a268f5138490,15,logical,LOG-IMP-12-4-3,yesno,12,15,3,12,15,15,15,9,15,15,9,"C is True.
If C is True, then D is True.
If B is True, then C is True.
If A is True, then B is True.
Is A True?",no,no,1,2.8737025260925293,4.590662265778568,0.5809524470561518
2026-01-31T03:14:47.520494,LIMOUS,93e8889c-f89d-419b-a2b4-a268f5138490,16,logical,LOG-COMP-15-8,yesno,15,17,2,15,17,15,17,9,15,17,9,"B is larger than D.
 C is larger than B.
 D is larger than E.
 H is larger than B.
 E is larger than F.
 G is larger than A.
 E is larger than A.
 G is larger than C.
 B is larger than E.
 Is C larger than A?",yes,yes,1,16.304012537002563,7.3770249459812085,0.2914954495355709
2026-01-31T03:15:01.672775,LIMOUS,93e8889c-f89d-419b-a2b4-a268f5138490,17,logical,LOG-COMP-17-8,yesno,17,19,2,17,19,15,19,9,15,19,9,"H is taller than C.
 F is taller than E.
 G is taller than E.
 D is taller than E.
 F is taller than D.
 C is taller than D.
 E is taller than A.
 H is taller than F.
 B is taller than F.
 Is B taller than A?",yes,yes,1,14.143564701080322,7.62649703841044,0.27002787347839746
2026-01-31T03:15:12.656649,LIMOUS,93e8889c-f89d-419b-a2b4-a268f5138490,18,logical,LOG-COMP-19-8,yesno,19,22,3,19,22,15,22,9,15,22,9,"A is faster than H.
 A is faster than D.
 H is faster than B.
 D is faster than F.
 C is faster than H.
 C is faster than F.
 G is faster than D.
 G is faster than C.
 A is faster than E.
 Is G faster than B?",yes,yes,1,10.977515935897827,7.88339853749685,0.24958436533075137
2026-01-31T03:15:20.072356,LIMOUS,93e8889c-f89d-419b-a2b4-a268f5138490,19,logical,LOG-CONSTRAINT-22-6-6,yesno,22,24,2,22,24,15,24,9,15,24,9,"A is faster than D.
B is faster than F.
E is faster than A.
A is faster than B.
D is faster than B.
F is faster than A.
Is A faster than B?",yes,yes,1,7.408806085586548,5.448688467408168,0.8348020191113663
2026-01-31T03:15:52.392353,LIMOUS,93e8889c-f89d-419b-a2b4-a268f5138490,20,logical,LOG-COMP-24-8,yesno,24,22,-2,24,22,15,22,9,15,22,9,"D is faster than B.
 E is faster than B.
 B is faster than C.
 A is faster than H.
 C is faster than F.
 F is faster than A.
 A is faster than G.
 E is faster than G.
 D is faster than A.
 Is E faster than F?",yes,no,0,32.3124942779541,8.559624165781571,0.20315306084719092
2026-01-31T03:15:58.696393,LIMOUS,93e8889c-f89d-419b-a2b4-a268f5138490,21,logical,LOG-BOOL-22-5-3,boolean,22,24,2,22,24,15,24,9,15,24,9,"A is False.
B is False.
C is True.
D is False.
E is False.
What is: (((B AND D) AND B) AND C)?",False,f,1,6.297072649002075,7.495913943005178,0.9235082630874107
2026-01-31T03:16:06.088646,LIMOUS,93e8889c-f89d-419b-a2b4-a268f5138490,22,logical,LOG-COMP-24-7,yesno,24,27,3,24,27,15,27,9,15,27,9,"F is faster than E.
 E is faster than B.
 B is faster than A.
 B is faster than G.
 C is faster than F.
 F is faster than A.
 A is faster than G.
 D is faster than C.
 Is E faster than A?",yes,yes,1,7.384665012359619,8.559624165781571,0.20315306084719092
2026-01-31T03:16:27.968168,LIMOUS,93e8889c-f89d-419b-a2b4-a268f5138490,23,logical,LOG-COMP-27-9,yesno,27,29,2,27,29,15,29,9,15,29,9,"B is faster than D.
 I is faster than B.
 G is faster than B.
 D is faster than E.
 A is faster than D.
 H is faster than B.
 I is faster than H.
 C is faster than H.
 F is faster than I.
 C is faster than I.
 I is faster than A.
 Is F faster than E?",yes,yes,1,21.872677326202393,8.989823649048734,0.17854645937279037
2026-01-31T03:16:35.016464,LIMOUS,93e8889c-f89d-419b-a2b4-a268f5138490,24,numerical,NUM-SQUARE-15,integer,15,17,2,15,17,17,29,9,17,29,9,What is 21^2?,441,441,1,7.041887283325195,4.803312392531331,0.32591590037561036
2026-01-31T03:16:42.520045,LIMOUS,93e8889c-f89d-419b-a2b4-a268f5138490,25,numerical,NUM-DIV-17,integer,17,18,1,17,18,18,29,9,18,29,9,What is 1080 divided by 180?,6,6,1,7.497516632080078,4.811233484668306,0.7142098188106822
2026-01-31T03:16:52.391984,LIMOUS,93e8889c-f89d-419b-a2b4-a268f5138490,26,logical,LOG-BOOL-29-6-3,boolean,29,31,2,29,31,18,31,9,18,31,9,"A is False.
B is False.
C is False.
D is True.
E is True.
F is True.
What is: (((A OR C) OR B) OR E)?",True,t,1,9.865670680999756,8.414915912950745,0.8927146865489842
2026-01-31T03:16:57.800439,LIMOUS,93e8889c-f89d-419b-a2b4-a268f5138490,27,numerical,NUM-DIV-18,integer,18,20,2,18,20,20,31,9,20,31,9,What is 900 divided by 150?,6,6,1,5.402503728866577,4.897129424440156,0.7032337057321588
2026-01-31T03:17:01.040142,LIMOUS,93e8889c-f89d-419b-a2b4-a268f5138490,28,pattern,PAT-AP-9-5-7,integer,9,11,2,9,11,20,31,11,20,31,11,"43, 42, 41, 40, 39, ?",38,38,1,3.2331979274749756,3.238810061084494,0.9892345321127529
2026-01-31T03:17:07.352003,LIMOUS,93e8889c-f89d-419b-a2b4-a268f5138490,29,pattern,PAT-MIXED-11-2-8-6,integer,11,14,3,11,14,20,31,14,20,31,14,"11, 13, 16, 18, 21, 23, 26, ?",28,28,1,6.30553412437439,10.668806221034181,0.6289177020735507
2026-01-31T03:17:11.584435,LIMOUS,93e8889c-f89d-419b-a2b4-a268f5138490,30,pattern,PAT-CP-14-4-9,integer,14,15,1,14,15,20,31,15,20,31,15,"18, 15, 3, 20, 18, 15, 3, 20, 18, ?",15,15,1,4.225774049758911,2.7311878382524877,0.9839704180977171
2026-01-31T03:17:25.080159,LIMOUS,93e8889c-f89d-419b-a2b4-a268f5138490,31,logical,LOG-COMP-31-10,yesno,31,34,3,31,34,20,34,15,20,34,15,"H is larger than C.
 D is larger than B.
 C is larger than B.
 F is larger than J.
 D is larger than H.
 J is larger than E.
 G is larger than J.
 A is larger than C.
 G is larger than F.
 C is larger than I.
 J is larger than H.
 A is larger than E.
 Is G larger than I?",yes,yes,1,13.488292217254639,9.593687540155273,0.14944957065683734
2026-01-31T03:17:27.695950,LIMOUS,93e8889c-f89d-419b-a2b4-a268f5138490,32,logical,LOG-COMP-34-10,yesno,34,33,-1,34,33,20,33,15,20,33,15,"F is heavier than E.
 A is heavier than H.
 J is heavier than B.
 D is heavier than F.
 I is heavier than H.
 G is heavier than H.
 C is heavier than J.
 I is heavier than D.
 G is heavier than D.
 C is heavier than D.
 D is heavier than A.
 J is heavier than D.
 Is C heavier than I?",no,yes,0,2.602900505065918,10.070421648801686,0.13028419691698412
2026-01-31T03:17:37.824359,LIMOUS,93e8889c-f89d-419b-a2b4-a268f5138490,33,pattern,PAT-AP-15-7-15,integer,15,16,1,15,16,20,33,16,20,33,16,"22, 37, 52, 67, 82, 97, 112, ?",127,127,1,10.12085223197937,3.6289017513215978,0.9852483765191342
2026-01-31T03:17:49.264150,LIMOUS,93e8889c-f89d-419b-a2b4-a268f5138490,34,logical,LOG-BOOL-33-4-3,boolean,33,35,2,33,35,20,35,16,20,35,16,"A is True.
B is False.
C is False.
D is False.
What is: (NOT (((D OR B) OR (NOT D)) AND (NOT D)))?",False,f,1,11.433543920516968,8.98402783698122,0.8705777901140986
2026-01-31T03:17:57.216012,LIMOUS,93e8889c-f89d-419b-a2b4-a268f5138490,35,numerical,NUM-NEARBOUNDARY-20,integer,20,22,2,20,22,22,35,16,22,35,16,What is 482 - 35?,447,447,1,7.944247722625732,6.366883849270169,0.9313037633557362
2026-01-31T03:18:00.847869,LIMOUS,93e8889c-f89d-419b-a2b4-a268f5138490,36,numerical,NUM-NEARBOUNDARY-22,integer,22,25,3,22,25,25,35,16,25,35,16,What is 999 + 2?,1001,1001,1,3.625715494155884,6.586273422586676,0.9241798079610334
2026-01-31T03:18:05.984047,LIMOUS,93e8889c-f89d-419b-a2b4-a268f5138490,37,logical,LOG-CONSTRAINT-35-7-8,yesno,35,37,2,35,37,25,37,16,25,37,16,"C is faster than B.
D is faster than G.
E is faster than G.
E is faster than A.
F is faster than C.
D is faster than B.
C is faster than A.
A is faster than F.
Is B faster than E?",no,no,1,5.12920069694519,6.8039008733123785,0.7168279045976657
2026-01-31T03:18:16.696177,LIMOUS,93e8889c-f89d-419b-a2b4-a268f5138490,38,pattern,PAT-MIXED-16-2-8-8,integer,16,18,2,16,18,25,37,18,25,37,18,"13, 52, 60, 240, 248, 992, 1000, ?",4000,4000,1,10.70578670501709,11.557063770759619,0.5650550910301303
2026-01-31T03:18:20.391985,LIMOUS,93e8889c-f89d-419b-a2b4-a268f5138490,39,logical,LOG-CONSTRAINT-37-8-6,yesno,37,40,3,37,40,25,40,18,25,40,18,"B is left of E.
E is left of H.
B is left of H.
H is left of G.
D is left of B.
C is left of A.
Is A left of G?",no,no,1,3.689682722091675,7.0363050373837215,0.6947523191624322
2026-01-31T03:18:34.304005,LIMOUS,93e8889c-f89d-419b-a2b4-a268f5138490,40,logical,LOG-BOOL-40-4-5,boolean,40,42,2,40,42,25,42,18,25,42,18,"A is False.
B is False.
C is True.
D is False.
What is: (NOT (((((B OR (NOT B)) AND (NOT C)) AND (NOT B)) AND D) OR (NOT C)))?",True,t,1,13.904618263244629,10.063998904453168,0.8225696978069847
2026-01-31T03:18:38.288003,LIMOUS,93e8889c-f89d-419b-a2b4-a268f5138490,41,pattern,PAT-CP-18-4-10,integer,18,19,1,18,19,25,42,19,25,42,19,"11, 8, 8, 4, 11, 8, 8, 4, 11, 8, ?",8,8,1,3.9767043590545654,2.9567303188418297,0.9802462757615774
2026-01-31T03:18:41.151791,LIMOUS,93e8889c-f89d-419b-a2b4-a268f5138490,42,numerical,NUM-SQUARE-25,integer,25,29,4,25,29,29,42,19,29,42,19,What is 30^2?,900,900,1,2.8568599224090576,5.720464531963681,0.22123895658351356
2026-01-31T03:18:47.848007,LIMOUS,93e8889c-f89d-419b-a2b4-a268f5138490,43,numerical,NUM-NEARBOUNDARY-29,integer,29,31,2,29,31,31,42,19,31,42,19,What is 2006 + 61?,2067,2067,1,6.689344167709351,7.406879688925196,0.8936254379275302
2026-01-31T03:32:46.797026,LIMOUS,d73796e7-6e76-483f-a22e-6c3383f7d4cf,0,logical,LOG-BOOL-0-2-1,boolean,0,3,3,0,3,0,3,0,0,3,0,"A is False.
B is True.
What is: (A AND A)?",False,f,1,2.7068943977355957,5.152034292696123,0.9749334971401016
2026-01-31T03:32:55.732818,LIMOUS,d73796e7-6e76-483f-a22e-6c3383f7d4cf,1,pattern,PAT-MIXED-0-2-6-3,integer,0,2,2,0,2,0,3,2,0,3,2,"5, 15, 17, 51, 53, ?",159,159,1,8.928654193878174,8.929577029453181,0.7525942351746459
2026-01-31T03:33:12.060648,LIMOUS,d73796e7-6e76-483f-a22e-6c3383f7d4cf,2,pattern,PAT-MIXED-2-2-5-3,integer,2,3,1,2,3,0,3,3,0,3,3,"15, 18, 36, 39, ?",78,78,1,16.321573495864868,9.225284917927755,0.7322655091112712
2026-01-31T03:33:14.900246,LIMOUS,d73796e7-6e76-483f-a22e-6c3383f7d4cf,3,numerical,NUM-DIV-0,integer,0,2,2,0,2,2,3,3,2,3,3,What is 720 divided by 80?,9,9,1,2.8315117359161377,3.528335960033564,0.8605524488879555
2026-01-31T03:33:18.012611,LIMOUS,d73796e7-6e76-483f-a22e-6c3383f7d4cf,4,logical,LOG-IMP-3-3-2,yesno,3,5,2,3,5,2,5,3,2,5,3,"C is True.
A is True.
If C is True, then B is True.
If B is True, then A is True.
Is B True?",yes,yes,1,3.105597734451294,3.899054236109073,0.6910975255066119
2026-01-31T03:33:21.060720,LIMOUS,d73796e7-6e76-483f-a22e-6c3383f7d4cf,5,logical,LOG-BOOL-5-2-2,boolean,5,8,3,5,8,2,8,3,2,8,3,"A is True.
B is False.
What is: ((B OR B) AND A)?",False,f,1,3.041260004043579,5.620341915870692,0.96754678181916
2026-01-31T03:33:27.364557,LIMOUS,d73796e7-6e76-483f-a22e-6c3383f7d4cf,6,logical,LOG-CONSTRAINT-8-4-3,yesno,8,9,1,8,9,2,9,3,2,9,3,"B is above A.
C is above D.
C is above A.
Is B above D?",no,no,1,6.297154188156128,4.251201883656156,0.9140793730322787
2026-01-31T03:33:29.620455,LIMOUS,d73796e7-6e76-483f-a22e-6c3383f7d4cf,7,numerical,NUM-SQUARE-2,integer,2,5,3,2,5,5,9,3,5,9,3,What is 8^2?,64,64,1,2.2497620582580566,3.795518844487721,0.4911392983170604
2026-01-31T03:33:36.748629,LIMOUS,d73796e7-6e76-483f-a22e-6c3383f7d4cf,8,logical,LOG-COMP-9-6,yesno,9,12,3,9,12,5,12,3,5,12,3,"C is taller than A.
 D is taller than B.
 A is taller than F.
 B is taller than F.
 C is taller than B.
 D is taller than C.
 Is C taller than F?",yes,yes,1,7.121457576751709,6.6710674649430315,0.3614480151714482
2026-01-31T03:33:46.580118,LIMOUS,d73796e7-6e76-483f-a22e-6c3383f7d4cf,9,logical,LOG-COMP-12-5,yesno,12,15,3,12,15,5,15,3,5,15,3,"C is larger than A.
 A is larger than D.
 B is larger than E.
 B is larger than D.
 A is larger than B.
 Is C larger than B?",yes,yes,1,9.824753284454346,7.016278657589979,0.3255001624923485
2026-01-31T03:33:48.140132,LIMOUS,d73796e7-6e76-483f-a22e-6c3383f7d4cf,10,numerical,NUM-DIV-5,integer,5,8,3,5,8,8,15,3,8,15,3,What is 80 divided by 40?,2,2,1,1.5521292686462402,3.8730437671563154,0.8254926249530606
2026-01-31T03:33:50.955755,LIMOUS,d73796e7-6e76-483f-a22e-6c3383f7d4cf,11,pattern,PAT-CP-3-2-4,integer,3,4,1,3,4,8,15,4,8,15,4,"8, 10, 8, 10, ?",8,8,1,2.8095204830169678,2.1750563296271266,0.991005259848136
2026-01-31T03:33:58.507963,LIMOUS,d73796e7-6e76-483f-a22e-6c3383f7d4cf,12,logical,LOG-IMP-15-6-5,yesno,15,16,1,15,16,8,16,4,8,16,4,"E is True.
If A is True, then D is True.
If E is True, then D is True.
If A is True, then E is True.
If C is True, then F is True.
If F is True, then C is True.
Is F True?",no,no,1,7.544632911682129,4.842251656339356,0.5416931822193215
2026-01-31T03:34:03.380318,LIMOUS,d73796e7-6e76-483f-a22e-6c3383f7d4cf,13,numerical,NUM-RATIO-MUL-8,integer,8,9,1,8,9,9,16,4,9,16,4,"10 -> 40, 7 -> ?",28,28,1,4.864632606506348,2.9345277752325196,0.9496318170690095
2026-01-31T03:34:05.740730,LIMOUS,d73796e7-6e76-483f-a22e-6c3383f7d4cf,14,numerical,NUM-DIV-9,integer,9,12,3,9,12,12,16,4,12,16,4,What is 750 divided by 150?,5,5,1,2.3535523414611816,4.167609044196784,0.7927061381808812
2026-01-31T03:34:07.924481,LIMOUS,d73796e7-6e76-483f-a22e-6c3383f7d4cf,15,pattern,PAT-CP-4-2-4,integer,4,6,2,4,6,12,16,6,12,16,6,"20, 6, 20, 6, ?",20,20,1,2.1775240898132324,2.221986890579704,0.9905186813841752
2026-01-31T03:34:10.564186,LIMOUS,d73796e7-6e76-483f-a22e-6c3383f7d4cf,16,numerical,NUM-SQUARE-12,integer,12,16,4,12,16,16,16,6,16,16,6,What is 13^2?,169,169,1,2.633089065551758,4.553399873530794,0.36188503292790897
2026-01-31T03:34:19.556479,LIMOUS,d73796e7-6e76-483f-a22e-6c3383f7d4cf,17,logical,LOG-BOOL-16-4-3,boolean,16,18,2,16,18,16,18,6,16,18,6,"A is True.
B is False.
C is True.
D is False.
What is: (((D OR (NOT C)) OR A) OR D)?",True,t,1,8.984454870223999,6.779937323024068,0.943216189342373
2026-01-31T03:34:23.244077,LIMOUS,d73796e7-6e76-483f-a22e-6c3383f7d4cf,18,logical,LOG-CONSTRAINT-18-6-4,yesno,18,20,2,18,20,16,20,6,16,20,6,"B is above F.
D is above E.
E is above B.
C is above A.
Is A above B?",no,no,1,3.6804745197296143,5.081098797078334,0.8620887790264528
2026-01-31T03:34:25.964297,LIMOUS,d73796e7-6e76-483f-a22e-6c3383f7d4cf,19,numerical,NUM-DIV-16,integer,16,19,3,16,19,19,20,6,19,20,6,What is 1200 divided by 200?,6,6,1,2.7134110927581787,4.726588681159247,0.7249387585482675
2026-01-31T03:34:29.396100,LIMOUS,d73796e7-6e76-483f-a22e-6c3383f7d4cf,20,logical,LOG-IMP-20-6-6,yesno,20,23,3,20,23,19,23,6,19,23,6,"A is True.
If B is True, then F is True.
If C is True, then B is True.
If A is True, then E is True.
If E is True, then F is True.
If D is True, then B is True.
If B is True, then E is True.
Is D True?",no,no,1,3.4224307537078857,5.286977881356696,0.4753420693120702
2026-01-31T03:34:34.771996,LIMOUS,d73796e7-6e76-483f-a22e-6c3383f7d4cf,21,logical,LOG-IMP-23-6-5,yesno,23,25,2,23,25,19,25,6,19,25,6,"D is True.
B is True.
If B is True, then F is True.
If D is True, then E is True.
If E is True, then D is True.
If C is True, then D is True.
If C is True, then E is True.
Is F True?",yes,t,1,5.369065761566162,5.569902668876375,0.43579753247634007
2026-01-31T03:34:41.556536,LIMOUS,d73796e7-6e76-483f-a22e-6c3383f7d4cf,22,pattern,PAT-CP-6-3-6,integer,6,7,1,6,7,19,25,7,19,25,7,"11, 11, 16, 11, 11, 16, ?",11,11,1,6.777557134628296,2.3179393100312056,0.9894659892399172
2026-01-31T03:34:49.844333,LIMOUS,d73796e7-6e76-483f-a22e-6c3383f7d4cf,23,pattern,PAT-MIXED-7-2-6-5,integer,7,9,2,7,9,19,25,9,19,25,9,"4, 8, 24, 28, 84, ?",88,88,1,8.28053092956543,10.00365815974838,0.6770559213004105
2026-01-31T03:35:20.276040,LIMOUS,d73796e7-6e76-483f-a22e-6c3383f7d4cf,24,logical,LOG-COMP-25-10,yesno,25,27,2,25,27,19,27,9,19,27,9,"H is taller than E.
 F is taller than A.
 A is taller than J.
 B is taller than C.
 H is taller than I.
 B is taller than D.
 C is taller than I.
 E is taller than D.
 F is taller than H.
 A is taller than B.
 F is taller than E.
 G is taller than E.
 Is H taller than C?",no,no,1,30.423118591308594,8.700925131187951,0.1946807943331946
2026-01-31T03:35:28.596070,LIMOUS,d73796e7-6e76-483f-a22e-6c3383f7d4cf,25,logical,LOG-BOOL-27-4-3,boolean,27,29,2,27,29,19,29,9,19,29,9,"A is True.
B is True.
C is False.
D is True.
What is: (((A OR (NOT B)) OR (NOT A)) AND (NOT C))?",True,t,1,8.312719821929932,8.142643313494554,0.9024831062072327
2026-01-31T03:35:38.107889,LIMOUS,d73796e7-6e76-483f-a22e-6c3383f7d4cf,26,numerical,NUM-SQUARE-19,integer,19,18,-1,19,18,18,29,9,18,29,9,What is 22^2?,484,383,0,9.505107641220093,5.1541104572193355,0.2810187964386889
2026-01-31T03:35:43.699983,LIMOUS,d73796e7-6e76-483f-a22e-6c3383f7d4cf,27,pattern,PAT-CP-9-3-7,integer,9,10,1,9,10,18,29,10,18,29,10,"5, 12, 3, 5, 12, 3, 5, ?",12,12,1,5.585371971130371,2.467252269613496,0.9876665814293969
2026-01-31T03:35:46.243921,LIMOUS,d73796e7-6e76-483f-a22e-6c3383f7d4cf,28,pattern,PAT-CP-10-3-8,integer,10,12,2,10,12,18,29,12,18,29,12,"6, 11, 1, 6, 11, 1, 6, 11, ?",1,1,1,2.5369560718536377,2.5185017836642176,0.987001763091954
2026-01-31T03:35:55.827759,LIMOUS,d73796e7-6e76-483f-a22e-6c3383f7d4cf,29,numerical,NUM-RATIO-MUL-18,integer,18,19,1,18,19,19,29,12,19,29,12,"10 -> 70, 16 -> ?",112,112,1,9.57670545578003,3.5563382728639423,0.9172054525063875
2026-01-31T03:36:12.435746,LIMOUS,d73796e7-6e76-483f-a22e-6c3383f7d4cf,30,pattern,PAT-MP-12-7-3,integer,12,13,1,12,13,19,29,13,19,29,13,"9, 27, 81, 243, 729, 2187, 6561, ?",19683,19683,1,16.599953413009644,4.771127822768686,0.8814330415047538
2026-01-31T03:36:18.227840,LIMOUS,d73796e7-6e76-483f-a22e-6c3383f7d4cf,31,numerical,NUM-NEARBOUNDARY-19,integer,19,21,2,19,21,21,29,13,21,29,13,What is 217 + 23?,240,240,1,5.785448312759399,6.2595798771374564,0.9346286759279752
2026-01-31T03:36:27.707683,LIMOUS,d73796e7-6e76-483f-a22e-6c3383f7d4cf,32,numerical,NUM-RATIO-DIV-21,integer,21,22,1,21,22,22,29,13,22,29,13,"84 -> 12, 161 -> ?",23,23,1,9.472500085830688,3.7613813097641504,0.9042569637738095
2026-01-31T03:36:42.507441,LIMOUS,d73796e7-6e76-483f-a22e-6c3383f7d4cf,33,logical,LOG-IMP-29-7-8,yesno,29,27,-2,29,27,22,27,13,22,27,13,"D is True.
C is True.
If B is True, then A is True.
If E is True, then D is True.
If A is True, then F is True.
If C is True, then E is True.
If A is True, then G is True.
If A is True, then B is True.
If E is True, then G is True.
If G is True, then F is True.
Is F True?",yes,no,0,14.79296064376831,6.174521512340086,0.35955809822341156
2026-01-31T03:36:55.500045,LIMOUS,d73796e7-6e76-483f-a22e-6c3383f7d4cf,34,pattern,PAT-MP-13-6-3,integer,13,14,1,13,14,22,27,14,22,27,14,"6, 18, 54, 162, 486, 1458, ?",4374,4374,1,12.985733032226562,4.856430960078181,0.8757621486653209
2026-01-31T03:37:04.187553,LIMOUS,d73796e7-6e76-483f-a22e-6c3383f7d4cf,35,pattern,PAT-MIXED-14-3-7-6,integer,14,16,2,14,16,22,27,16,22,27,16,"13, 16, 20, 26, 29, 33, ?",39,39,1,8.680968523025513,11.193922514266944,0.590988414217333
2026-01-31T03:37:11.963304,LIMOUS,d73796e7-6e76-483f-a22e-6c3383f7d4cf,36,numerical,NUM-RATIO-DIV-22,integer,22,23,1,22,23,23,27,16,23,27,16,"80 -> 20, 96 -> ?",24,24,1,7.76927638053894,3.831759366900097,0.8995533062755133
2026-01-31T03:37:19.003326,LIMOUS,d73796e7-6e76-483f-a22e-6c3383f7d4cf,37,pattern,PAT-MP-16-6-2,integer,16,17,1,16,17,23,27,17,23,27,17,"11, 22, 44, 88, 176, 352, ?",704,704,1,7.033557891845703,5.119980397704995,0.8573403230714572
2026-01-31T03:37:39.411752,LIMOUS,d73796e7-6e76-483f-a22e-6c3383f7d4cf,38,numerical,NUM-RATIO-MUL-23,integer,23,24,1,23,24,24,27,17,24,27,17,"10 -> 60, 23 -> ?",138,138,1,20.401198148727417,3.9031776832809975,0.8946454909293257
2026-01-31T03:37:51.827367,LIMOUS,d73796e7-6e76-483f-a22e-6c3383f7d4cf,39,logical,LOG-COMP-27-9,yesno,27,30,3,27,30,24,30,17,24,30,17,"E is larger than B.
 D is larger than A.
 F is larger than A.
 H is larger than D.
 I is larger than G.
 A is larger than C.
 B is larger than D.
 B is larger than F.
 C is larger than G.
 I is larger than A.
 H is larger than C.
 Is A larger than H?",no,no,1,12.406122922897339,8.989823649048734,0.17854645937279037
2026-01-31T03:44:31.801783,LIMOUS,6bb3bf7f-7f85-466c-ad6d-3b7556fa0228,0,numerical,NUM-SQUARE-0,integer,0,3,3,0,3,3,0,0,3,0,0,What is 5^2?,25,25,1,2.1363461017608643,3.6568358871886817,0.5177182172811648
2026-01-31T03:44:34.489877,LIMOUS,6bb3bf7f-7f85-466c-ad6d-3b7556fa0228,1,logical,LOG-BOOL-0-2-1,boolean,0,3,3,0,3,3,3,0,3,3,0,"A is True.
B is False.
What is: (B AND A)?",False,f,1,2.679868698120117,5.152034292696123,0.9749334971401016
2026-01-31T03:44:40.202026,LIMOUS,6bb3bf7f-7f85-466c-ad6d-3b7556fa0228,2,logical,LOG-COMP-3-4,yesno,3,5,2,3,5,3,5,0,3,5,0,"D is larger than B.
 B is larger than A.
 C is larger than D.
 Is B larger than C?",no,no,1,5.70045018196106,6.024603177281682,0.4378142357201158
2026-01-31T03:44:45.498181,LIMOUS,6bb3bf7f-7f85-466c-ad6d-3b7556fa0228,3,logical,LOG-BOOL-5-2-2,boolean,5,7,2,5,7,3,7,0,3,7,0,"A is False.
B is True.
What is: ((A OR B) OR B)?",True,t,1,5.2880589962005615,5.620341915870692,0.96754678181916
2026-01-31T03:44:49.681666,LIMOUS,6bb3bf7f-7f85-466c-ad6d-3b7556fa0228,4,pattern,PAT-AP-0-4-5,integer,0,1,1,0,1,3,7,1,3,7,1,"37, 42, 47, 52, ?",57,57,1,4.17442774772644,2.714436572735056,0.9933015536691723
2026-01-31T03:44:54.322190,LIMOUS,6bb3bf7f-7f85-466c-ad6d-3b7556fa0228,5,pattern,PAT-AP-1-4-5,integer,1,2,1,1,2,3,7,2,3,7,2,"38, 35, 32, 29, ?",26,26,1,4.632091522216797,2.7693397221231795,0.992938310095298
2026-01-31T03:45:02.825417,LIMOUS,6bb3bf7f-7f85-466c-ad6d-3b7556fa0228,6,logical,LOG-COMP-7-4,yesno,7,10,3,7,10,3,10,2,3,10,2,"B is heavier than D.
 A is heavier than B.
 C is heavier than D.
 Is C heavier than B?",no,no,1,8.49541187286377,6.449225708883285,0.38633702038696566
2026-01-31T03:45:04.985598,LIMOUS,6bb3bf7f-7f85-466c-ad6d-3b7556fa0228,7,numerical,NUM-NEARBOUNDARY-3,integer,3,6,3,3,6,6,10,2,6,10,2,What is 9 + 3?,12,12,1,2.1521451473236084,4.740558374750055,0.9709951445127112
2026-01-31T03:45:11.633490,LIMOUS,6bb3bf7f-7f85-466c-ad6d-3b7556fa0228,8,logical,LOG-IMP-10-4-4,yesno,10,11,1,10,11,6,11,2,6,11,2,"C is True.
B is True.
If C is True, then B is True.
If C is True, then A is True.
If C is True, then D is True.
If B is True, then D is True.
Is D True?",yes,yes,1,6.6373395919799805,4.428984332395085,0.60659782545951
2026-01-31T03:45:14.169540,LIMOUS,6bb3bf7f-7f85-466c-ad6d-3b7556fa0228,9,pattern,PAT-CP-2-2-4,integer,2,4,2,2,4,6,11,4,6,11,4,"7, 6, 7, 6, ?",7,7,1,2.5272738933563232,2.1288093461148434,0.9914670823650021
2026-01-31T03:45:17.305732,LIMOUS,6bb3bf7f-7f85-466c-ad6d-3b7556fa0228,10,numerical,NUM-DIV-6,integer,6,8,2,6,8,8,11,4,8,11,4,What is 500 divided by 50?,10,10,1,3.1287472248077393,3.9450723089510253,0.817699544986896
2026-01-31T03:45:19.865270,LIMOUS,6bb3bf7f-7f85-466c-ad6d-3b7556fa0228,11,numerical,NUM-NEARBOUNDARY-8,integer,8,11,3,8,11,11,11,4,11,11,4,What is 48 + 7?,55,55,1,2.548880100250244,5.177543462977821,0.9624925062221821
2026-01-31T03:45:22.577611,LIMOUS,6bb3bf7f-7f85-466c-ad6d-3b7556fa0228,12,numerical,NUM-DIV-11,integer,11,14,3,11,14,14,11,4,14,11,4,What is 540 divided by 90?,6,6,1,2.701098918914795,4.321503087657938,0.774686575671404
2026-01-31T03:45:27.233805,LIMOUS,6bb3bf7f-7f85-466c-ad6d-3b7556fa0228,13,pattern,PAT-AP-4-4-5,integer,4,5,1,4,5,14,11,5,14,11,5,"6, 2, -2, -6, ?",-10,-10,1,4.647987604141235,2.938966474450969,0.9917270809857165
2026-01-31T03:45:31.426273,LIMOUS,6bb3bf7f-7f85-466c-ad6d-3b7556fa0228,14,logical,LOG-CONSTRAINT-11-5-3,yesno,11,13,2,11,13,14,13,5,14,13,5,"C is faster than A.
E is faster than B.
C is faster than D.
Is E faster than B?",yes,yes,1,4.183152675628662,4.48751497480954,0.9006949197871013
2026-01-31T03:45:38.609653,LIMOUS,6bb3bf7f-7f85-466c-ad6d-3b7556fa0228,15,pattern,PAT-AP-5-5-7,integer,5,6,1,5,6,14,13,6,14,13,6,"18, 11, 4, -3, -10, ?",-17,-17,1,7.175215005874634,2.997188404088699,0.9912792064614064
2026-01-31T03:45:42.441836,LIMOUS,6bb3bf7f-7f85-466c-ad6d-3b7556fa0228,16,pattern,PAT-CP-6-3-7,integer,6,7,1,6,7,14,13,7,14,13,7,"16, 7, 16, 16, 7, 16, 16, ?",7,7,1,3.8011133670806885,2.3179393100312056,0.9894659892399172
2026-01-31T03:45:48.041595,LIMOUS,6bb3bf7f-7f85-466c-ad6d-3b7556fa0228,17,logical,LOG-BOOL-13-3-2,boolean,13,15,2,13,15,14,15,7,14,15,7,"A is True.
B is True.
C is False.
What is: (NOT ((B AND A) OR (NOT C)))?",False,f,1,5.591593980789185,6.444903879612427,0.9511802140959355
2026-01-31T03:45:53.265550,LIMOUS,6bb3bf7f-7f85-466c-ad6d-3b7556fa0228,18,pattern,PAT-CP-7-3-6,integer,7,8,1,7,8,14,15,8,14,15,8,"17, 14, 2, 17, 14, 2, ?",17,17,1,5.2157745361328125,2.366981826717723,0.9888970754761152
2026-01-31T03:46:10.730031,LIMOUS,6bb3bf7f-7f85-466c-ad6d-3b7556fa0228,19,logical,LOG-COMP-15-8,yesno,15,17,2,15,17,14,17,8,14,17,8,"C is taller than B.
 B is taller than G.
 E is taller than A.
 B is taller than E.
 D is taller than E.
 H is taller than E.
 B is taller than D.
 F is taller than C.
 F is taller than G.
 Is C taller than A?",yes,yes,1,17.45612859725952,7.3770249459812085,0.2914954495355709
2026-01-31T03:46:14.585630,LIMOUS,6bb3bf7f-7f85-466c-ad6d-3b7556fa0228,20,numerical,NUM-DIV-14,integer,14,16,2,14,16,16,17,8,16,17,8,What is 810 divided by 90?,9,9,1,3.847125768661499,4.5609798535657005,0.745630547715133
2026-01-31T03:46:21.193412,LIMOUS,6bb3bf7f-7f85-466c-ad6d-3b7556fa0228,21,numerical,NUM-SQUARE-16,integer,16,19,3,16,19,19,17,8,19,17,8,What is 22^2?,484,484,1,6.599764585494995,4.889091250507223,0.31434358461917455
2026-01-31T03:46:24.385644,LIMOUS,6bb3bf7f-7f85-466c-ad6d-3b7556fa0228,22,numerical,NUM-DIV-19,integer,19,22,3,19,22,22,17,8,22,17,8,What is 1800 divided by 200?,9,9,1,3.183581590652466,4.98429499354092,0.6920178233968842
2026-01-31T03:46:28.409360,LIMOUS,6bb3bf7f-7f85-466c-ad6d-3b7556fa0228,23,logical,LOG-CONSTRAINT-17-6-4,yesno,17,19,2,17,19,22,19,8,22,19,8,"A is left of D.
E is left of B.
D is left of E.
F is left of A.
Is F left of A?",yes,yes,1,4.016026496887207,4.992523210818397,0.8682899335284209
2026-01-31T03:46:35.393368,LIMOUS,6bb3bf7f-7f85-466c-ad6d-3b7556fa0228,24,pattern,PAT-MIXED-8-2-6-5,integer,8,10,2,8,10,22,19,10,22,19,10,"12, 16, 19, 23, 26, ?",30,30,1,6.976335525512695,10.1663034158809,0.6653215319133833
2026-01-31T03:46:40.449428,LIMOUS,6bb3bf7f-7f85-466c-ad6d-3b7556fa0228,25,logical,LOG-IMP-19-6-5,yesno,19,21,2,19,21,22,21,10,22,21,10,"B is True.
A is True.
If B is True, then E is True.
If D is True, then E is True.
If F is True, then E is True.
If B is True, then C is True.
If C is True, then B is True.
Is E True?",yes,yes,1,5.046589612960815,5.195403517869628,0.4886176515209436
2026-01-31T03:46:55.049123,LIMOUS,6bb3bf7f-7f85-466c-ad6d-3b7556fa0228,26,logical,LOG-BOOL-21-5-4,boolean,21,22,1,21,22,22,22,10,22,22,10,"A is False.
B is False.
C is True.
D is False.
E is True.
What is: (NOT ((((D OR B) OR (NOT A)) AND D) OR (NOT A)))?",False,f,1,14.59158730506897,7.372164833933441,0.9271809779979949
2026-01-31T03:47:00.073134,LIMOUS,6bb3bf7f-7f85-466c-ad6d-3b7556fa0228,27,numerical,NUM-NEARBOUNDARY-22,integer,22,24,2,22,24,24,22,10,24,22,10,What is 1002 + 43?,1045,1045,1,5.015864133834839,6.586273422586676,0.9241798079610334
2026-01-31T03:47:06.468739,LIMOUS,6bb3bf7f-7f85-466c-ad6d-3b7556fa0228,28,logical,LOG-BOOL-22-4-4,boolean,22,24,2,22,24,24,24,10,24,24,10,"A is False.
B is True.
C is True.
D is False.
What is: ((((C AND C) OR (NOT A)) OR B) AND A)?",False,f,1,6.3769190311431885,7.495913943005178,0.9235082630874107
2026-01-31T03:47:13.745078,LIMOUS,6bb3bf7f-7f85-466c-ad6d-3b7556fa0228,29,numerical,NUM-NEARBOUNDARY-24,integer,24,26,2,24,26,26,24,10,26,24,10,What is 973 + 23?,996,996,1,7.24666166305542,6.812196529737137,0.9163834123299225
2026-01-31T03:47:26.729133,LIMOUS,6bb3bf7f-7f85-466c-ad6d-3b7556fa0228,30,numerical,NUM-DIV-26,integer,26,27,1,26,27,27,24,10,27,24,10,What is 3780 divided by 420?,9,9,1,12.974885940551758,5.631615449549937,0.6076269395760686
2026-01-31T03:47:30.089321,LIMOUS,6bb3bf7f-7f85-466c-ad6d-3b7556fa0228,31,numerical,NUM-SQUARE-27,integer,27,31,4,27,31,31,24,10,31,24,10,What is 40^2?,1600,1600,1,3.3511180877685547,5.920603407005439,0.20345967023453607
2026-01-31T03:48:00.137253,LIMOUS,6bb3bf7f-7f85-466c-ad6d-3b7556fa0228,32,numerical,NUM-SQUARE-31,integer,31,29,-2,31,29,29,24,10,29,24,10,What is 37^2?,1369,1364,0,30.039525032043457,6.338939370579471,0.17114868432329003
2026-01-31T03:48:08.320771,LIMOUS,6bb3bf7f-7f85-466c-ad6d-3b7556fa0228,33,logical,LOG-CONSTRAINT-24-7-5,yesno,24,25,1,24,25,29,25,10,29,25,10,"D is faster than E.
G is faster than F.
E is faster than F.
B is faster than D.
E is faster than A.
Is G faster than E?",no,no,1,8.175485610961914,5.64073371208186,0.8196090295557016
2026-01-31T03:48:17.329264,LIMOUS,6bb3bf7f-7f85-466c-ad6d-3b7556fa0228,34,logical,LOG-IMP-25-8-7,yesno,25,26,1,25,26,29,26,10,29,26,10,"E is True.
H is True.
If E is True, then C is True.
If F is True, then D is True.
If G is True, then C is True.
If A is True, then D is True.
If H is True, then D is True.
If E is True, then F is True.
If E is True, then D is True.
Is F True?",yes,yes,1,9.000550031661987,5.765557734538713,0.4098502457436088
2026-01-31T03:48:22.656906,LIMOUS,6bb3bf7f-7f85-466c-ad6d-3b7556fa0228,35,numerical,NUM-DIV-29,integer,29,31,2,29,31,31,26,10,31,26,10,What is 3600 divided by 240?,15,15,1,5.319848299026489,5.930049518729651,0.5690127716759082
2026-01-31T03:48:31.552980,LIMOUS,6bb3bf7f-7f85-466c-ad6d-3b7556fa0228,36,numerical,NUM-NEARBOUNDARY-31,integer,31,33,2,31,33,33,26,10,33,26,10,What is 2044 + 37?,2081,2081,1,8.888088464736938,7.6572408708867155,0.8830846784152454
2026-01-31T03:48:53.888903,LIMOUS,6bb3bf7f-7f85-466c-ad6d-3b7556fa0228,37,numerical,NUM-RATIO-MUL-33,integer,33,34,1,33,34,34,26,10,34,26,10,"12 -> 96, 14 -> ?",112,112,1,22.328238487243652,4.678073053040095,0.8330433139120095
2026-01-31T03:49:03.280901,LIMOUS,6bb3bf7f-7f85-466c-ad6d-3b7556fa0228,38,logical,LOG-IMP-26-7-8,yesno,26,28,2,26,28,34,28,10,34,28,10,"A is True.
B is True.
If B is True, then E is True.
If F is True, then A is True.
If G is True, then E is True.
If E is True, then B is True.
If D is True, then E is True.
If G is True, then F is True.
If E is True, then D is True.
If C is True, then E is True.
Is F True?",no,no,1,9.384190559387207,5.86555955708157,0.39705312008619037
2026-01-31T03:49:16.456225,LIMOUS,6bb3bf7f-7f85-466c-ad6d-3b7556fa0228,39,numerical,NUM-SQUARE-34,integer,34,36,2,34,36,36,28,10,36,28,10,What is 31^2?,961,961,1,13.165632963180542,6.669204229343845,0.1496903538032917
2026-01-31T03:49:27.689028,LIMOUS,6bb3bf7f-7f85-466c-ad6d-3b7556fa0228,40,logical,LOG-BOOL-28-4-5,boolean,28,30,2,28,30,36,30,10,36,30,10,"A is False.
B is False.
C is True.
D is False.
What is: (((((D AND C) OR (NOT D)) OR A) OR C) OR (NOT D))?",True,t,1,11.2247314453125,8.277780877917554,0.8977021615022837
2026-01-31T03:49:32.296828,LIMOUS,6bb3bf7f-7f85-466c-ad6d-3b7556fa0228,41,logical,LOG-CONSTRAINT-30-8-8,yesno,30,32,2,30,32,36,32,10,36,32,10,"F is above C.
H is above D.
D is above F.
C is above A.
B is above H.
F is above E.
B is above C.
B is above G.
Is E above H?",no,no,1,4.5992751121521,6.251871036196299,0.7675723332513743
2026-01-31T03:59:10.214528,LIMOUS,a52a2906-4ed5-4fe9-a211-ae196c540a61,0,pattern,PAT-MP-0-8-2,integer,0,1,1,0,1,0,0,1,0,0,1,"6, 12, 24, 48, 96, 192, 384, 768, ?",1536,1536,1,12.713009119033813,3.839412930215545,0.9336504809438096
2026-01-31T03:59:15.350178,LIMOUS,a52a2906-4ed5-4fe9-a211-ae196c540a61,1,pattern,PAT-MP-1-7-2,integer,1,3,2,1,3,0,0,3,0,0,3,"4, 8, 16, 32, 64, 128, 256, ?",512,512,1,5.12774658203125,3.9109443740443997,0.9302795268895705
2026-01-31T03:59:32.638392,LIMOUS,a52a2906-4ed5-4fe9-a211-ae196c540a61,2,pattern,PAT-MP-3-7-2,integer,3,4,1,3,4,0,0,4,0,0,4,"9, 18, 36, 72, 144, 288, 576, ?",1152,1152,1,17.280248403549194,4.05719481220075,0.9230581311097368
2026-01-31T03:59:39.422626,LIMOUS,a52a2906-4ed5-4fe9-a211-ae196c540a61,3,pattern,PAT-MP-4-9-2,integer,4,5,1,4,5,0,0,5,0,0,5,"10, 20, 40, 80, 160, 320, 640, 1280, 2560, ?",5120,5120,1,6.77618932723999,4.131945293686197,0.9191955976257637
2026-01-31T03:59:41.982643,LIMOUS,a52a2906-4ed5-4fe9-a211-ae196c540a61,4,numerical,NUM-NEARBOUNDARY-0,integer,0,3,3,0,3,3,0,5,3,0,5,What is 49 + 5?,54,54,1,2.550333261489868,4.493348280433963,0.9751657046210083
2026-01-31T03:59:45.886143,LIMOUS,a52a2906-4ed5-4fe9-a211-ae196c540a61,5,logical,LOG-COMP-0-4,yesno,0,3,3,0,3,3,3,5,3,3,5,"D is taller than B.
 B is taller than A.
 D is taller than C.
 Is B taller than C?",no,no,1,3.8948404788970947,5.722097270952573,0.4773869308405905
2026-01-31T03:59:49.158391,LIMOUS,a52a2906-4ed5-4fe9-a211-ae196c540a61,6,numerical,NUM-RATIO-MUL-3,integer,3,5,2,3,5,5,3,5,5,3,5,"8 -> 24, 5 -> ?",15,15,1,3.26359486579895,2.656208411346442,0.9609315278154403
2026-01-31T03:59:53.102387,LIMOUS,a52a2906-4ed5-4fe9-a211-ae196c540a61,7,logical,LOG-CONSTRAINT-3-3-2,yesno,3,5,2,3,5,5,5,5,5,5,5,"A is faster than B.
C is faster than A.
Is A faster than B?",yes,yes,1,3.9361648559570312,3.8797440489709807,0.9327905090635197
2026-01-31T03:59:57.822268,LIMOUS,a52a2906-4ed5-4fe9-a211-ae196c540a61,8,logical,LOG-IMP-5-4-3,yesno,5,7,2,5,7,5,7,5,5,7,5,"C is True.
A is True.
If A is True, then C is True.
If B is True, then C is True.
If A is True, then D is True.
Is B True?",no,no,1,4.712226390838623,4.044950579869247,0.6679452324157968
2026-01-31T04:00:04.710208,LIMOUS,a52a2906-4ed5-4fe9-a211-ae196c540a61,9,logical,LOG-COMP-7-4,yesno,7,10,3,7,10,5,10,5,5,10,5,"C is larger than A.
 C is larger than B.
 D is larger than A.
 Is D larger than B?",no,no,1,6.879727602005005,6.449225708883285,0.38633702038696566
2026-01-31T04:00:08.590469,LIMOUS,a52a2906-4ed5-4fe9-a211-ae196c540a61,10,numerical,NUM-DIV-5,integer,5,7,2,5,7,7,10,5,7,10,5,What is 480 divided by 80?,6,6,1,3.8709874153137207,3.8730437671563154,0.8254926249530606
2026-01-31T04:00:11.806422,LIMOUS,a52a2906-4ed5-4fe9-a211-ae196c540a61,11,logical,LOG-IMP-10-5-4,yesno,10,13,3,10,13,7,13,5,7,13,5,"C is True.
If D is True, then C is True.
If D is True, then B is True.
If E is True, then D is True.
If B is True, then D is True.
Is E True?",no,no,1,3.2053534984588623,4.428984332395085,0.60659782545951
2026-01-31T04:00:22.238288,LIMOUS,a52a2906-4ed5-4fe9-a211-ae196c540a61,12,pattern,PAT-MP-5-6-2,integer,5,6,1,5,6,7,13,6,7,13,6,"9, 18, 36, 72, 144, 288, ?",576,576,1,10.423438310623169,4.207800663294369,0.9151569848755295
2026-01-31T04:00:24.838180,LIMOUS,a52a2906-4ed5-4fe9-a211-ae196c540a61,13,numerical,NUM-SQUARE-7,integer,7,10,3,7,10,10,13,6,10,13,6,What is 7^2?,49,49,1,2.5921244621276855,4.160565254358543,0.4252350241312904
2026-01-31T04:00:28.958591,LIMOUS,a52a2906-4ed5-4fe9-a211-ae196c540a61,14,pattern,PAT-CP-6-3-7,integer,6,7,1,6,7,10,13,7,10,13,7,"11, 10, 12, 11, 10, 12, 11, ?",10,10,1,4.111139535903931,2.3179393100312056,0.9894659892399172
2026-01-31T04:00:33.270675,LIMOUS,a52a2906-4ed5-4fe9-a211-ae196c540a61,15,logical,LOG-COMP-13-5,yesno,13,17,4,13,17,10,17,7,10,17,7,"E is faster than D.
 A is faster than B.
 E is faster than C.
 D is faster than A.
 C is faster than B.
 Is B faster than E?",no,no,1,4.303555250167847,7.134767407109912,0.3139357335516166
2026-01-31T04:00:41.182712,LIMOUS,a52a2906-4ed5-4fe9-a211-ae196c540a61,16,logical,LOG-CONSTRAINT-17-5-5,yesno,17,18,1,17,18,10,18,7,10,18,7,"D is above C.
C is above B.
A is above D.
D is above B.
A is above E.
Is D above C?",yes,yes,1,7.9035022258758545,4.992523210818397,0.8682899335284209
2026-01-31T04:00:46.286048,LIMOUS,a52a2906-4ed5-4fe9-a211-ae196c540a61,17,pattern,PAT-MP-7-6-2,integer,7,9,2,7,9,10,18,9,10,18,9,"10, 20, 40, 80, 160, 320, ?",640,640,1,5.0950562953948975,4.3628916337527635,0.9065266344027286
2026-01-31T04:00:50.646454,LIMOUS,a52a2906-4ed5-4fe9-a211-ae196c540a61,18,numerical,NUM-NEARBOUNDARY-10,integer,10,12,2,10,12,12,18,9,12,18,9,What is 199 + 8?,207,207,1,4.351075887680054,5.361513870577116,0.9584586242640359
2026-01-31T04:00:53.262183,LIMOUS,a52a2906-4ed5-4fe9-a211-ae196c540a61,19,numerical,NUM-NEARBOUNDARY-12,integer,12,15,3,12,15,15,18,9,15,18,9,What is 215 - 16?,199,199,1,2.608177661895752,5.5509630111185695,0.9540116325999898
2026-01-31T04:00:57.446821,LIMOUS,a52a2906-4ed5-4fe9-a211-ae196c540a61,20,numerical,NUM-NEARBOUNDARY-15,integer,15,17,2,15,17,17,18,9,17,18,9,What is 193 - 5?,188,188,1,4.176725149154663,5.845767582241068,0.9464835126604235
2026-01-31T04:01:04.014120,LIMOUS,a52a2906-4ed5-4fe9-a211-ae196c540a61,21,numerical,NUM-RATIO-MUL-17,integer,17,18,1,17,18,18,18,9,18,18,9,"12 -> 48, 16 -> ?",64,64,1,6.5589118003845215,3.489971922441973,0.9211549570048388
2026-01-31T04:01:11.398070,LIMOUS,a52a2906-4ed5-4fe9-a211-ae196c540a61,22,numerical,NUM-NEARBOUNDARY-18,integer,18,20,2,18,20,20,18,9,20,18,9,What is 483 + 37?,520,520,1,7.3754518032073975,6.153838864686346,0.9378034094025609
2026-01-31T04:01:21.110609,LIMOUS,a52a2906-4ed5-4fe9-a211-ae196c540a61,23,logical,LOG-CONSTRAINT-18-6-5,yesno,18,19,1,18,19,20,19,9,20,19,9,"D is faster than E.
A is faster than C.
E is faster than F.
B is faster than A.
E is faster than C.
Is B faster than D?",no,no,1,9.704165697097778,5.081098797078334,0.8620887790264528
2026-01-31T04:01:28.325719,LIMOUS,a52a2906-4ed5-4fe9-a211-ae196c540a61,24,logical,LOG-CONSTRAINT-19-5-5,yesno,19,20,1,19,20,20,20,9,20,20,9,"C is above B.
E is above B.
A is above E.
C is above E.
B is above A.
Is D above C?",no,no,1,7.207152843475342,5.170983620566944,0.8556442021893313
2026-01-31T04:01:35.510327,LIMOUS,a52a2906-4ed5-4fe9-a211-ae196c540a61,25,logical,LOG-IMP-20-6-6,yesno,20,22,2,20,22,20,22,9,20,22,9,"C is True.
A is True.
If C is True, then E is True.
If C is True, then A is True.
If F is True, then E is True.
If D is True, then F is True.
If F is True, then B is True.
If B is True, then F is True.
Is D True?",no,no,1,7.176838636398315,5.286977881356696,0.4753420693120702
2026-01-31T04:01:37.701890,LIMOUS,a52a2906-4ed5-4fe9-a211-ae196c540a61,26,numerical,NUM-DIV-20,integer,20,23,3,20,23,23,22,9,23,22,9,What is 2200 divided by 200?,11,11,1,2.1834349632263184,5.072748958383036,0.6805705948064471
2026-01-31T04:01:50.814107,LIMOUS,a52a2906-4ed5-4fe9-a211-ae196c540a61,27,pattern,PAT-MIXED-9-2-6-5,integer,9,11,2,9,11,23,22,11,23,22,11,"12, 17, 51, 56, 168, ?",173,173,1,13.10425877571106,10.331352734276937,0.6533790506484539
2026-01-31T04:01:56.238165,LIMOUS,a52a2906-4ed5-4fe9-a211-ae196c540a61,28,pattern,PAT-AP-11-6-10,integer,11,12,1,11,12,23,22,12,23,22,12,"14, 9, 4, -1, -6, -11, ?",-16,-16,1,5.41580605506897,3.3650439952279205,0.9880409847988517
2026-01-31T04:02:03.398026,LIMOUS,a52a2906-4ed5-4fe9-a211-ae196c540a61,29,logical,LOG-CONSTRAINT-22-7-6,yesno,22,24,2,22,24,23,24,12,23,24,12,"C is faster than G.
E is faster than B.
A is faster than D.
A is faster than G.
E is faster than D.
D is faster than G.
Is E faster than A?",no,no,1,7.151083707809448,5.448688467408168,0.8348020191113663
2026-01-31T04:02:17.573684,LIMOUS,a52a2906-4ed5-4fe9-a211-ae196c540a61,30,numerical,NUM-RATIO-MUL-23,integer,23,24,1,23,24,24,24,12,24,24,12,"19 -> 133, 25 -> ?",175,175,1,14.167661190032959,3.9031776832809975,0.8946454909293257
2026-01-31T04:02:24.245477,LIMOUS,a52a2906-4ed5-4fe9-a211-ae196c540a61,31,logical,LOG-CONSTRAINT-24-7-5,yesno,24,26,2,24,26,24,26,12,24,26,12,"C is left of D.
E is left of B.
G is left of E.
D is left of A.
B is left of A.
Is C left of F?",no,no,1,6.66372537612915,5.64073371208186,0.8196090295557016
2026-01-31T04:02:34.901741,LIMOUS,a52a2906-4ed5-4fe9-a211-ae196c540a61,32,numerical,NUM-NEARBOUNDARY-24,integer,24,25,1,24,25,25,26,12,25,26,12,What is 1010 - 41?,969,969,1,10.648657083511353,6.812196529737137,0.9163834123299225
2026-01-31T04:02:42.549881,LIMOUS,a52a2906-4ed5-4fe9-a211-ae196c540a61,33,numerical,NUM-NEARBOUNDARY-25,integer,25,27,2,25,27,27,26,12,27,26,12,What is 964 - 58?,906,906,1,7.63653039932251,6.927668737896481,0.9122176689678851
2026-01-31T04:02:48.733480,LIMOUS,a52a2906-4ed5-4fe9-a211-ae196c540a61,34,logical,LOG-BOOL-26-4-3,boolean,26,28,2,26,28,27,28,12,27,28,12,"A is False.
B is True.
C is True.
D is False.
What is: (NOT (((B OR C) OR (NOT B)) OR D))?",False,f,1,6.176097631454468,8.009474125082859,0.9070637429182091
2026-01-31T04:02:59.365946,LIMOUS,a52a2906-4ed5-4fe9-a211-ae196c540a61,35,logical,LOG-CONSTRAINT-28-7-6,yesno,28,29,1,28,29,27,29,12,27,29,12,"G is faster than A.
D is faster than C.
A is faster than E.
D is faster than F.
C is faster than E.
F is faster than A.
Is D faster than F?",yes,yes,1,10.622982263565063,6.042152139479421,0.7860036924232037
2026-01-31T04:03:06.965433,LIMOUS,a52a2906-4ed5-4fe9-a211-ae196c540a61,36,logical,LOG-BOOL-29-4-5,boolean,29,31,2,29,31,27,31,12,27,31,12,"A is True.
B is True.
C is False.
D is True.
What is: (((((D OR C) OR (NOT C)) OR D) OR (NOT B)) AND A)?",True,t,1,7.59153938293457,8.414915912950745,0.8927146865489842
2026-01-31T04:03:12.485622,LIMOUS,a52a2906-4ed5-4fe9-a211-ae196c540a61,37,numerical,NUM-NEARBOUNDARY-27,integer,27,29,2,27,29,29,31,12,29,31,12,What is 1032 - 13?,1019,1019,1,5.509748458862305,7.16375877235169,0.9033199135522135
2026-01-31T04:03:20.509309,LIMOUS,a52a2906-4ed5-4fe9-a211-ae196c540a61,38,logical,LOG-BOOL-31-6-3,boolean,31,33,2,31,33,29,33,12,29,33,12,"A is True.
B is True.
C is False.
D is True.
E is False.
F is False.
What is: (NOT (((B AND F) OR B) AND F))?",True,t,1,8.01561427116394,8.695296929838594,0.8820955869592111
2026-01-31T04:03:24.421647,LIMOUS,a52a2906-4ed5-4fe9-a211-ae196c540a61,39,pattern,PAT-AP-12-6-10,integer,12,14,2,12,14,29,33,14,29,33,14,"32, 33, 34, 35, 36, 37, ?",38,38,1,3.9040684700012207,3.429563783858814,0.9873960906864893
2026-01-31T04:03:35.741259,LIMOUS,a52a2906-4ed5-4fe9-a211-ae196c540a61,40,numerical,NUM-NEARBOUNDARY-29,integer,29,30,1,29,30,30,33,14,30,33,14,What is 1964 + 98?,2062,2062,1,11.31091570854187,7.406879688925196,0.8936254379275302
2026-01-31T04:03:42.597470,LIMOUS,a52a2906-4ed5-4fe9-a211-ae196c540a61,41,numerical,NUM-NEARBOUNDARY-30,integer,30,32,2,30,32,32,33,14,32,33,14,What is 1015 + 43?,1058,1058,1,6.8468101024627686,7.531141918851816,0.8884638995369006
2026-01-31T04:03:46.589453,LIMOUS,a52a2906-4ed5-4fe9-a211-ae196c540a61,42,pattern,PAT-AP-14-5-10,integer,14,16,2,14,16,32,33,16,32,33,16,"29, 39, 49, 59, 69, ?",79,79,1,3.984311103820801,3.5614784615437785,0.9860016030736917
2026-01-31T04:03:51.573422,LIMOUS,a52a2906-4ed5-4fe9-a211-ae196c540a61,43,logical,LOG-IMP-33-7-8,yesno,33,36,3,33,36,32,36,16,32,36,16,"D is True.
G is True.
If C is True, then A is True.
If F is True, then E is True.
If D is True, then B is True.
If E is True, then D is True.
If A is True, then E is True.
If B is True, then D is True.
If G is True, then F is True.
If F is True, then G is True.
Is B True?",yes,yes,1,4.975841283798218,6.60820629291995,0.31217279474413945
2026-01-31T04:03:53.221921,LIMOUS,a52a2906-4ed5-4fe9-a211-ae196c540a61,44,numerical,NUM-SQUARE-32,integer,32,36,4,32,36,36,36,16,36,36,16,What is 20^2?,400,400,1,1.6404755115509033,6.447416356718075,0.16373686714395688
2026-01-31T04:04:07.501342,LIMOUS,a52a2906-4ed5-4fe9-a211-ae196c540a61,45,logical,LOG-COMP-36-9,yesno,36,39,3,36,39,36,39,16,36,39,16,"H is older than B.
 E is older than F.
 F is older than H.
 G is older than A.
 H is older than D.
 I is older than H.
 C is older than E.
 G is older than I.
 A is older than F.
 G is older than B.
 F is older than I.
 Is C older than D?",yes,yes,1,14.270795583724976,10.400104474221152,0.11870014777760002
2026-01-31T11:36:16.632061,LIMOUS,cee79ff5-c400-4a8b-b791-4c8f010d7db4,0,numerical,NUM-DIV-0,integer,0,3,3,0,3,3,0,0,3,0,0,What is 450 divided by 50?,9,9,1,2.2666397094726562,3.528335960033564,0.8605524488879555
2026-01-31T11:36:22.375477,LIMOUS,cee79ff5-c400-4a8b-b791-4c8f010d7db4,1,pattern,PAT-MP-0-9-2,integer,0,1,1,0,1,3,0,1,3,0,1,"8, 16, 32, 64, 128, 256, 512, 1024, 2048, ?",4096,4096,1,5.735074758529663,3.839412930215545,0.9336504809438096
2026-01-31T11:36:25.328153,LIMOUS,cee79ff5-c400-4a8b-b791-4c8f010d7db4,2,numerical,NUM-RATIO-MUL-3,integer,3,5,2,3,5,5,0,1,5,0,1,"7 -> 21, 8 -> ?",24,24,1,2.9449126720428467,2.656208411346442,0.9609315278154403
2026-01-31T11:36:31.150310,LIMOUS,cee79ff5-c400-4a8b-b791-4c8f010d7db4,3,logical,LOG-COMP-0-4,yesno,0,2,2,0,2,5,2,1,5,2,1,"A is larger than D.
 C is larger than A.
 C is larger than B.
 Is C larger than D?",yes,yes,1,5.8112406730651855,5.722097270952573,0.4773869308405905
2026-01-31T11:36:32.975438,LIMOUS,cee79ff5-c400-4a8b-b791-4c8f010d7db4,4,numerical,NUM-DIV-5,integer,5,8,3,5,8,8,2,1,8,2,1,What is 360 divided by 60?,6,6,1,1.8176474571228027,3.8730437671563154,0.8254926249530606
2026-01-31T11:36:35.118633,LIMOUS,cee79ff5-c400-4a8b-b791-4c8f010d7db4,5,logical,LOG-CONSTRAINT-2-3-2,yesno,2,5,3,2,5,8,5,1,8,5,1,"C is left of A.
B is left of A.
Is A left of C?",no,no,1,2.1339824199676514,3.80866706036101,0.936048404156632
2026-01-31T11:36:37.511491,LIMOUS,cee79ff5-c400-4a8b-b791-4c8f010d7db4,6,pattern,PAT-AP-1-4-5,integer,1,3,2,1,3,8,5,3,8,5,3,"3, 6, 9, 12, ?",15,15,1,2.3846218585968018,2.7693397221231795,0.992938310095298
2026-01-31T11:36:41.198867,LIMOUS,cee79ff5-c400-4a8b-b791-4c8f010d7db4,7,pattern,PAT-MP-3-9-2,integer,3,5,2,3,5,8,5,5,8,5,5,"8, 16, 32, 64, 128, 256, 512, 1024, 2048, ?",4096,4096,1,3.679914951324463,4.05719481220075,0.9230581311097368
2026-01-31T11:36:43.199267,LIMOUS,cee79ff5-c400-4a8b-b791-4c8f010d7db4,8,logical,LOG-CONSTRAINT-5-4-3,yesno,5,8,3,5,8,8,8,5,8,8,5,"C is above A.
B is above D.
C is above B.
Is D above A?",no,no,1,1.9929850101470947,4.025065325470211,0.9258084500320212
2026-01-31T11:36:50.503304,LIMOUS,cee79ff5-c400-4a8b-b791-4c8f010d7db4,9,pattern,PAT-MIXED-5-2-6-5,integer,5,7,2,5,7,8,8,7,8,8,7,"19, 38, 41, 82, 85, ?",170,170,1,7.295599460601807,9.685440276722908,0.6998584217302598
2026-01-31T11:36:54.911609,LIMOUS,cee79ff5-c400-4a8b-b791-4c8f010d7db4,10,logical,LOG-CONSTRAINT-8-4-3,yesno,8,10,2,8,10,8,10,7,8,10,7,"B is faster than D.
C is faster than B.
B is faster than A.
Is B faster than A?",yes,yes,1,4.400452136993408,4.251201883656156,0.9140793730322787
2026-01-31T11:36:59.998485,LIMOUS,cee79ff5-c400-4a8b-b791-4c8f010d7db4,11,logical,LOG-BOOL-10-3-2,boolean,10,12,2,10,12,8,12,7,8,12,7,"A is True.
B is True.
C is True.
What is: ((A OR C) AND (NOT B))?",False,f,1,5.071867227554321,6.124298239863425,0.9580769168247113
2026-01-31T11:37:03.118973,LIMOUS,cee79ff5-c400-4a8b-b791-4c8f010d7db4,12,numerical,NUM-RATIO-MUL-8,integer,8,10,2,8,10,10,12,7,10,12,7,"8 -> 40, 4 -> ?",20,20,1,3.1041579246520996,2.9345277752325196,0.9496318170690095
2026-01-31T11:37:05.030653,LIMOUS,cee79ff5-c400-4a8b-b791-4c8f010d7db4,13,numerical,NUM-SQUARE-10,integer,10,14,4,10,14,14,12,7,14,12,7,What is 15^2?,225,225,1,1.9012792110443115,4.392799541741745,0.3867859029794264
2026-01-31T11:37:16.862795,LIMOUS,cee79ff5-c400-4a8b-b791-4c8f010d7db4,14,logical,LOG-COMP-12-6,yesno,12,14,2,12,14,14,14,7,14,14,7,"B is heavier than E.
 B is heavier than F.
 A is heavier than C.
 E is heavier than D.
 B is heavier than C.
 D is heavier than A.
 Is B heavier than A?",yes,yes,1,11.824568033218384,7.016278657589979,0.3255001624923485
2026-01-31T11:37:23.343064,LIMOUS,cee79ff5-c400-4a8b-b791-4c8f010d7db4,15,pattern,PAT-MIXED-7-2-6-5,integer,7,10,3,7,10,14,14,10,14,14,10,"20, 25, 29, 34, 38, ?",43,43,1,6.472073316574097,10.00365815974838,0.6770559213004105
2026-01-31T11:37:26.078663,LIMOUS,cee79ff5-c400-4a8b-b791-4c8f010d7db4,16,numerical,NUM-RATIO-MUL-14,integer,14,16,2,14,16,16,14,10,16,14,10,"9 -> 45, 10 -> ?",50,50,1,2.7280611991882324,3.296616797389037,0.931990006750427
2026-01-31T11:37:35.702555,LIMOUS,cee79ff5-c400-4a8b-b791-4c8f010d7db4,17,pattern,PAT-MIXED-10-3-8-6,integer,10,12,2,10,12,16,14,12,16,14,12,"2, 5, 8, 10, 13, 16, 18, ?",21,21,1,9.61592721939087,10.498841649421186,0.6412402117706841
2026-01-31T11:37:47.630468,LIMOUS,cee79ff5-c400-4a8b-b791-4c8f010d7db4,18,pattern,PAT-MP-12-6-3,integer,12,13,1,12,13,16,14,13,16,14,13,"3, 9, 27, 81, 243, 729, ?",2187,2187,1,11.917786836624146,4.771127822768686,0.8814330415047538
2026-01-31T11:37:51.317950,LIMOUS,cee79ff5-c400-4a8b-b791-4c8f010d7db4,19,logical,LOG-COMP-14-5,yesno,14,18,4,14,18,16,18,13,16,18,13,"A is larger than D.
 E is larger than C.
 A is larger than E.
 D is larger than B.
 C is larger than B.
 Is B larger than A?",no,no,1,3.6786773204803467,7.25500754082724,0.3025978440552226
2026-01-31T11:37:55.110624,LIMOUS,cee79ff5-c400-4a8b-b791-4c8f010d7db4,20,numerical,NUM-RATIO-DIV-16,integer,16,18,2,16,18,18,18,13,18,18,13,"80 -> 16, 45 -> ?",9,9,1,3.785388231277466,3.4245722457401193,0.9249314800366417
2026-01-31T11:37:58.246098,LIMOUS,cee79ff5-c400-4a8b-b791-4c8f010d7db4,21,pattern,PAT-AP-13-5-10,integer,13,15,2,13,15,18,18,15,18,18,15,"-41, -31, -21, -11, -1, ?",9,9,1,3.125765085220337,3.4950372405694647,0.9867168879582334
2026-01-31T11:38:03.910189,LIMOUS,cee79ff5-c400-4a8b-b791-4c8f010d7db4,22,numerical,NUM-DIV-18,integer,18,20,2,18,20,20,18,15,20,18,15,What is 1950 divided by 150?,13,13,1,5.6563193798065186,4.897129424440156,0.7032337057321588
2026-01-31T11:38:10.463436,LIMOUS,cee79ff5-c400-4a8b-b791-4c8f010d7db4,23,logical,LOG-BOOL-18-3-2,boolean,18,20,2,18,20,20,20,15,20,20,15,"A is False.
B is False.
C is True.
What is: ((A AND (NOT C)) OR (NOT A))?",True,t,1,6.544706344604492,7.0116278402970575,0.9372443360717132
2026-01-31T11:38:25.102122,LIMOUS,cee79ff5-c400-4a8b-b791-4c8f010d7db4,24,logical,LOG-COMP-20-7,yesno,20,22,2,20,22,20,22,15,20,22,15,"C is heavier than F.
 G is heavier than C.
 F is heavier than B.
 A is heavier than D.
 A is heavier than C.
 D is heavier than B.
 C is heavier than E.
 B is heavier than E.
 Is G heavier than B?",yes,yes,1,14.62982964515686,8.014704200530236,0.23975835503606466
2026-01-31T11:38:36.373897,LIMOUS,cee79ff5-c400-4a8b-b791-4c8f010d7db4,25,logical,LOG-IMP-22-7-6,yesno,22,23,1,22,23,20,23,15,20,23,15,"E is True.
F is True.
If G is True, then C is True.
If F is True, then A is True.
If D is True, then C is True.
If G is True, then A is True.
If F is True, then G is True.
If C is True, then B is True.
Is B True?",yes,yes,1,11.262676239013672,5.474207301972282,0.4489136710085407
2026-01-31T11:38:42.485730,LIMOUS,cee79ff5-c400-4a8b-b791-4c8f010d7db4,26,numerical,NUM-NEARBOUNDARY-20,integer,20,22,2,20,22,22,23,15,22,23,15,What is 529 + 29?,558,558,1,6.104644775390625,6.366883849270169,0.9313037633557362
2026-01-31T11:38:52.598310,LIMOUS,cee79ff5-c400-4a8b-b791-4c8f010d7db4,27,logical,LOG-BOOL-23-5-4,boolean,23,25,2,23,25,22,25,15,22,25,15,"A is True.
B is True.
C is True.
D is False.
E is False.
What is: ((((C AND (NOT D)) OR C) AND B) AND (NOT A))?",False,f,1,10.105238437652588,7.621492189737223,0.9196663599230424
2026-01-31T11:39:00.110468,LIMOUS,cee79ff5-c400-4a8b-b791-4c8f010d7db4,28,logical,LOG-CONSTRAINT-25-8-7,yesno,25,27,2,25,27,22,27,15,22,27,15,"B is left of H.
E is left of C.
F is left of G.
D is left of B.
H is left of A.
F is left of B.
H is left of D.
Is F left of A?",yes,yes,1,7.503564357757568,5.738890508651606,0.8116131642752643
2026-01-31T11:39:13.189961,LIMOUS,cee79ff5-c400-4a8b-b791-4c8f010d7db4,29,logical,LOG-BOOL-27-4-5,boolean,27,28,1,27,28,22,28,15,22,28,15,"A is True.
B is True.
C is False.
D is False.
What is: (NOT (((((B OR (NOT B)) AND (NOT D)) OR D) AND A) AND (NOT D)))?",False,f,1,13.070988416671753,8.142643313494554,0.9024831062072327
2026-01-31T11:39:16.782059,LIMOUS,cee79ff5-c400-4a8b-b791-4c8f010d7db4,30,pattern,PAT-CP-15-5-10,integer,15,17,2,15,17,22,28,17,22,28,17,"19, 16, 9, 9, 6, 19, 16, 9, 9, 6, ?",19,19,1,3.5850486755371094,2.7863385883776632,0.9831097696348411
2026-01-31T11:39:19.558425,LIMOUS,cee79ff5-c400-4a8b-b791-4c8f010d7db4,31,pattern,PAT-CP-17-5-10,integer,17,19,2,17,19,22,28,19,22,28,19,"15, 8, 12, 7, 10, 15, 8, 12, 7, 10, ?",15,15,1,2.76884388923645,2.899097690371418,0.9812500518869876
2026-01-31T11:39:32.046002,LIMOUS,cee79ff5-c400-4a8b-b791-4c8f010d7db4,32,pattern,PAT-MIXED-19-3-9-8,integer,19,21,2,19,21,22,28,21,22,28,21,"19, 25, 33, 99, 105, 113, 339, 345, ?",353,353,1,12.478691577911377,12.122153177189432,0.5255228579894853
2026-01-31T11:39:38.413729,LIMOUS,cee79ff5-c400-4a8b-b791-4c8f010d7db4,33,pattern,PAT-AP-21-8-20,integer,21,22,1,21,22,22,28,22,22,28,22,"-49, -41, -33, -25, -17, -9, -1, 7, ?",15,15,1,6.359771490097046,4.054893027668751,0.9798163720336481
2026-01-31T11:39:46.381292,LIMOUS,cee79ff5-c400-4a8b-b791-4c8f010d7db4,34,pattern,PAT-AP-22-7-15,integer,22,23,1,22,23,22,28,23,22,28,23,"25, 36, 47, 58, 69, 80, 91, ?",102,102,1,7.9577929973602295,4.129609486438358,0.9787375071562581
2026-01-31T11:39:59.573423,LIMOUS,cee79ff5-c400-4a8b-b791-4c8f010d7db4,35,numerical,NUM-RATIO-DIV-22,integer,22,23,1,22,23,23,28,23,23,28,23,"184 -> 23, 80 -> ?",10,10,1,13.184320449829102,3.831759366900097,0.8995533062755133
2026-01-31T11:40:20.533191,LIMOUS,cee79ff5-c400-4a8b-b791-4c8f010d7db4,36,pattern,PAT-MIXED-23-4-8-10,integer,23,24,1,23,24,23,28,24,23,28,24,"14, 19, 27, 81, 83, 88, 96, ?",288,288,1,20.951784133911133,12.91535981983404,0.4723986115107821
2026-01-31T11:40:45.766168,LIMOUS,cee79ff5-c400-4a8b-b791-4c8f010d7db4,37,pattern,PAT-MP-24-5-4,integer,24,21,-3,24,21,23,28,21,23,28,21,"13, 52, 208, 832, 3328, ?",13312,1312,0,25.22573971748352,5.882222456939919,0.7970530682498314
2026-01-31T11:40:57.509163,LIMOUS,cee79ff5-c400-4a8b-b791-4c8f010d7db4,38,logical,LOG-CONSTRAINT-28-9-8,yesno,28,29,1,28,29,23,29,21,23,29,21,"G is left of C.
A is left of F.
H is left of B.
E is left of F.
I is left of C.
B is left of F.
C is left of B.
A is left of G.
Is H left of A?",no,no,1,11.731486797332764,6.042152139479421,0.7860036924232037
2026-01-31T11:41:08.420861,LIMOUS,cee79ff5-c400-4a8b-b791-4c8f010d7db4,39,logical,LOG-BOOL-29-6-3,boolean,29,31,2,29,31,23,31,21,23,31,21,"A is False.
B is True.
C is True.
D is True.
E is True.
F is True.
What is: (NOT (((C OR B) AND (NOT B)) OR B))?",False,f,1,10.904500961303711,8.414915912950745,0.8927146865489842
2026-01-31T11:41:15.780982,LIMOUS,cee79ff5-c400-4a8b-b791-4c8f010d7db4,40,pattern,PAT-AP-21-7-20,integer,21,22,1,21,22,23,31,22,23,31,22,"-40, -53, -66, -79, -92, -105, -118, ?",-131,-131,1,7.353153705596924,4.054893027668751,0.9798163720336481
2026-01-31T12:05:13.017158,LIMOUS,7d4ae0cf-f5e6-4b96-b515-385a5cfc975b,0,logical,LOG-BOOL-0-2-1,boolean,0,2,2,0,2,0,2,0,0,2,0,"A is True.
B is False.
What is: (B OR B)?",False,f,1,4.594787836074829,5.152034292696123,0.9749334971401016
2026-01-31T12:05:16.828239,LIMOUS,7d4ae0cf-f5e6-4b96-b515-385a5cfc975b,1,pattern,PAT-AP-0-4-5,integer,0,1,1,0,1,0,2,1,0,2,1,"29, 32, 35, 38, ?",41,41,1,3.8009438514709473,2.714436572735056,0.9933015536691723
2026-01-31T12:05:23.715746,LIMOUS,7d4ae0cf-f5e6-4b96-b515-385a5cfc975b,2,logical,LOG-BOOL-2-2-1,boolean,2,4,2,2,4,0,4,1,0,4,1,"A is False.
B is False.
What is: (B OR A)?",False,f,1,6.875489950180054,5.335245024142207,0.972198979817615
2026-01-31T12:05:25.688390,LIMOUS,7d4ae0cf-f5e6-4b96-b515-385a5cfc975b,3,numerical,NUM-RATIO-MUL-0,integer,0,2,2,0,2,2,4,1,2,4,1,"6 -> 12, 5 -> ?",10,10,1,1.9616093635559082,2.498758287647004,0.9664991939352751
2026-01-31T12:05:29.023310,LIMOUS,7d4ae0cf-f5e6-4b96-b515-385a5cfc975b,4,logical,LOG-CONSTRAINT-4-3-2,yesno,4,6,2,4,6,2,6,1,2,6,1,"B is left of C.
A is left of B.
Is B left of A?",no,no,1,3.323312997817993,3.951871627743765,0.929379168092876
2026-01-31T12:05:31.271296,LIMOUS,7d4ae0cf-f5e6-4b96-b515-385a5cfc975b,5,pattern,PAT-AP-1-4-5,integer,1,3,2,1,3,2,6,3,2,6,3,"20, 19, 18, 17, ?",16,16,1,2.236546754837036,2.7693397221231795,0.992938310095298
2026-01-31T12:05:33.364123,LIMOUS,7d4ae0cf-f5e6-4b96-b515-385a5cfc975b,6,pattern,PAT-AP-3-4-5,integer,3,6,3,3,6,2,6,6,2,6,6,"0, 1, 2, 3, ?",4,4,1,2.08156156539917,2.88159258917544,0.9921521360815004
2026-01-31T12:05:35.696050,LIMOUS,7d4ae0cf-f5e6-4b96-b515-385a5cfc975b,7,numerical,NUM-RATIO-MUL-2,integer,2,0,-2,2,0,0,6,6,0,6,6,"8 -> 16, 5 -> ?",10,15,0,2.320699691772461,2.6029531010266824,0.9628796069700185
2026-01-31T12:05:45.471977,LIMOUS,7d4ae0cf-f5e6-4b96-b515-385a5cfc975b,8,pattern,PAT-MIXED-6-2-7-5,integer,6,8,2,6,8,0,6,8,0,6,8,"3, 9, 14, 42, 47, 141, ?",146,146,1,9.764608144760132,9.843381948980033,0.6885714672080344
2026-01-31T12:05:47.836316,LIMOUS,7d4ae0cf-f5e6-4b96-b515-385a5cfc975b,9,numerical,NUM-RATIO-MUL-0,integer,0,2,2,0,2,2,6,8,2,6,8,"3 -> 6, 8 -> ?",16,16,1,2.353257179260254,2.498758287647004,0.9664991939352751
2026-01-31T12:05:50.520232,LIMOUS,7d4ae0cf-f5e6-4b96-b515-385a5cfc975b,10,numerical,NUM-SQUARE-2,integer,2,5,3,2,5,5,6,8,5,6,8,What is 5^2?,25,25,1,2.6726858615875244,3.795518844487721,0.4911392983170604
2026-01-31T12:06:02.074058,LIMOUS,7d4ae0cf-f5e6-4b96-b515-385a5cfc975b,11,pattern,PAT-CP-8-3-6,integer,8,9,1,8,9,5,6,9,5,6,9,"4, 18, 9, 4, 18, 9, ?",4,4,1,11.542705774307251,2.4167492416673517,0.9882977995846199
2026-01-31T12:06:05.209913,LIMOUS,7d4ae0cf-f5e6-4b96-b515-385a5cfc975b,12,logical,LOG-COMP-6-4,yesno,6,10,4,6,10,5,10,9,5,10,9,"B is older than A.
 C is older than B.
 D is older than C.
 Is A older than C?",no,no,1,3.1243338584899902,6.340722368226506,0.39901733022089086
2026-01-31T12:06:08.794671,LIMOUS,7d4ae0cf-f5e6-4b96-b515-385a5cfc975b,13,pattern,PAT-CP-9-3-6,integer,9,10,1,9,10,5,10,10,5,10,10,"19, 11, 12, 19, 11, 12, ?",19,19,1,3.572540044784546,2.467252269613496,0.9876665814293969
2026-01-31T12:06:13.624503,LIMOUS,7d4ae0cf-f5e6-4b96-b515-385a5cfc975b,14,pattern,PAT-AP-10-5-10,integer,10,11,1,10,11,5,10,11,5,10,11,"45, 39, 33, 27, 21, ?",15,15,1,4.8169896602630615,3.3014639838139486,0.988653261316786
2026-01-31T12:06:17.679100,LIMOUS,7d4ae0cf-f5e6-4b96-b515-385a5cfc975b,15,pattern,PAT-AP-11-6-10,integer,11,13,2,11,13,5,10,13,5,10,13,"38, 41, 44, 47, 50, 53, ?",56,56,1,4.04355263710022,3.3650439952279205,0.9880409847988517
2026-01-31T12:06:19.766644,LIMOUS,7d4ae0cf-f5e6-4b96-b515-385a5cfc975b,16,numerical,NUM-NEARBOUNDARY-5,integer,5,8,3,5,8,8,10,13,8,10,13,What is 99 + 5?,104,104,1,2.076415538787842,4.911515142659418,0.9678451604331509
2026-01-31T12:06:22.009887,LIMOUS,7d4ae0cf-f5e6-4b96-b515-385a5cfc975b,17,numerical,NUM-NEARBOUNDARY-8,integer,8,11,3,8,11,11,10,13,11,10,13,What is 99 + 7?,106,106,1,2.2312233448028564,5.177543462977821,0.9624925062221821
2026-01-31T12:06:26.892688,LIMOUS,7d4ae0cf-f5e6-4b96-b515-385a5cfc975b,18,logical,LOG-BOOL-10-3-2,boolean,10,12,2,10,12,11,12,13,11,12,13,"A is False.
B is False.
C is False.
What is: (NOT ((C AND B) AND (NOT B)))?",True,t,1,4.870166778564453,6.124298239863425,0.9580769168247113
2026-01-31T12:06:29.607832,LIMOUS,7d4ae0cf-f5e6-4b96-b515-385a5cfc975b,19,pattern,PAT-AP-13-5-10,integer,13,15,2,13,15,11,12,15,11,12,15,"34, 35, 36, 37, 38, ?",39,39,1,2.704076051712036,3.4950372405694647,0.9867168879582334
2026-01-31T12:06:37.705372,LIMOUS,7d4ae0cf-f5e6-4b96-b515-385a5cfc975b,20,pattern,PAT-AP-15-7-15,integer,15,16,1,15,16,11,12,16,11,12,16,"3, 13, 23, 33, 43, 53, 63, ?",73,73,1,8.085861921310425,3.6289017513215978,0.9852483765191342
2026-01-31T12:06:42.560726,LIMOUS,7d4ae0cf-f5e6-4b96-b515-385a5cfc975b,21,logical,LOG-CONSTRAINT-12-4-3,yesno,12,14,2,12,14,11,14,16,11,14,16,"A is left of D.
A is left of B.
C is left of A.
Is C left of B?",yes,yes,1,4.843446254730225,4.568626025848348,0.895836424631231
2026-01-31T12:06:47.871630,LIMOUS,7d4ae0cf-f5e6-4b96-b515-385a5cfc975b,22,logical,LOG-BOOL-14-3-2,boolean,14,16,2,14,16,11,16,16,11,16,16,"A is True.
B is True.
C is True.
What is: (NOT ((A AND (NOT A)) OR B))?",False,f,1,5.2993385791778564,6.5549471289393635,0.9486508934950981
2026-01-31T12:06:55.321385,LIMOUS,7d4ae0cf-f5e6-4b96-b515-385a5cfc975b,23,pattern,PAT-MP-16-6-2,integer,16,17,1,16,17,11,16,17,11,16,17,"12, 24, 48, 96, 192, 384, ?",768,768,1,7.43862247467041,5.119980397704995,0.8573403230714572
2026-01-31T12:07:00.217745,LIMOUS,7d4ae0cf-f5e6-4b96-b515-385a5cfc975b,24,numerical,NUM-RATIO-MUL-11,integer,11,12,1,11,12,12,16,17,12,16,17,"10 -> 50, 15 -> ?",75,75,1,4.8857505321502686,3.1115882732659115,0.9414307540444131
2026-01-31T12:07:05.735124,LIMOUS,7d4ae0cf-f5e6-4b96-b515-385a5cfc975b,25,logical,LOG-CONSTRAINT-16-5-5,yesno,16,18,2,16,18,12,18,17,12,18,17,"C is left of D.
A is left of C.
C is left of E.
E is left of B.
B is left of C.
Is A left of D?",yes,yes,1,5.505899906158447,4.905237791803409,0.8742529257901485
2026-01-31T12:07:09.744135,LIMOUS,7d4ae0cf-f5e6-4b96-b515-385a5cfc975b,26,numerical,NUM-RATIO-DIV-12,integer,12,14,2,12,14,14,18,17,14,18,17,"63 -> 9, 56 -> ?",8,8,1,3.9935405254364014,3.172361728612157,0.9384290169543423
2026-01-31T12:07:12.074120,LIMOUS,7d4ae0cf-f5e6-4b96-b515-385a5cfc975b,27,numerical,NUM-SQUARE-14,integer,14,18,4,14,18,18,18,17,18,18,17,What is 9^2?,81,81,1,2.31866192817688,4.7187829654375,0.3377044126751421
2026-01-31T12:07:16.698763,LIMOUS,7d4ae0cf-f5e6-4b96-b515-385a5cfc975b,28,numerical,NUM-DIV-18,integer,18,20,2,18,20,20,18,17,20,18,17,What is 1440 divided by 120?,12,12,1,4.612704515457153,4.897129424440156,0.7032337057321588
2026-01-31T12:07:55.282241,LIMOUS,7d4ae0cf-f5e6-4b96-b515-385a5cfc975b,29,pattern,PAT-MIXED-17-3-9-8,integer,17,18,1,17,18,20,18,18,20,18,18,"2, 8, 32, 64, 70, 280, 560, 566, ?",2264,2264,1,38.57229971885681,11.742669941327387,0.5519442351308521
2026-01-31T12:08:02.487568,LIMOUS,7d4ae0cf-f5e6-4b96-b515-385a5cfc975b,30,numerical,NUM-NEARBOUNDARY-20,integer,20,22,2,20,22,22,18,18,22,18,18,What is 1027 - 46?,981,981,1,7.194304466247559,6.366883849270169,0.9313037633557362
2026-01-31T12:08:17.034099,LIMOUS,7d4ae0cf-f5e6-4b96-b515-385a5cfc975b,31,logical,LOG-IMP-18-5-5,yesno,18,19,1,18,19,22,19,18,22,19,18,"C is True.
If B is True, then E is True.
If E is True, then B is True.
If E is True, then A is True.
If A is True, then E is True.
If C is True, then A is True.
Is B True?",yes,yes,1,14.535273313522339,5.105163000978858,0.501909309794007
2026-01-31T12:08:26.441943,LIMOUS,7d4ae0cf-f5e6-4b96-b515-385a5cfc975b,32,pattern,PAT-MP-18-6-3,integer,18,19,1,18,19,22,19,19,22,19,19,"10, 30, 90, 270, 810, 2430, ?",7290,7290,1,9.396397352218628,5.302236547744732,0.8438323808906002
2026-01-31T12:08:28.465099,LIMOUS,7d4ae0cf-f5e6-4b96-b515-385a5cfc975b,33,numerical,NUM-DIV-22,integer,22,25,3,22,25,25,19,19,25,19,19,What is 1800 divided by 180?,10,10,1,2.0121519565582275,5.253598531974441,0.657020870455179
2026-01-31T12:08:38.665776,LIMOUS,7d4ae0cf-f5e6-4b96-b515-385a5cfc975b,34,logical,LOG-COMP-19-8,yesno,19,22,3,19,22,25,22,19,25,22,19,"A is older than F.
 D is older than E.
 H is older than C.
 G is older than D.
 F is older than E.
 H is older than G.
 C is older than F.
 B is older than E.
 B is older than H.
 Is B older than D?",yes,yes,1,10.189207553863525,7.88339853749685,0.24958436533075137
2026-01-31T12:08:48.260923,LIMOUS,7d4ae0cf-f5e6-4b96-b515-385a5cfc975b,35,pattern,PAT-MIXED-19-2-8-8,integer,19,21,2,19,21,25,22,21,25,22,21,"12, 19, 25, 32, 38, 45, 51, ?",58,58,1,9.582560539245605,12.122153177189432,0.5255228579894853
2026-01-31T12:08:51.323114,LIMOUS,7d4ae0cf-f5e6-4b96-b515-385a5cfc975b,36,logical,LOG-CONSTRAINT-22-7-5,yesno,22,25,3,22,25,25,25,21,25,25,21,"A is left of F.
A is left of B.
G is left of E.
E is left of C.
G is left of C.
Is F left of B?",no,no,1,3.0490896701812744,5.448688467408168,0.8348020191113663
2026-01-31T12:08:57.635825,LIMOUS,7d4ae0cf-f5e6-4b96-b515-385a5cfc975b,37,logical,LOG-CONSTRAINT-25-7-7,yesno,25,27,2,25,27,25,27,21,25,27,21,"A is left of C.
C is left of G.
G is left of E.
G is left of D.
E is left of B.
G is left of F.
B is left of F.
Is C left of F?",yes,yes,1,6.301170349121094,5.738890508651606,0.8116131642752643
2026-01-31T12:09:17.626813,LIMOUS,7d4ae0cf-f5e6-4b96-b515-385a5cfc975b,38,pattern,PAT-MP-21-5-3,integer,21,22,1,21,22,25,27,22,25,27,22,"9, 27, 81, 243, 729, ?",2187,2187,1,19.979052543640137,5.585848001422163,0.8216402910797753
2026-01-31T12:09:26.997595,LIMOUS,7d4ae0cf-f5e6-4b96-b515-385a5cfc975b,39,logical,LOG-BOOL-27-6-3,boolean,27,29,2,27,29,25,29,22,25,29,22,"A is True.
B is False.
C is False.
D is False.
E is True.
F is True.
What is: (NOT (((C AND A) OR E) AND C))?",True,t,1,9.359349966049194,8.142643313494554,0.9024831062072327
2026-01-31T12:09:32.773882,LIMOUS,7d4ae0cf-f5e6-4b96-b515-385a5cfc975b,40,pattern,PAT-AP-22-7-15,integer,22,23,1,22,23,25,29,23,25,29,23,"38, 50, 62, 74, 86, 98, 110, ?",122,122,1,5.765286684036255,4.129609486438358,0.9787375071562581
2026-01-31T12:09:39.103275,LIMOUS,7d4ae0cf-f5e6-4b96-b515-385a5cfc975b,41,numerical,NUM-RATIO-DIV-25,integer,25,23,-2,25,23,23,29,23,23,29,23,"60 -> 10, 84 -> ?",14,12,0,6.318253993988037,4.049196825409404,0.8841927104952199
2026-01-31T12:09:54.560970,LIMOUS,7d4ae0cf-f5e6-4b96-b515-385a5cfc975b,42,logical,LOG-COMP-29-10,yesno,29,31,2,29,31,23,31,23,23,31,23,"C is larger than B.
 G is larger than J.
 J is larger than I.
 C is larger than J.
 H is larger than C.
 I is larger than D.
 E is larger than C.
 H is larger than E.
 G is larger than F.
 A is larger than D.
 B is larger than G.
 B is larger than D.
 Is A larger than G?",no,no,1,15.445855379104614,9.287325712704737,0.16347783352540304
2026-01-31T12:10:06.466824,LIMOUS,7d4ae0cf-f5e6-4b96-b515-385a5cfc975b,43,logical,LOG-BOOL-31-6-3,boolean,31,33,2,31,33,23,33,23,23,33,23,"A is True.
B is False.
C is False.
D is False.
E is True.
F is False.
What is: (NOT (((E OR (NOT F)) OR (NOT A)) OR (NOT A)))?",False,f,1,11.894530296325684,8.695296929838594,0.8820955869592111
2026-01-31T12:10:10.180736,LIMOUS,7d4ae0cf-f5e6-4b96-b515-385a5cfc975b,44,numerical,NUM-NEARBOUNDARY-23,integer,23,26,3,23,26,26,33,23,26,33,23,What is 507 + 10?,517,517,1,3.7025253772735596,6.6984062575034775,0.9203687256946943
2026-01-31T13:32:07.839079,LIMOUS,e5d3574d-9e73-4dcd-a48f-5e63dab6f1b0,0,numerical,NUM-NEARBOUNDARY-0,integer,0,2,2,0,2,2,0,0,2,0,0,What is 9 + 4?,13,13,1,5.080973863601685,4.493348280433963,0.9751657046210083
2026-01-31T13:32:21.701724,LIMOUS,e5d3574d-9e73-4dcd-a48f-5e63dab6f1b0,1,pattern,PAT-AP-0-4-5,integer,0,1,1,0,1,2,0,1,2,0,1,"19, 14, 9, 4, ?",-1,-1,1,13.839840650558472,2.714436572735056,0.9933015536691723
2026-01-31T13:32:26.890409,LIMOUS,e5d3574d-9e73-4dcd-a48f-5e63dab6f1b0,2,pattern,PAT-AP-1-4-5,integer,1,2,1,1,2,2,0,2,2,0,2,"48, 47, 46, 45, ?",44,44,1,5.176834344863892,2.7693397221231795,0.992938310095298
2026-01-31T13:32:31.758611,LIMOUS,e5d3574d-9e73-4dcd-a48f-5e63dab6f1b0,3,pattern,PAT-AP-2-4-5,integer,2,3,1,2,3,2,0,3,2,0,3,"39, 35, 31, 27, ?",23,23,1,4.856489181518555,2.82505439588484,0.9925555161668529
2026-01-31T13:32:35.706613,LIMOUS,e5d3574d-9e73-4dcd-a48f-5e63dab6f1b0,4,numerical,NUM-DIV-2,integer,2,4,2,2,4,4,0,3,4,0,3,What is 180 divided by 60?,3,3,1,3.9355428218841553,3.6631921237022746,0.8472944786947958
2026-01-31T13:32:46.925376,LIMOUS,e5d3574d-9e73-4dcd-a48f-5e63dab6f1b0,5,logical,LOG-COMP-0-4,yesno,0,0,-2,0,0,4,0,3,4,0,3,"A is taller than D.
 A is taller than C.
 B is taller than A.
 Is D taller than C?",no,yes,0,11.207498550415039,5.722097270952573,0.4773869308405905
2026-01-31T13:33:01.469509,LIMOUS,e5d3574d-9e73-4dcd-a48f-5e63dab6f1b0,6,logical,LOG-CONSTRAINT-0-3-2,yesno,0,0,-3,0,0,4,0,3,4,0,3,"A is faster than C.
A is faster than B.
Is C faster than B?",no,yes,0,14.530365705490112,3.6696038661116743,0.9421270355187215
2026-01-31T13:33:07.320782,LIMOUS,e5d3574d-9e73-4dcd-a48f-5e63dab6f1b0,7,pattern,PAT-AP-3-4-5,integer,3,4,1,3,4,4,0,4,4,0,4,"41, 44, 47, 50, ?",53,53,1,5.8396360874176025,2.88159258917544,0.9921521360815004
2026-01-31T13:33:10.374148,LIMOUS,e5d3574d-9e73-4dcd-a48f-5e63dab6f1b0,8,numerical,NUM-NEARBOUNDARY-4,integer,4,7,3,4,7,7,0,4,7,0,4,What is 9 + 3?,12,12,1,3.042367458343506,4.825409664534786,0.9694594601939613
2026-01-31T13:33:13.109343,LIMOUS,e5d3574d-9e73-4dcd-a48f-5e63dab6f1b0,9,numerical,NUM-NEARBOUNDARY-7,integer,7,10,3,7,10,10,0,4,10,0,4,What is 48 + 7?,55,55,1,2.715994119644165,5.087563090657215,0.9643656363746097
2026-01-31T13:33:18.956848,LIMOUS,e5d3574d-9e73-4dcd-a48f-5e63dab6f1b0,10,pattern,PAT-MIXED-4-2-6-3,integer,4,7,3,4,7,10,0,7,10,0,7,"16, 19, 21, 24, 26, ?",29,29,1,5.836420774459839,9.529799138741229,0.7109080528055846
2026-01-31T13:33:32.008723,LIMOUS,e5d3574d-9e73-4dcd-a48f-5e63dab6f1b0,11,pattern,PAT-AP-7-5-7,integer,7,8,1,7,8,10,0,8,10,0,8,"3, -3, -9, -15, -21, ?",-27,-27,1,13.038949251174927,3.1162267215620485,0.9903101278786596
2026-01-31T13:33:39.875745,LIMOUS,e5d3574d-9e73-4dcd-a48f-5e63dab6f1b0,12,numerical,NUM-RATIO-MUL-10,integer,10,11,1,10,11,11,0,8,11,0,8,"11 -> 33, 8 -> ?",24,24,1,7.855719089508057,3.051700027092541,0.9442948359256779
2026-01-31T13:33:46.337838,LIMOUS,e5d3574d-9e73-4dcd-a48f-5e63dab6f1b0,13,logical,LOG-CONSTRAINT-0-3-2,yesno,0,1,1,0,1,11,1,8,11,1,8,"C is faster than B.
C is faster than A.
Is C faster than B?",yes,yes,1,6.451761245727539,3.6696038661116743,0.9421270355187215
2026-01-31T13:33:53.366122,LIMOUS,e5d3574d-9e73-4dcd-a48f-5e63dab6f1b0,14,pattern,PAT-AP-8-5-7,integer,8,9,1,8,9,11,1,9,11,1,9,"35, 29, 23, 17, 11, ?",5,5,1,7.016700744628906,3.1770687378904894,0.9897863331913912
2026-01-31T13:34:03.076202,LIMOUS,e5d3574d-9e73-4dcd-a48f-5e63dab6f1b0,15,logical,LOG-CONSTRAINT-1-3-2,yesno,1,2,1,1,2,11,2,9,11,2,9,"B is left of C.
A is left of B.
Is A left of B?",yes,yes,1,9.698730707168579,3.738625359311034,0.939158677399817
2026-01-31T13:34:40.891804,LIMOUS,e5d3574d-9e73-4dcd-a48f-5e63dab6f1b0,16,pattern,PAT-MIXED-9-2-6-5,integer,9,10,1,9,10,11,2,10,11,2,10,"17, 51, 53, 159, 161, ?",483,483,1,37.804259061813354,10.331352734276937,0.6533790506484539
2026-01-31T13:35:19.347699,LIMOUS,e5d3574d-9e73-4dcd-a48f-5e63dab6f1b0,17,logical,LOG-BOOL-2-2-1,boolean,2,3,1,2,3,11,3,10,11,3,10,"A is True.
B is False.
What is: (B AND A)?",False,f,1,38.44249391555786,5.335245024142207,0.972198979817615
2026-01-31T13:35:31.216390,LIMOUS,e5d3574d-9e73-4dcd-a48f-5e63dab6f1b0,18,logical,LOG-COMP-3-4,yesno,3,4,1,3,4,11,4,10,11,4,10,"A is larger than D.
 B is larger than D.
 A is larger than B.
 Is C larger than A?",no,no,1,11.856484413146973,6.024603177281682,0.4378142357201158
2026-01-31T13:35:39.829311,LIMOUS,e5d3574d-9e73-4dcd-a48f-5e63dab6f1b0,19,pattern,PAT-MP-10-5-2,integer,10,11,1,10,11,11,4,11,11,4,11,"10, 20, 40, 80, 160, ?",320,320,1,8.601208209991455,4.604230955220702,0.8921045145087518
2026-01-31T13:35:46.125358,LIMOUS,e5d3574d-9e73-4dcd-a48f-5e63dab6f1b0,20,logical,LOG-CONSTRAINT-4-3-2,yesno,4,5,1,4,5,11,5,11,11,5,11,"A is above C.
B is above A.
Is C above A?",no,no,1,6.284504413604736,3.951871627743765,0.929379168092876
2026-01-31T13:35:49.759327,LIMOUS,e5d3574d-9e73-4dcd-a48f-5e63dab6f1b0,21,numerical,NUM-SQUARE-11,integer,11,10,-1,11,10,10,5,11,10,5,11,What is 10^2?,100,20,0,3.6131060123443604,4.472510602373059,0.37425223674490143
2026-01-31T13:36:04.411106,LIMOUS,e5d3574d-9e73-4dcd-a48f-5e63dab6f1b0,22,pattern,PAT-AP-11-6-10,integer,11,12,1,11,12,10,5,12,10,5,12,"-12, -2, 8, 18, 28, 38, ?",48,48,1,14.63874864578247,3.3650439952279205,0.9880409847988517
2026-01-31T13:36:14.502812,LIMOUS,e5d3574d-9e73-4dcd-a48f-5e63dab6f1b0,23,numerical,NUM-NEARBOUNDARY-10,integer,10,11,1,10,11,11,5,12,11,5,12,What is 95 + 12?,107,107,1,10.08168625831604,5.361513870577116,0.9584586242640359
2026-01-31T13:36:18.650928,LIMOUS,e5d3574d-9e73-4dcd-a48f-5e63dab6f1b0,24,pattern,PAT-AP-12-5-10,integer,12,14,2,12,14,11,5,14,11,5,14,"30, 27, 24, 21, 18, ?",15,15,1,4.137042284011841,3.429563783858814,0.9873960906864893
2026-01-31T13:36:27.285596,LIMOUS,e5d3574d-9e73-4dcd-a48f-5e63dab6f1b0,25,logical,LOG-CONSTRAINT-5-4-3,yesno,5,6,1,5,6,11,6,14,11,6,14,"C is above B.
A is above B.
B is above D.
Is D above A?",no,no,1,8.623160362243652,4.025065325470211,0.9258084500320212
2026-01-31T13:36:32.326480,LIMOUS,e5d3574d-9e73-4dcd-a48f-5e63dab6f1b0,26,numerical,NUM-NEARBOUNDARY-11,integer,11,13,2,11,13,13,6,14,13,6,14,What is 198 + 7?,205,205,1,5.029802560806274,5.455543513978386,0.9562890643142572
2026-01-31T13:36:46.704331,LIMOUS,e5d3574d-9e73-4dcd-a48f-5e63dab6f1b0,27,pattern,PAT-CP-14-3-9,integer,14,15,1,14,15,13,6,15,13,6,15,"14, 7, 14, 14, 7, 14, 14, 7, 14, ?",14,14,1,14.36625051498413,2.7311878382524877,0.9839704180977171
2026-01-31T13:37:01.458489,LIMOUS,e5d3574d-9e73-4dcd-a48f-5e63dab6f1b0,28,pattern,PAT-MP-15-5-3,integer,15,12,-3,15,12,13,6,12,13,6,12,"6, 18, 54, 162, 486, ?",1458,1456,0,14.742712020874023,5.030838472912311,0.8637212389265031
2026-01-31T13:37:14.165303,LIMOUS,e5d3574d-9e73-4dcd-a48f-5e63dab6f1b0,29,numerical,NUM-DIV-13,integer,13,10,-3,13,10,10,6,12,10,6,12,What is 400 divided by 80?,5,20,0,12.695515632629395,4.479980174536321,0.7555835854791805
2026-02-01T02:09:43.511907,LIMOUS,7723995d-eaea-4bd3-8dbf-c406b7fcf8bf,0,pattern,PAT-MIXED-0-2-6-3,integer,0,2,2,0,2,0,0,2,0,0,2,"14, 16, 48, 50, 150, ?",152,152,1,6.6942760944366455,9.593284384358316,0.8549196154112484
2026-02-01T02:09:45.702445,LIMOUS,7723995d-eaea-4bd3-8dbf-c406b7fcf8bf,1,logical,LOG-BOOL-0-2-1,boolean,0,4,4,0,4,0,4,2,0,4,2,"A is True.
B is False.
What is: (A OR B)?",True,t,1,2.1817636489868164,5.108503481049821,0.3694292242897219
2026-02-01T02:09:47.078933,LIMOUS,7723995d-eaea-4bd3-8dbf-c406b7fcf8bf,2,numerical,NUM-SQUARE-0,integer,0,4,4,0,4,4,4,2,4,4,2,What is 2^2?,4,4,1,1.368861436843872,3.249351514671119,0.39843882054364715
2026-02-01T02:09:49.966555,LIMOUS,7723995d-eaea-4bd3-8dbf-c406b7fcf8bf,3,pattern,PAT-MIXED-2-2-5-3,integer,2,0,-2,2,0,4,4,0,4,4,0,"12, 15, 17, 20, ?",22,23,0,2.8800113201141357,9.927116061392663,0.8472756035796306
2026-02-01T02:09:53.414398,LIMOUS,7723995d-eaea-4bd3-8dbf-c406b7fcf8bf,4,numerical,NUM-NEARBOUNDARY-4,integer,4,6,2,4,6,6,4,0,6,4,0,What is 49 + 5?,54,54,1,3.4388535022735596,3.451741650642627,0.9624526886632088
2026-02-01T02:09:56.720451,LIMOUS,7723995d-eaea-4bd3-8dbf-c406b7fcf8bf,5,numerical,NUM-NEARBOUNDARY-6,integer,6,8,2,6,8,8,4,0,8,4,0,What is 47 + 7?,54,54,1,3.298262596130371,3.5920316992277526,0.9602107003933197
2026-02-01T02:10:08.438703,LIMOUS,7723995d-eaea-4bd3-8dbf-c406b7fcf8bf,6,pattern,PAT-MP-0-7-2,integer,0,1,1,0,1,8,4,1,8,4,1,"3, 6, 12, 24, 48, 96, 192, ?",384,384,1,11.709997415542603,5.141076434477961,0.8651980135211262
2026-02-01T02:10:10.464580,LIMOUS,7723995d-eaea-4bd3-8dbf-c406b7fcf8bf,7,numerical,NUM-DIV-8,integer,8,11,3,8,11,11,4,1,11,4,1,What is 300 divided by 60?,5,5,1,2.0179266929626465,3.569623688343916,0.6070886802448782
2026-02-01T02:10:17.583753,LIMOUS,7723995d-eaea-4bd3-8dbf-c406b7fcf8bf,8,pattern,PAT-MP-1-8-2,integer,1,3,2,1,3,11,4,3,11,4,3,"9, 18, 36, 72, 144, 288, 576, 1152, ?",2304,2304,1,7.109865188598633,5.237089342489724,0.8616410357263941
2026-02-01T02:10:20.728131,LIMOUS,7723995d-eaea-4bd3-8dbf-c406b7fcf8bf,9,logical,LOG-CONSTRAINT-4-3-2,yesno,4,6,2,4,6,11,6,3,11,6,3,"C is left of A.
C is left of B.
Is A left of B?",no,no,1,3.1365671157836914,4.235189175606199,0.46796887689256356
2026-02-01T02:10:23.168048,LIMOUS,7723995d-eaea-4bd3-8dbf-c406b7fcf8bf,10,logical,LOG-BOOL-6-2-2,boolean,6,10,4,6,10,11,10,3,11,10,3,"A is False.
B is False.
What is: ((B AND A) OR A)?",False,f,1,2.4318253993988037,5.704395089308765,0.3283512740485616
2026-02-01T02:10:26.488588,LIMOUS,7723995d-eaea-4bd3-8dbf-c406b7fcf8bf,11,pattern,PAT-AP-3-4-5,integer,3,5,2,3,5,11,10,5,11,10,5,"12, 16, 20, 24, ?",28,28,1,3.312138319015503,3.8897151193451682,0.9933739177451308
2026-02-01T02:10:31.240722,LIMOUS,7723995d-eaea-4bd3-8dbf-c406b7fcf8bf,12,logical,LOG-COMP-10-6,yesno,10,14,4,10,14,11,14,5,11,14,5,"A is heavier than C.
 B is heavier than F.
 B is heavier than C.
 F is heavier than D.
 E is heavier than C.
 D is heavier than E.
 Is A heavier than D?",no,no,1,4.743024587631226,6.92517838298401,0.10424219698264056
2026-02-01T02:10:40.566220,LIMOUS,7723995d-eaea-4bd3-8dbf-c406b7fcf8bf,13,pattern,PAT-MIXED-5-2-7-5,integer,5,7,2,5,7,11,14,7,11,14,7,"2, 5, 15, 18, 54, 57, ?",171,171,1,9.31741714477539,10.447692171340643,0.8351944715887684
2026-02-01T02:10:43.078396,LIMOUS,7723995d-eaea-4bd3-8dbf-c406b7fcf8bf,14,numerical,NUM-DIV-11,integer,11,14,3,11,14,14,14,7,14,14,7,What is 360 divided by 90?,4,4,1,2.5043087005615234,3.7873240321710524,0.5853070734218847
2026-02-01T02:10:49.262080,LIMOUS,7723995d-eaea-4bd3-8dbf-c406b7fcf8bf,15,pattern,PAT-MP-7-6-2,integer,7,9,2,7,9,14,14,9,14,14,9,"6, 12, 24, 48, 96, 192, ?",384,384,1,6.176071643829346,5.84552465085631,0.8386208317139179
2026-02-01T02:10:53.054016,LIMOUS,7723995d-eaea-4bd3-8dbf-c406b7fcf8bf,16,numerical,NUM-DIV-14,integer,14,16,2,14,16,16,14,9,16,14,9,What is 240 divided by 80?,3,3,1,3.7844882011413574,4.015395785754171,0.5631867899601409
2026-02-01T02:10:59.014263,LIMOUS,7723995d-eaea-4bd3-8dbf-c406b7fcf8bf,17,logical,LOG-BOOL-14-3-2,boolean,14,17,3,14,17,16,17,9,16,17,9,"A is False.
B is False.
C is True.
What is: ((A OR (NOT B)) AND C)?",True,t,1,5.9525370597839355,6.5903062235631795,0.27748623212164
2026-02-01T02:11:02.037854,LIMOUS,7723995d-eaea-4bd3-8dbf-c406b7fcf8bf,18,pattern,PAT-MP-9-7-2,integer,9,12,3,9,12,16,17,12,16,17,12,"5, 10, 20, 40, 80, 160, 320, ?",640,640,1,3.0139079093933105,6.061251227379608,0.8302885399770217
2026-02-01T02:11:23.104345,LIMOUS,7723995d-eaea-4bd3-8dbf-c406b7fcf8bf,19,pattern,PAT-MP-12-7-3,integer,12,13,1,12,13,16,17,13,16,17,13,"5, 15, 45, 135, 405, 1215, 3645, ?",10935,10935,1,21.058703899383545,6.397654599931155,0.8171536483298998
2026-02-01T02:11:30.543831,LIMOUS,7723995d-eaea-4bd3-8dbf-c406b7fcf8bf,20,logical,LOG-BOOL-17-4-3,boolean,17,20,3,17,20,16,20,13,16,20,13,"A is True.
B is False.
C is False.
D is True.
What is: (NOT (((B AND (NOT A)) AND A) AND (NOT C)))?",True,t,1,7.431228399276733,6.951914178029517,0.25971357438424986
2026-02-01T02:11:36.776115,LIMOUS,7723995d-eaea-4bd3-8dbf-c406b7fcf8bf,21,numerical,NUM-NEARBOUNDARY-16,integer,16,17,1,16,17,17,20,13,17,20,13,What is 187 + 26?,213,213,1,6.2241737842559814,4.36265057941443,0.9469450362247471
2026-02-01T02:11:49.335180,LIMOUS,7723995d-eaea-4bd3-8dbf-c406b7fcf8bf,22,pattern,PAT-MIXED-13-3-8-6,integer,13,15,2,13,15,17,20,15,17,20,15,"18, 54, 216, 222, 666, 2664, 2670, ?",8010,8010,1,12.5510094165802,11.960377181846697,0.7992453988719315
2026-02-01T02:11:56.269661,LIMOUS,7723995d-eaea-4bd3-8dbf-c406b7fcf8bf,23,numerical,NUM-DIV-17,integer,17,18,1,17,18,18,20,15,18,20,15,What is 2100 divided by 150?,14,14,1,6.9269373416900635,4.2543330509326855,0.5408122613659306
2026-02-01T02:11:59.013577,LIMOUS,7723995d-eaea-4bd3-8dbf-c406b7fcf8bf,24,numerical,NUM-DIV-18,integer,18,21,3,18,21,21,20,15,21,20,15,What is 2100 divided by 150?,14,14,1,2.735860586166382,4.3364821336325905,0.5333127879813897
2026-02-01T02:12:09.631609,LIMOUS,7723995d-eaea-4bd3-8dbf-c406b7fcf8bf,25,pattern,PAT-MP-15-6-2,integer,15,16,1,15,16,21,20,16,21,20,16,"12, 24, 48, 96, 192, 384, ?",768,768,1,10.610498666763306,6.750084484699864,0.8032430794025991
2026-02-01T02:12:18.054243,LIMOUS,7723995d-eaea-4bd3-8dbf-c406b7fcf8bf,26,numerical,NUM-DIV-21,integer,21,22,1,21,22,22,20,16,22,20,16,What is 2250 divided by 150?,15,15,1,8.414299726486206,4.5907161963372625,0.5107374029901294
2026-02-01T02:12:23.069915,LIMOUS,7723995d-eaea-4bd3-8dbf-c406b7fcf8bf,27,numerical,NUM-DIV-22,integer,22,24,2,22,24,24,20,16,24,20,16,What is 1320 divided by 120?,11,11,1,5.007272243499756,4.678124474935642,0.5031979580472112
2026-02-01T02:12:27.831322,LIMOUS,7723995d-eaea-4bd3-8dbf-c406b7fcf8bf,28,pattern,PAT-CP-16-4-10,integer,16,18,2,16,18,24,20,18,24,20,18,"14, 2, 16, 18, 14, 2, 16, 18, 14, 2, ?",16,16,1,4.753625392913818,3.63835886496265,0.9885025705664849
2026-02-01T02:12:32.997530,LIMOUS,7723995d-eaea-4bd3-8dbf-c406b7fcf8bf,29,pattern,PAT-AP-18-7-15,integer,18,20,2,18,20,24,20,20,24,20,20,"-1, 11, 23, 35, 47, 59, 71, ?",83,83,1,5.156312465667725,5.1708571266562915,0.9896219529173776
2026-02-01T02:12:35.670297,LIMOUS,7723995d-eaea-4bd3-8dbf-c406b7fcf8bf,30,logical,LOG-CONSTRAINT-20-6-5,yesno,20,24,4,20,24,24,24,20,24,24,20,"A is left of E.
F is left of B.
D is left of E.
B is left of A.
D is left of C.
Is C left of F?",no,no,1,2.6652488708496094,5.71014300682469,0.3518476402392161
2026-02-01T02:12:47.637092,LIMOUS,7723995d-eaea-4bd3-8dbf-c406b7fcf8bf,31,numerical,NUM-NEARBOUNDARY-24,integer,24,25,1,24,25,25,24,20,25,24,20,What is 512 - 57?,455,455,1,11.958815574645996,5.0712651216861255,0.9334291921481959
2026-02-01T02:12:53.941816,LIMOUS,7723995d-eaea-4bd3-8dbf-c406b7fcf8bf,32,numerical,NUM-DIV-25,integer,25,27,2,25,27,27,24,20,27,24,20,What is 4200 divided by 300?,14,14,1,6.295603513717651,4.948634638308583,0.4805846117424384
2026-02-01T02:13:07.110362,LIMOUS,7723995d-eaea-4bd3-8dbf-c406b7fcf8bf,33,pattern,PAT-MIXED-20-4-8-10,integer,20,22,2,20,22,27,24,22,27,24,22,"10, 40, 50, 57, 66, 264, 274, ?",281,281,1,13.16069221496582,13.447073315131131,0.76322368787309
2026-02-01T02:13:17.239138,LIMOUS,7723995d-eaea-4bd3-8dbf-c406b7fcf8bf,34,pattern,PAT-AP-22-7-20,integer,22,23,1,22,23,27,24,23,27,24,23,"40, 22, 4, -14, -32, -50, -68, ?",-86,-86,1,10.120798587799072,5.565916273076108,0.9883066584233083
2026-02-01T02:13:20.894906,LIMOUS,7723995d-eaea-4bd3-8dbf-c406b7fcf8bf,35,logical,LOG-COMP-24-8,yesno,24,28,4,24,28,27,28,23,27,28,23,"C is faster than B.
 B is faster than E.
 C is faster than F.
 F is faster than E.
 F is faster than A.
 E is faster than H.
 G is faster than H.
 A is faster than H.
 G is faster than C.
 Is D faster than F?",no,no,1,3.6470601558685303,8.847670708517565,0.07087984221049656
2026-02-01T02:13:23.359336,LIMOUS,7723995d-eaea-4bd3-8dbf-c406b7fcf8bf,36,logical,LOG-CONSTRAINT-28-8-7,yesno,28,32,4,28,32,27,32,23,27,32,23,"C is faster than F.
B is faster than G.
E is faster than B.
A is faster than D.
H is faster than F.
C is faster than B.
H is faster than E.
Is F faster than A?",no,no,1,2.4548420906066895,6.596813664355747,0.2989629206617526
2026-02-01T02:13:27.893667,LIMOUS,7723995d-eaea-4bd3-8dbf-c406b7fcf8bf,37,logical,LOG-CONSTRAINT-32-8-6,yesno,32,36,4,32,36,27,36,23,27,36,23,"H is above D.
A is above B.
A is above E.
F is above B.
B is above D.
C is above G.
Is E above D?",no,no,1,4.526101350784302,7.083162750090779,0.27430323361030706
2026-02-01T02:13:36.885883,LIMOUS,7723995d-eaea-4bd3-8dbf-c406b7fcf8bf,38,numerical,NUM-NEARBOUNDARY-27,integer,27,28,1,27,28,28,36,23,28,36,23,What is 1994 + 18?,2012,2012,1,8.983099460601807,5.360504804119534,0.9275806569004003
2026-02-01T02:13:44.860566,LIMOUS,7723995d-eaea-4bd3-8dbf-c406b7fcf8bf,39,pattern,PAT-MP-23-3-3,integer,23,25,2,23,25,28,36,25,28,36,25,"5, 15, 45, ?",135,135,1,7.9672887325286865,7.774171825160568,0.7623079437417359
2026-02-01T02:13:53.741517,LIMOUS,7723995d-eaea-4bd3-8dbf-c406b7fcf8bf,40,numerical,NUM-RATIO-DIV-28,integer,28,29,1,28,29,29,36,25,29,36,25,"104 -> 13, 80 -> ?",10,10,1,8.873396396636963,4.896190137631535,0.6191186276605942
2026-02-01T02:13:58.446113,LIMOUS,7723995d-eaea-4bd3-8dbf-c406b7fcf8bf,41,pattern,PAT-CP-25-8-13,integer,25,27,2,25,27,29,36,27,29,36,27,"6, 14, 9, 1, 2, 12, 8, 4, 6, 14, 9, 1, 2, ?",12,12,1,4.6969921588897705,4.333367460525482,0.9849703981474749
2026-02-01T02:14:04.093463,LIMOUS,7723995d-eaea-4bd3-8dbf-c406b7fcf8bf,42,numerical,NUM-DIV-29,integer,29,31,2,29,31,31,36,27,31,36,27,What is 2880 divided by 240?,12,12,1,5.638819932937622,5.329467069580077,0.45057259180411025
2026-02-01T02:14:11.391029,LIMOUS,7723995d-eaea-4bd3-8dbf-c406b7fcf8bf,43,logical,LOG-COMP-36-10,yesno,36,35,-1,36,35,31,35,27,31,35,27,"E is faster than I.
 H is faster than J.
 F is faster than B.
 B is faster than J.
 C is faster than G.
 D is faster than G.
 I is faster than F.
 I is faster than A.
 A is faster than F.
 A is faster than H.
 E is faster than D.
 G is faster than A.
 Is C faster than B?",yes,no,0,7.287762880325317,10.86268682579344,0.050439602618740774
2026-02-01T02:14:19.804382,LIMOUS,7723995d-eaea-4bd3-8dbf-c406b7fcf8bf,44,logical,LOG-CONSTRAINT-35-7-7,yesno,35,38,3,35,38,31,38,27,31,38,27,"C is above A.
A is above B.
G is above A.
F is above G.
A is above D.
F is above C.
E is above D.
Is C above A?",yes,yes,1,8.405551433563232,7.468250763879329,0.25666202235664193
2026-02-01T02:14:30.612110,LIMOUS,7723995d-eaea-4bd3-8dbf-c406b7fcf8bf,45,numerical,NUM-RATIO-MUL-31,integer,31,32,1,31,32,32,38,27,32,38,27,"17 -> 119, 13 -> ?",91,91,1,10.79879355430603,5.1770891148288785,0.5975618330012672
2026-02-01T02:14:40.654793,LIMOUS,7723995d-eaea-4bd3-8dbf-c406b7fcf8bf,46,logical,LOG-IMP-38-9-6,yesno,38,41,3,38,41,32,41,27,32,41,27,"I is True.
If D is True, then I is True.
If C is True, then D is True.
If E is True, then H is True.
If H is True, then F is True.
If C is True, then E is True.
If C is True, then B is True.
Is B True?",no,no,1,10.034860610961914,8.119575544942931,0.21757197504126932
2026-02-01T02:21:31.577117,LIMOUS,0cc20c96-5b85-4c2b-ab0c-331dd96e5279,0,pattern,PAT-CP-0-2-4,integer,0,3,3,0,3,0,0,3,0,0,3,"1, 3, 1, 3, ?",1,1,1,1.5496478080749512,2.6188030713700616,0.9928728778629512
2026-02-01T02:21:34.497220,LIMOUS,0cc20c96-5b85-4c2b-ab0c-331dd96e5279,1,logical,LOG-COMP-0-4,yesno,0,4,4,0,4,0,4,3,0,4,3,"B is faster than C.
 A is faster than C.
 B is faster than D.
 Is D faster than A?",no,no,1,2.911771535873413,5.786321394199617,0.13595381806654835
2026-02-01T02:21:39.914498,LIMOUS,0cc20c96-5b85-4c2b-ab0c-331dd96e5279,2,logical,LOG-CONSTRAINT-4-3-2,yesno,4,6,2,4,6,0,6,3,0,6,3,"B is left of C.
A is left of B.
Is B left of A?",no,no,1,5.406695127487183,4.235189175606199,0.46796887689256356
2026-02-01T02:21:41.969703,LIMOUS,0cc20c96-5b85-4c2b-ab0c-331dd96e5279,3,pattern,PAT-CP-3-2-4,integer,3,6,3,3,6,0,6,6,0,6,6,"2, 11, 2, 11, ?",2,2,1,2.0474445819854736,2.791205598713724,0.992203106793015
2026-02-01T02:21:45.307129,LIMOUS,0cc20c96-5b85-4c2b-ab0c-331dd96e5279,4,numerical,NUM-NEARBOUNDARY-0,integer,0,2,2,0,2,2,6,6,2,6,6,What is 49 + 5?,54,54,1,3.330049514770508,3.1838885158416135,0.9665777525962927
2026-02-01T02:21:49.026409,LIMOUS,0cc20c96-5b85-4c2b-ab0c-331dd96e5279,5,logical,LOG-BOOL-6-3-2,boolean,6,10,4,6,10,2,10,6,2,10,6,"A is False.
B is False.
C is True.
What is: ((A AND A) OR B)?",False,f,1,3.7112386226654053,5.704395089308765,0.3283512740485616
2026-02-01T02:21:51.769991,LIMOUS,0cc20c96-5b85-4c2b-ab0c-331dd96e5279,6,numerical,NUM-RATIO-MUL-2,integer,2,4,2,2,4,4,10,6,4,10,6,"7 -> 14, 2 -> ?",4,4,1,2.7343130111694336,2.93910412598248,0.780756164471081
2026-02-01T02:21:53.897911,LIMOUS,0cc20c96-5b85-4c2b-ab0c-331dd96e5279,7,numerical,NUM-RATIO-MUL-4,integer,4,7,3,4,7,7,10,6,7,10,6,"5 -> 10, 2 -> ?",4,4,1,2.116971492767334,3.0632391617917074,0.7702547040151365
2026-02-01T02:22:01.706942,LIMOUS,0cc20c96-5b85-4c2b-ab0c-331dd96e5279,8,pattern,PAT-MIXED-6-2-7-5,integer,6,8,2,6,8,7,10,8,7,10,8,"16, 20, 23, 27, 30, 34, ?",37,37,1,7.799888372421265,10.626671577821083,0.8310004417258555
2026-02-01T02:22:20.211164,LIMOUS,0cc20c96-5b85-4c2b-ab0c-331dd96e5279,9,pattern,PAT-MP-8-8-2,integer,8,9,1,8,9,7,10,9,7,10,9,"6, 12, 24, 48, 96, 192, 384, 768, ?",1536,1536,1,18.496207237243652,5.952551283012337,0.834496718358229
2026-02-01T02:22:22.841571,LIMOUS,0cc20c96-5b85-4c2b-ab0c-331dd96e5279,10,numerical,NUM-SQUARE-7,integer,7,11,4,7,11,11,10,9,11,10,9,What is 7^2?,49,49,1,2.6211163997650146,3.7367983209783207,0.34907133795397793
2026-02-01T02:22:25.930591,LIMOUS,0cc20c96-5b85-4c2b-ab0c-331dd96e5279,11,pattern,PAT-CP-9-3-6,integer,9,11,2,9,11,11,10,11,11,10,11,"15, 12, 3, 15, 12, 3, ?",15,15,1,3.0810773372650146,3.1610421075192443,0.9906706540045493
2026-02-01T02:22:28.464683,LIMOUS,0cc20c96-5b85-4c2b-ab0c-331dd96e5279,12,pattern,PAT-CP-11-4-7,integer,11,13,2,11,13,11,10,13,11,10,13,"7, 10, 17, 13, 7, 10, 17, ?",13,13,1,2.5260262489318848,3.2921711903006674,0.9900962511797692
2026-02-01T02:22:31.032806,LIMOUS,0cc20c96-5b85-4c2b-ab0c-331dd96e5279,13,pattern,PAT-CP-13-4-8,integer,13,15,2,13,15,11,10,15,11,10,15,"2, 18, 15, 12, 2, 18, 15, 12, ?",2,2,1,2.559558868408203,3.4274326120267107,0.9894868579871221
2026-02-01T02:22:36.137525,LIMOUS,0cc20c96-5b85-4c2b-ab0c-331dd96e5279,14,pattern,PAT-AP-15-7-15,integer,15,17,2,15,17,11,10,17,11,10,17,"-47, -37, -27, -17, -7, 3, 13, ?",23,23,1,5.097184419631958,4.890241544933911,0.9905113306179006
2026-02-01T02:22:40.352677,LIMOUS,0cc20c96-5b85-4c2b-ab0c-331dd96e5279,15,pattern,PAT-AP-17-6-15,integer,17,19,2,17,19,11,10,19,11,10,19,"-38, -35, -32, -29, -26, -23, ?",-20,-20,1,4.206859827041626,5.075863788398472,0.9899272180767368
2026-02-01T02:22:42.968735,LIMOUS,0cc20c96-5b85-4c2b-ab0c-331dd96e5279,16,logical,LOG-CONSTRAINT-10-5-4,yesno,10,13,3,10,13,11,13,19,11,13,19,"A is above C.
C is above D.
A is above B.
D is above E.
Is C above D?",yes,yes,1,2.608689785003662,4.745887959206737,0.42328916070277994
2026-02-01T02:22:49.378373,LIMOUS,0cc20c96-5b85-4c2b-ab0c-331dd96e5279,17,logical,LOG-BOOL-13-3-2,boolean,13,16,3,13,16,11,16,19,11,16,19,"A is False.
B is True.
C is True.
What is: ((C OR (NOT C)) AND (NOT B))?",False,f,1,6.401064157485962,6.473462078288654,0.28357418321763495
2026-02-01T02:22:55.339075,LIMOUS,0cc20c96-5b85-4c2b-ab0c-331dd96e5279,18,pattern,PAT-AP-19-7-15,integer,19,21,2,19,21,11,16,21,11,16,21,"-13, -20, -27, -34, -41, -48, -55, ?",-62,-62,1,5.952097415924072,5.267335642104983,0.989307536335606
2026-02-01T02:22:57.632570,LIMOUS,0cc20c96-5b85-4c2b-ab0c-331dd96e5279,19,numerical,NUM-NEARBOUNDARY-11,integer,11,14,3,11,14,14,16,21,14,16,21,What is 99 + 8?,107,107,1,2.285196304321289,3.962404805389534,0.9540312088005672
2026-02-01T02:23:00.793322,LIMOUS,0cc20c96-5b85-4c2b-ab0c-331dd96e5279,20,logical,LOG-IMP-16-6-5,yesno,16,20,4,16,20,14,20,21,14,20,21,"C is True.
If D is True, then A is True.
If A is True, then E is True.
If F is True, then B is True.
If D is True, then C is True.
If F is True, then A is True.
Is D True?",no,no,1,3.152000665664673,5.482618368184573,0.3506326212878294
2026-02-01T02:23:05.424978,LIMOUS,0cc20c96-5b85-4c2b-ab0c-331dd96e5279,21,logical,LOG-CONSTRAINT-20-7-6,yesno,20,23,3,20,23,14,23,21,14,23,21,"F is faster than G.
C is faster than B.
A is faster than D.
A is faster than B.
E is faster than F.
D is faster than E.
Is D faster than F?",yes,yes,1,4.623239278793335,5.71014300682469,0.3518476402392161
2026-02-01T02:23:19.545494,LIMOUS,0cc20c96-5b85-4c2b-ab0c-331dd96e5279,22,pattern,PAT-MP-21-4-4,integer,21,22,1,21,22,14,23,22,14,23,22,"5, 20, 80, 320, ?",1280,1280,1,14.112173318862915,7.506114226199955,0.7730656252327466
2026-02-01T02:23:24.800382,LIMOUS,0cc20c96-5b85-4c2b-ab0c-331dd96e5279,23,numerical,NUM-NEARBOUNDARY-14,integer,14,16,2,14,16,16,23,22,16,23,22,What is 111 - 12?,99,99,1,5.2474799156188965,4.198817540008882,0.9498954946650477
2026-02-01T02:23:30.001003,LIMOUS,0cc20c96-5b85-4c2b-ab0c-331dd96e5279,24,numerical,NUM-SQUARE-16,integer,16,19,3,16,19,19,23,22,19,23,22,What is 21^2?,441,441,1,5.1926116943359375,4.446557018908224,0.29016112584889425
2026-02-01T02:23:37.913014,LIMOUS,0cc20c96-5b85-4c2b-ab0c-331dd96e5279,25,numerical,NUM-RATIO-DIV-19,integer,19,20,1,19,20,20,23,22,20,23,22,"105 -> 15, 77 -> ?",11,11,1,7.9028027057647705,4.127838274187468,0.6807643825019024
2026-02-01T02:23:41.665405,LIMOUS,0cc20c96-5b85-4c2b-ab0c-331dd96e5279,26,numerical,NUM-DIV-20,integer,20,22,2,20,22,22,23,22,22,23,22,What is 2640 divided by 240?,11,11,1,3.7444560527801514,4.504653468932989,0.5182719660540017
2026-02-01T02:23:50.426326,LIMOUS,0cc20c96-5b85-4c2b-ab0c-331dd96e5279,27,logical,LOG-IMP-23-6-6,yesno,23,25,2,23,25,22,25,22,22,25,22,"E is True.
F is True.
If C is True, then B is True.
If F is True, then B is True.
If D is True, then C is True.
If B is True, then F is True.
If C is True, then A is True.
If D is True, then A is True.
Is C True?",no,no,1,8.752063989639282,6.226245156688687,0.30419318523213396
2026-02-01T02:23:54.920675,LIMOUS,0cc20c96-5b85-4c2b-ab0c-331dd96e5279,28,pattern,PAT-CP-22-5-10,integer,22,24,2,22,24,22,25,24,22,25,24,"13, 13, 6, 18, 9, 13, 13, 6, 18, 9, ?",13,13,1,4.486330986022949,4.090836158672845,0.9862528672367077
2026-02-01T02:24:04.370619,LIMOUS,0cc20c96-5b85-4c2b-ab0c-331dd96e5279,29,pattern,PAT-AP-24-7-20,integer,24,25,1,24,25,22,25,25,22,25,25,"-22, -4, 14, 32, 50, 68, 86, ?",104,104,1,9.441556215286255,5.772831405454184,0.9875885291605193
2026-02-01T02:24:19.321700,LIMOUS,0cc20c96-5b85-4c2b-ab0c-331dd96e5279,30,pattern,PAT-MP-25-4-5,integer,25,23,-2,25,23,22,25,23,22,25,23,"15, 75, 375, 1875, ?",9375,5625,0,14.942622900009155,8.05067686256954,0.7512044218215251
2026-02-01T02:24:29.287322,LIMOUS,0cc20c96-5b85-4c2b-ab0c-331dd96e5279,31,pattern,PAT-AP-23-7-20,integer,23,24,1,23,24,22,25,24,22,25,24,"46, 29, 12, -5, -22, -39, -56, ?",-73,-73,1,9.958393573760986,5.668571356735455,0.9879528783604277
2026-02-01T02:24:34.639675,LIMOUS,0cc20c96-5b85-4c2b-ab0c-331dd96e5279,32,logical,LOG-BOOL-25-6-3,boolean,25,29,4,25,29,22,29,24,22,29,24,"A is False.
B is True.
C is False.
D is True.
E is False.
F is True.
What is: (NOT (((A OR B) OR C) OR (NOT C)))?",False,f,1,5.3444108963012695,8.002671064386917,0.21606082620542347
2026-02-01T02:25:01.455671,LIMOUS,0cc20c96-5b85-4c2b-ab0c-331dd96e5279,33,numerical,NUM-SQUARE-22,integer,22,24,2,22,24,24,29,24,24,29,24,What is 37^2?,1369,1369,1,26.807291984558105,4.97787498108011,0.2543420651797583
2026-02-01T02:25:20.501210,LIMOUS,0cc20c96-5b85-4c2b-ab0c-331dd96e5279,34,pattern,PAT-MIXED-24-4-10-10,integer,24,26,2,24,26,24,29,26,24,29,26,"1, 5, 12, 16, 32, 36, 43, 47, 94, ?",98,98,1,19.037341833114624,14.371976993014991,0.7407323541002264
2026-02-01T02:25:43.432472,LIMOUS,0cc20c96-5b85-4c2b-ab0c-331dd96e5279,35,numerical,NUM-SQUARE-24,integer,24,26,2,24,26,26,29,26,26,29,26,What is 36^2?,1296,1296,1,22.92237377166748,5.166258862568489,0.24307110464096174
2026-02-01T02:25:46.438845,LIMOUS,0cc20c96-5b85-4c2b-ab0c-331dd96e5279,36,numerical,NUM-RATIO-MUL-26,integer,26,29,3,26,29,29,29,26,29,29,26,"15 -> 75, 11 -> ?",55,55,1,2.998690128326416,4.716057060367593,0.6332389630983639
2026-02-01T02:25:57.231956,LIMOUS,0cc20c96-5b85-4c2b-ab0c-331dd96e5279,37,logical,LOG-BOOL-29-6-5,boolean,29,32,3,29,32,29,32,26,29,32,26,"A is False.
B is True.
C is True.
D is False.
E is True.
F is False.
What is: (((((F AND F) OR B) AND (NOT F)) OR (NOT F)) AND D)?",False,f,1,10.785354375839233,8.57902333979962,0.19632424412490482
2026-02-01T02:26:04.376539,LIMOUS,0cc20c96-5b85-4c2b-ab0c-331dd96e5279,38,numerical,NUM-RATIO-DIV-29,integer,29,30,1,29,30,30,32,26,30,32,26,"80 -> 16, 70 -> ?",14,14,1,7.136353254318237,4.988374360925997,0.611980475720897
2026-02-01T02:26:15.793469,LIMOUS,0cc20c96-5b85-4c2b-ab0c-331dd96e5279,39,logical,LOG-BOOL-32-6-5,boolean,32,35,3,32,35,30,35,26,30,35,26,"A is True.
B is True.
C is False.
D is False.
E is False.
F is False.
What is: (NOT (((((D AND (NOT B)) AND (NOT C)) OR A) OR (NOT F)) OR (NOT D)))?",False,f,1,11.409011125564575,9.03537528841233,0.18243731734403
2026-02-01T02:26:30.935057,LIMOUS,0cc20c96-5b85-4c2b-ab0c-331dd96e5279,40,pattern,PAT-MP-26-3-5,integer,26,27,1,26,27,30,35,27,30,35,27,"9, 45, 225, ?",1125,1125,1,15.132833003997803,8.192180036210454,0.7455242312219315
2026-02-01T02:35:58.299030,LIMOUS,cd7735b1-bab8-46cb-b6bb-1b80c3cebbb7,0,pattern,PAT-CP-0-2-5,integer,0,3,3,0,3,0,0,3,0,0,3,"11, 2, 11, 2, 11, ?",2,2,1,1.6454896926879883,2.6188030713700616,0.9928728778629512
2026-02-01T02:36:01.861241,LIMOUS,cd7735b1-bab8-46cb-b6bb-1b80c3cebbb7,1,pattern,PAT-MP-3-7-2,integer,3,6,3,3,6,0,0,6,0,0,6,"2, 4, 8, 16, 32, 64, 128, ?",256,256,1,3.5546319484710693,5.433641980884933,0.8542908047785094
2026-02-01T02:36:05.461046,LIMOUS,cd7735b1-bab8-46cb-b6bb-1b80c3cebbb7,2,pattern,PAT-MP-6-8-2,integer,6,9,3,6,9,0,0,9,0,0,9,"4, 8, 16, 32, 64, 128, 256, 512, ?",1024,1024,1,3.5914862155914307,5.740145572170138,0.8426615538869203
2026-02-01T02:36:11.491457,LIMOUS,cd7735b1-bab8-46cb-b6bb-1b80c3cebbb7,3,pattern,PAT-MP-9-7-2,integer,9,11,2,9,11,0,0,11,0,0,11,"3, 6, 12, 24, 48, 96, 192, ?",384,384,1,6.022343397140503,6.061251227379608,0.8302885399770217
2026-02-01T02:36:13.739847,LIMOUS,cd7735b1-bab8-46cb-b6bb-1b80c3cebbb7,4,numerical,NUM-RATIO-MUL-0,integer,0,2,2,0,2,2,0,11,2,0,11,"6 -> 12, 2 -> ?",4,4,1,2.2408485412597656,2.818761509595732,0.7909079156532041
2026-02-01T02:36:15.780911,LIMOUS,cd7735b1-bab8-46cb-b6bb-1b80c3cebbb7,5,numerical,NUM-DIV-2,integer,2,5,3,2,5,5,0,11,5,0,11,What is 200 divided by 50?,4,4,1,2.03149151802063,3.163472145585393,0.6493256155139566
2026-02-01T02:36:17.420559,LIMOUS,cd7735b1-bab8-46cb-b6bb-1b80c3cebbb7,6,numerical,NUM-SQUARE-5,integer,5,9,4,5,9,9,0,11,9,0,11,What is 5^2?,25,25,1,1.6311993598937988,3.5920855423840985,0.3629009220033501
2026-02-01T02:36:19.667062,LIMOUS,cd7735b1-bab8-46cb-b6bb-1b80c3cebbb7,7,logical,LOG-BOOL-0-2-1,boolean,0,4,4,0,4,9,4,11,9,4,11,"A is True.
B is True.
What is: (A AND B)?",True,t,1,2.2381272315979004,5.108503481049821,0.3694292242897219
2026-02-01T02:36:31.331347,LIMOUS,cd7735b1-bab8-46cb-b6bb-1b80c3cebbb7,8,pattern,PAT-MP-11-7-3,integer,11,12,1,11,12,9,4,12,9,4,12,"10, 30, 90, 270, 810, 2430, 7290, ?",21870,21870,1,11.655947208404541,6.283776107640319,0.821617547160153
2026-02-01T02:36:37.499495,LIMOUS,cd7735b1-bab8-46cb-b6bb-1b80c3cebbb7,9,numerical,NUM-SQUARE-9,integer,9,11,2,9,11,11,4,12,11,4,12,What is 15^2?,225,225,1,6.159208536148071,3.8860715085839095,0.3354912511731707
2026-02-01T02:36:44.602371,LIMOUS,cd7735b1-bab8-46cb-b6bb-1b80c3cebbb7,10,pattern,PAT-AP-12-6-10,integer,12,13,1,12,13,11,4,13,11,4,13,"1, 10, 19, 28, 37, 46, ?",55,55,1,7.09535813331604,4.622386768248685,0.9913251585552043
2026-02-01T02:36:47.083252,LIMOUS,cd7735b1-bab8-46cb-b6bb-1b80c3cebbb7,11,numerical,NUM-NEARBOUNDARY-11,integer,11,14,3,11,14,14,4,13,14,4,13,What is 95 + 9?,104,104,1,2.4735491275787354,3.962404805389534,0.9540312088005672
2026-02-01T02:36:50.747272,LIMOUS,cd7735b1-bab8-46cb-b6bb-1b80c3cebbb7,12,numerical,NUM-DIV-14,integer,14,16,2,14,16,16,4,13,16,4,13,What is 1200 divided by 150?,8,8,1,3.6558303833007812,4.015395785754171,0.5631867899601409
2026-02-01T02:36:56.322899,LIMOUS,cd7735b1-bab8-46cb-b6bb-1b80c3cebbb7,13,logical,LOG-COMP-4-4,yesno,4,7,3,4,7,16,7,13,16,7,13,"B is taller than D.
 A is taller than D.
 C is taller than B.
 Is C taller than D?",yes,yes,1,5.5680131912231445,6.220782650115251,0.12239234529026151
2026-02-01T02:37:01.218290,LIMOUS,cd7735b1-bab8-46cb-b6bb-1b80c3cebbb7,14,pattern,PAT-CP-13-3-7,integer,13,14,1,13,14,16,7,14,16,7,14,"10, 1, 17, 10, 1, 17, 10, ?",1,1,1,4.885720252990723,3.4274326120267107,0.9894868579871221
2026-02-01T02:37:03.051252,LIMOUS,cd7735b1-bab8-46cb-b6bb-1b80c3cebbb7,15,logical,LOG-CONSTRAINT-7-4-3,yesno,7,10,3,7,10,16,10,14,16,10,14,"D is faster than C.
B is faster than D.
A is faster than B.
Is C faster than B?",no,no,1,1.82196044921875,4.4845975648433045,0.4455189554258068
2026-02-01T02:37:07.562094,LIMOUS,cd7735b1-bab8-46cb-b6bb-1b80c3cebbb7,16,pattern,PAT-AP-14-6-10,integer,14,16,2,14,16,16,10,16,16,10,16,"-28, -20, -12, -4, 4, 12, ?",20,20,1,4.503316640853882,4.7995679649086735,0.9907906786168442
2026-02-01T02:37:15.763838,LIMOUS,cd7735b1-bab8-46cb-b6bb-1b80c3cebbb7,17,logical,LOG-COMP-10-5,yesno,10,13,3,10,13,16,13,16,16,13,16,"C is older than A.
 A is older than D.
 E is older than B.
 A is older than E.
 D is older than B.
 Is E older than D?",no,no,1,8.19351840019226,6.92517838298401,0.10424219698264056
2026-02-01T02:37:18.811881,LIMOUS,cd7735b1-bab8-46cb-b6bb-1b80c3cebbb7,18,numerical,NUM-DIV-16,integer,16,19,3,16,19,19,13,16,19,13,16,What is 840 divided by 120?,7,7,1,3.039808988571167,4.173448560078017,0.548293294102981
2026-02-01T02:37:27.315083,LIMOUS,cd7735b1-bab8-46cb-b6bb-1b80c3cebbb7,19,pattern,PAT-MIXED-16-2-8-8,integer,16,18,2,16,18,19,13,18,19,13,18,"8, 13, 15, 20, 22, 27, 29, ?",34,34,1,8.495100259780884,12.577819396139828,0.7843319862135594
2026-02-01T02:37:29.451845,LIMOUS,cd7735b1-bab8-46cb-b6bb-1b80c3cebbb7,20,logical,LOG-CONSTRAINT-13-4-3,yesno,13,16,3,13,16,19,16,18,19,16,18,"A is faster than D.
B is faster than D.
C is faster than D.
Is C faster than D?",yes,yes,1,2.1291298866271973,5.01962642644688,0.4013656588212398
2026-02-01T02:37:37.945907,LIMOUS,cd7735b1-bab8-46cb-b6bb-1b80c3cebbb7,21,pattern,PAT-MIXED-18-2-9-8,integer,18,20,2,18,20,19,16,20,19,16,20,"5, 11, 15, 21, 25, 31, 35, 41, ?",45,45,1,8.485864639282227,13.00570427631691,0.7739522136794622
2026-02-01T02:37:41.811134,LIMOUS,cd7735b1-bab8-46cb-b6bb-1b80c3cebbb7,22,numerical,NUM-NEARBOUNDARY-19,integer,19,21,2,19,21,21,16,20,21,16,20,What is 484 - 20?,464,464,1,3.8581035137176514,4.618131326755009,0.9422104119299969
2026-02-01T02:37:43.628117,LIMOUS,cd7735b1-bab8-46cb-b6bb-1b80c3cebbb7,23,numerical,NUM-DIV-21,integer,21,24,3,21,24,24,16,20,24,16,20,What is 750 divided by 150?,5,5,1,1.8089046478271484,4.5907161963372625,0.5107374029901294
2026-02-01T02:37:47.100303,LIMOUS,cd7735b1-bab8-46cb-b6bb-1b80c3cebbb7,24,pattern,PAT-CP-20-5-13,integer,20,22,2,20,22,24,16,22,24,16,22,"5, 15, 7, 6, 19, 5, 15, 7, 6, 19, 5, 15, 7, ?",6,6,1,3.4638078212738037,3.935307255821578,0.9870472644784789
2026-02-01T02:37:57.819998,LIMOUS,cd7735b1-bab8-46cb-b6bb-1b80c3cebbb7,25,numerical,NUM-NEARBOUNDARY-24,integer,24,25,1,24,25,25,16,22,25,16,22,What is 491 - 14?,477,477,1,10.711024284362793,5.0712651216861255,0.9334291921481959
2026-02-01T02:38:19.091918,LIMOUS,cd7735b1-bab8-46cb-b6bb-1b80c3cebbb7,26,logical,LOG-COMP-16-7,yesno,16,14,-2,16,14,25,14,22,25,14,22,"B is faster than D.
 B is faster than F.
 G is faster than A.
 C is faster than G.
 C is faster than B.
 F is faster than G.
 E is faster than C.
 F is faster than D.
 Is E faster than A?",yes,no,0,21.263807773590088,7.698288737594746,0.08851215953637802
2026-02-01T02:38:33.970465,LIMOUS,cd7735b1-bab8-46cb-b6bb-1b80c3cebbb7,27,pattern,PAT-MP-22-4-4,integer,22,23,1,22,23,25,14,23,25,14,23,"6, 24, 96, 384, ?",1536,1536,1,14.870428562164307,7.639103413266975,0.7677302200148557
2026-02-01T02:38:40.099522,LIMOUS,cd7735b1-bab8-46cb-b6bb-1b80c3cebbb7,28,pattern,PAT-AP-23-8-15,integer,23,25,2,23,25,25,14,25,25,14,25,"-31, -20, -9, 2, 13, 24, 35, 46, ?",57,57,1,6.121757507324219,5.668571356735455,0.9879528783604277
2026-02-01T02:38:44.425280,LIMOUS,cd7735b1-bab8-46cb-b6bb-1b80c3cebbb7,29,pattern,PAT-AP-25-13-25,integer,25,27,2,25,27,25,14,27,25,14,27,"-18, -8, 2, 12, 22, 32, 42, 52, 62, 72, 82, 92, 102, ?",112,112,1,4.318439245223999,5.878721512123459,0.9872133033208238
2026-02-01T02:38:49.345601,LIMOUS,cd7735b1-bab8-46cb-b6bb-1b80c3cebbb7,30,logical,LOG-COMP-14-6,yesno,14,18,4,14,18,25,18,27,25,18,27,"E is taller than D.
 A is taller than F.
 F is taller than C.
 B is taller than A.
 E is taller than A.
 E is taller than C.
 Is E taller than F?",yes,yes,1,4.912513732910156,7.432549424468959,0.09350166952465098
2026-02-01T02:38:59.563494,LIMOUS,cd7735b1-bab8-46cb-b6bb-1b80c3cebbb7,31,numerical,NUM-RATIO-MUL-25,integer,25,26,1,25,26,26,18,27,26,18,27,"20 -> 100, 21 -> ?",105,105,1,10.208332777023315,4.6280648526901595,0.6402159518194775
2026-02-01T02:39:05.955391,LIMOUS,cd7735b1-bab8-46cb-b6bb-1b80c3cebbb7,32,logical,LOG-BOOL-18-4-2,boolean,18,21,3,18,21,26,21,27,26,21,27,"A is False.
B is True.
C is True.
D is True.
What is: (NOT ((A AND (NOT A)) OR C))?",False,f,1,6.383514165878296,7.076238702017873,0.2539562956329647
2026-02-01T02:39:19.169201,LIMOUS,cd7735b1-bab8-46cb-b6bb-1b80c3cebbb7,33,pattern,PAT-MIXED-27-3-10-12,integer,27,29,2,27,29,26,21,29,26,21,29,"3, 10, 12, 24, 31, 33, 66, 73, 75, ?",150,150,1,13.205224990844727,15.104309654283863,0.7229787928221372
2026-02-01T02:39:21.353402,LIMOUS,cd7735b1-bab8-46cb-b6bb-1b80c3cebbb7,34,numerical,NUM-DIV-26,integer,26,29,3,26,29,29,21,29,29,21,29,What is 4500 divided by 300?,15,15,1,2.175968885421753,5.041638807271032,0.47305990737124387
2026-02-01T02:39:42.024981,LIMOUS,cd7735b1-bab8-46cb-b6bb-1b80c3cebbb7,35,numerical,NUM-SQUARE-29,integer,29,31,2,29,31,31,21,29,31,21,29,What is 35^2?,1225,1225,1,20.663614988327026,5.663602216864404,0.21640572890864432
2026-02-01T02:39:49.321091,LIMOUS,cd7735b1-bab8-46cb-b6bb-1b80c3cebbb7,36,pattern,PAT-MP-29-4-3,integer,29,31,2,29,31,31,21,31,31,21,31,"15, 45, 135, 405, ?",1215,1215,1,7.288878440856934,8.63010247597468,0.7279782981449738
2026-02-01T02:40:08.882971,LIMOUS,cd7735b1-bab8-46cb-b6bb-1b80c3cebbb7,37,logical,LOG-COMP-21-8,yesno,21,23,2,21,23,31,23,31,31,23,31,"H is heavier than F.
 A is heavier than C.
 C is heavier than G.
 C is heavier than B.
 F is heavier than B.
 B is heavier than G.
 D is heavier than B.
 H is heavier than D.
 A is heavier than B.
 Is C heavier than H?",no,no,1,19.55320382118225,8.3998544995595,0.07707568558287398
2026-02-01T02:40:20.921364,LIMOUS,cd7735b1-bab8-46cb-b6bb-1b80c3cebbb7,38,numerical,NUM-RATIO-MUL-31,integer,31,32,1,31,32,32,23,31,32,23,31,"20 -> 160, 16 -> ?",128,128,1,12.029224157333374,5.1770891148288785,0.5975618330012672
2026-02-01T02:40:31.137716,LIMOUS,cd7735b1-bab8-46cb-b6bb-1b80c3cebbb7,39,pattern,PAT-AP-31-11-35,integer,31,29,-2,31,29,32,23,29,32,23,29,"-17, 16, 49, 82, 115, 148, 181, 214, 247, 280, 313, ?",346,336,0,10.208588361740112,6.549748783752384,0.984715229675903
2026-02-01T02:40:44.233334,LIMOUS,cd7735b1-bab8-46cb-b6bb-1b80c3cebbb7,40,logical,LOG-BOOL-23-5-4,boolean,23,25,2,23,25,32,25,29,32,25,29,"A is True.
B is True.
C is False.
D is False.
E is True.
What is: ((((E AND E) OR C) AND E) AND (NOT C))?",True,t,1,13.087793588638306,7.727632640494685,0.22645404577559095
2026-02-01T02:40:47.674556,LIMOUS,cd7735b1-bab8-46cb-b6bb-1b80c3cebbb7,41,numerical,NUM-DIV-32,integer,32,35,3,32,35,35,25,29,35,25,29,What is 1600 divided by 200?,8,8,1,3.433349370956421,5.63100768895425,0.42828540778587365
2026-02-01T02:40:54.145524,LIMOUS,cd7735b1-bab8-46cb-b6bb-1b80c3cebbb7,42,logical,LOG-BOOL-25-6-3,boolean,25,28,3,25,28,35,28,29,35,28,29,"A is True.
B is True.
C is True.
D is False.
E is False.
F is True.
What is: (((A AND E) OR D) OR C)?",True,t,1,6.462799072265625,8.002671064386917,0.21606082620542347
2026-02-01T02:41:06.714724,LIMOUS,cd7735b1-bab8-46cb-b6bb-1b80c3cebbb7,43,pattern,PAT-MP-29-4-5,integer,29,30,1,29,30,35,28,30,35,28,30,"7, 35, 175, 875, ?",4375,4375,1,12.560358762741089,8.63010247597468,0.7279782981449738
2026-02-01T02:50:17.707902,LIMOUS,49c2d8fb-8324-4eaa-96ca-6f3e0bb85571,0,pattern,PAT-MIXED-0-2-6-3,integer,0,0,-2,0,0,0,0,0,0,0,0,"2, 4, 8, 10, 20, ?",22,40,0,4.030561923980713,9.593284384358316,0.8549196154112484
2026-02-01T02:50:19.333045,LIMOUS,49c2d8fb-8324-4eaa-96ca-6f3e0bb85571,1,logical,LOG-CONSTRAINT-0-3-2,yesno,0,3,3,0,3,0,3,0,0,3,0,"A is left of B.
A is left of C.
Is B left of A?",no,no,1,1.6174685955047607,3.920197439335964,0.4980891691949402
2026-02-01T02:50:21.244792,LIMOUS,49c2d8fb-8324-4eaa-96ca-6f3e0bb85571,2,numerical,NUM-NEARBOUNDARY-0,integer,0,3,3,0,3,3,3,0,3,3,0,What is 9 + 4?,13,13,1,1.9040110111236572,3.1838885158416135,0.9665777525962927
2026-02-01T02:50:23.395826,LIMOUS,49c2d8fb-8324-4eaa-96ca-6f3e0bb85571,3,numerical,NUM-NEARBOUNDARY-3,integer,3,6,3,3,6,6,3,0,6,3,0,What is 49 + 3?,52,52,1,2.1432132720947266,3.383212143027035,0.963527671111298
2026-02-01T02:50:25.140062,LIMOUS,49c2d8fb-8324-4eaa-96ca-6f3e0bb85571,4,logical,LOG-COMP-3-4,yesno,3,7,4,3,7,6,7,0,6,7,0,"A is faster than B.
 C is faster than A.
 D is faster than C.
 Is B faster than C?",no,no,1,1.7330923080444336,6.109626900648034,0.1256694355649411
2026-02-01T02:50:27.740130,LIMOUS,49c2d8fb-8324-4eaa-96ca-6f3e0bb85571,5,numerical,NUM-RATIO-MUL-6,integer,6,8,2,6,8,8,7,0,8,7,0,"5 -> 25, 7 -> ?",35,35,1,2.592529773712158,3.191286129507919,0.7594052428398034
2026-02-01T02:50:29.787967,LIMOUS,49c2d8fb-8324-4eaa-96ca-6f3e0bb85571,6,numerical,NUM-SQUARE-8,integer,8,12,4,8,12,12,7,0,12,7,0,What is 9^2?,81,81,1,2.039132833480835,3.810855986000856,0.3422489870357854
2026-02-01T02:50:36.699800,LIMOUS,49c2d8fb-8324-4eaa-96ca-6f3e0bb85571,7,numerical,NUM-RATIO-MUL-12,integer,12,13,1,12,13,13,7,0,13,7,0,"7 -> 42, 14 -> ?",84,84,1,6.900794506072998,3.6001509586979052,0.7248077059631035
2026-02-01T02:50:38.893319,LIMOUS,49c2d8fb-8324-4eaa-96ca-6f3e0bb85571,8,numerical,NUM-DIV-13,integer,13,16,3,13,16,16,7,0,16,7,0,What is 720 divided by 80?,9,9,1,2.1861572265625,3.9381894627759646,0.5705927324911615
2026-02-01T02:50:44.004911,LIMOUS,49c2d8fb-8324-4eaa-96ca-6f3e0bb85571,9,pattern,PAT-MP-0-8-2,integer,0,2,2,0,2,16,7,2,16,7,2,"5, 10, 20, 40, 80, 160, 320, 640, ?",1280,1280,1,5.1036951541900635,5.141076434477961,0.8651980135211262
2026-02-01T02:50:48.749700,LIMOUS,49c2d8fb-8324-4eaa-96ca-6f3e0bb85571,10,pattern,PAT-AP-2-4-5,integer,2,4,2,2,4,16,7,4,16,7,4,"36, 31, 26, 21, ?",16,16,1,4.736552715301514,3.814443507511883,0.9935695378235825
2026-02-01T02:50:52.099484,LIMOUS,49c2d8fb-8324-4eaa-96ca-6f3e0bb85571,11,numerical,NUM-DIV-16,integer,16,18,2,16,18,18,7,4,18,7,4,What is 1080 divided by 120?,9,9,1,3.3423163890838623,4.173448560078017,0.548293294102981
2026-02-01T02:50:54.597051,LIMOUS,49c2d8fb-8324-4eaa-96ca-6f3e0bb85571,12,logical,LOG-CONSTRAINT-7-4-3,yesno,7,10,3,7,10,18,10,4,18,10,4,"D is left of C.
A is left of D.
A is left of C.
Is A left of C?",yes,yes,1,2.4899497032165527,4.4845975648433045,0.4455189554258068
2026-02-01T02:50:56.964547,LIMOUS,49c2d8fb-8324-4eaa-96ca-6f3e0bb85571,13,numerical,NUM-DIV-18,integer,18,21,3,18,21,21,10,4,21,10,4,What is 720 divided by 120?,6,6,1,2.359041690826416,4.3364821336325905,0.5333127879813897
2026-02-01T02:51:01.140161,LIMOUS,49c2d8fb-8324-4eaa-96ca-6f3e0bb85571,14,logical,LOG-BOOL-10-3-2,boolean,10,14,4,10,14,21,14,4,21,14,4,"A is False.
B is True.
C is False.
What is: ((A AND B) OR B)?",True,t,1,4.167319059371948,6.1336114115927804,0.30231286371428073
2026-02-01T02:51:11.171687,LIMOUS,49c2d8fb-8324-4eaa-96ca-6f3e0bb85571,15,numerical,NUM-RATIO-MUL-21,integer,21,22,1,21,22,22,14,4,22,14,4,"18 -> 144, 15 -> ?",120,120,1,10.023651838302612,4.28943450709523,0.6675130649509189
2026-02-01T02:51:15.595373,LIMOUS,49c2d8fb-8324-4eaa-96ca-6f3e0bb85571,16,numerical,NUM-DIV-22,integer,22,24,2,22,24,24,14,4,24,14,4,What is 2800 divided by 200?,14,14,1,4.416099786758423,4.678124474935642,0.5031979580472112
2026-02-01T02:51:48.619675,LIMOUS,49c2d8fb-8324-4eaa-96ca-6f3e0bb85571,17,numerical,NUM-SQUARE-24,integer,24,26,2,24,26,26,14,4,26,14,4,What is 38^2?,1444,1444,1,33.01707482337952,5.166258862568489,0.24307110464096174
2026-02-01T02:51:52.579089,LIMOUS,49c2d8fb-8324-4eaa-96ca-6f3e0bb85571,18,pattern,PAT-CP-4-2-5,integer,4,5,1,4,5,26,14,5,26,14,5,"2, 7, 2, 7, 2, ?",7,7,1,3.9520442485809326,2.850479356056873,0.9919662548390171
2026-02-01T02:51:59.356148,LIMOUS,49c2d8fb-8324-4eaa-96ca-6f3e0bb85571,19,pattern,PAT-MP-5-7-2,integer,5,3,-2,5,3,26,14,3,26,14,3,"3, 6, 12, 24, 48, 96, 192, ?",384,284,0,6.77016544342041,5.636388684739,0.846619606077307
2026-02-01T02:52:09.204629,LIMOUS,49c2d8fb-8324-4eaa-96ca-6f3e0bb85571,20,pattern,PAT-MP-3-9-2,integer,3,4,1,3,4,26,14,4,26,14,4,"9, 18, 36, 72, 144, 288, 576, 1152, 2304, ?",4608,4608,1,9.840808391571045,5.433641980884933,0.8542908047785094
2026-02-01T02:52:12.379562,LIMOUS,49c2d8fb-8324-4eaa-96ca-6f3e0bb85571,21,numerical,NUM-RATIO-MUL-26,integer,26,29,3,26,29,29,14,4,29,14,4,"12 -> 48, 10 -> ?",40,40,1,3.167487382888794,4.716057060367593,0.6332389630983639
2026-02-01T02:52:17.229525,LIMOUS,49c2d8fb-8324-4eaa-96ca-6f3e0bb85571,22,numerical,NUM-DIV-29,integer,29,31,2,29,31,31,14,4,31,14,4,What is 1440 divided by 240?,6,6,1,4.842258930206299,5.329467069580077,0.45057259180411025
2026-02-01T02:52:24.299941,LIMOUS,49c2d8fb-8324-4eaa-96ca-6f3e0bb85571,23,logical,LOG-COMP-14-5,yesno,14,17,3,14,17,31,17,4,31,17,4,"C is taller than B.
 C is taller than A.
 E is taller than B.
 B is taller than A.
 B is taller than D.
 Is C taller than D?",yes,yes,1,7.062235355377197,7.432549424468959,0.09350166952465098
2026-02-01T02:52:39.675302,LIMOUS,49c2d8fb-8324-4eaa-96ca-6f3e0bb85571,24,logical,LOG-COMP-17-7,yesno,17,19,2,17,19,31,19,4,31,19,4,"C is faster than B.
 E is faster than G.
 G is faster than B.
 G is faster than A.
 D is faster than F.
 G is faster than F.
 D is faster than E.
 B is faster than A.
 Is D faster than B?",yes,yes,1,15.367325782775879,7.834282484836459,0.08610859455463203
2026-02-01T02:52:51.875198,LIMOUS,49c2d8fb-8324-4eaa-96ca-6f3e0bb85571,25,logical,LOG-COMP-19-8,yesno,19,21,2,19,21,31,21,4,31,21,4,"D is faster than H.
 C is faster than B.
 D is faster than B.
 A is faster than H.
 B is faster than G.
 A is faster than C.
 E is faster than A.
 D is faster than F.
 G is faster than F.
 Is C faster than F?",yes,yes,1,12.19175934791565,8.112681820708415,0.0814781397571739
2026-02-01T02:52:56.108914,LIMOUS,49c2d8fb-8324-4eaa-96ca-6f3e0bb85571,26,numerical,NUM-DIV-31,integer,31,33,2,31,33,33,21,4,33,21,4,What is 3120 divided by 240?,13,13,1,4.22614049911499,5.5289308553056395,0.4356867757035331
2026-02-01T02:52:59.027697,LIMOUS,49c2d8fb-8324-4eaa-96ca-6f3e0bb85571,27,numerical,NUM-DIV-33,integer,33,36,3,33,36,36,21,4,36,21,4,What is 2600 divided by 200?,13,13,1,2.9111006259918213,5.73468044698905,0.42091598981626743
2026-02-01T02:53:16.499165,LIMOUS,49c2d8fb-8324-4eaa-96ca-6f3e0bb85571,28,numerical,NUM-SQUARE-36,integer,36,38,2,36,38,38,21,4,38,21,4,What is 27^2?,729,729,1,17.463709115982056,6.427989819984015,0.1827410578221714
2026-02-01T02:53:20.498960,LIMOUS,49c2d8fb-8324-4eaa-96ca-6f3e0bb85571,29,pattern,PAT-MP-4-9-2,integer,4,6,2,4,6,38,21,6,38,21,6,"10, 20, 40, 80, 160, 320, 640, 1280, 2560, ?",5120,5120,1,3.9919943809509277,5.534229016770577,0.8504957539488943
2026-02-01T02:53:22.947138,LIMOUS,49c2d8fb-8324-4eaa-96ca-6f3e0bb85571,30,logical,LOG-CONSTRAINT-21-6-5,yesno,21,25,4,21,25,38,25,6,38,25,6,"F is faster than E.
A is faster than D.
F is faster than B.
C is faster than B.
A is faster than B.
Is C faster than B?",yes,yes,1,2.4403815269470215,5.815053009188923,0.3449997873534973
2026-02-01T02:53:26.012215,LIMOUS,49c2d8fb-8324-4eaa-96ca-6f3e0bb85571,31,pattern,PAT-AP-6-5-7,integer,6,8,2,6,8,38,25,8,38,25,8,"0, 4, 8, 12, 16, ?",20,20,1,3.0568430423736572,4.1226648621026465,0.9927508881056851
2026-02-01T02:53:37.732573,LIMOUS,49c2d8fb-8324-4eaa-96ca-6f3e0bb85571,32,logical,LOG-CONSTRAINT-25-7-8,yesno,25,27,2,25,27,38,27,8,38,27,8,"D is faster than F.
G is faster than B.
C is faster than E.
E is faster than D.
D is faster than C.
C is faster than B.
G is faster than E.
A is faster than B.
Is D faster than C?",yes,yes,1,11.712785005569458,6.251353667161673,0.31826674720232073
2026-02-01T02:53:51.932782,LIMOUS,49c2d8fb-8324-4eaa-96ca-6f3e0bb85571,33,numerical,NUM-SQUARE-38,integer,38,36,-2,38,36,36,27,8,36,27,8,What is 29^2?,841,871,0,14.1920485496521,6.662071924138678,0.1739030412963074
2026-02-01T02:54:07.708195,LIMOUS,49c2d8fb-8324-4eaa-96ca-6f3e0bb85571,34,pattern,PAT-AP-8-5-7,integer,8,9,1,8,9,36,27,9,36,27,9,"23, 16, 9, 2, -5, ?",-12,-12,1,15.766778945922852,4.284098062586317,0.9923035691444202
2026-02-01T02:54:13.092519,LIMOUS,49c2d8fb-8324-4eaa-96ca-6f3e0bb85571,35,numerical,NUM-SQUARE-36,integer,36,39,3,36,39,39,27,9,39,27,9,What is 38^2?,1444,1444,1,5.376075983047485,6.427989819984015,0.1827410578221714
2026-02-01T02:54:27.234281,LIMOUS,49c2d8fb-8324-4eaa-96ca-6f3e0bb85571,36,numerical,NUM-DIV-39,integer,39,41,2,39,41,41,27,9,41,27,9,What is 3060 divided by 180?,17,17,1,14.133730173110962,6.391656345442114,0.37754077346216863
2026-02-01T02:54:31.962658,LIMOUS,49c2d8fb-8324-4eaa-96ca-6f3e0bb85571,37,logical,LOG-CONSTRAINT-27-8-7,yesno,27,30,3,27,30,41,30,9,41,30,9,"C is left of E.
A is left of H.
H is left of G.
A is left of F.
B is left of E.
F is left of D.
A is left of B.
Is C left of E?",yes,yes,1,4.719432353973389,6.47986934441963,0.3053229448882116
2026-02-01T02:54:38.211353,LIMOUS,49c2d8fb-8324-4eaa-96ca-6f3e0bb85571,38,pattern,PAT-MIXED-9-2-6-5,integer,9,7,-2,9,7,41,30,7,41,30,7,"5, 8, 32, 35, 140, ?",143,413,0,6.240274429321289,11.18057504398903,0.8179085644349834
2026-02-01T02:54:43.986172,LIMOUS,49c2d8fb-8324-4eaa-96ca-6f3e0bb85571,39,pattern,PAT-MIXED-7-2-6-5,integer,7,10,3,7,10,41,30,10,41,30,10,"5, 7, 12, 14, 19, ?",21,21,1,5.767143726348877,10.808449245074495,0.8267218242590016
2026-02-01T02:54:50.050284,LIMOUS,49c2d8fb-8324-4eaa-96ca-6f3e0bb85571,40,logical,LOG-IMP-30-9-7,yesno,30,33,3,30,33,41,33,10,41,33,10,"B is True.
If D is True, then I is True.
If A is True, then F is True.
If D is True, then H is True.
If B is True, then F is True.
If A is True, then G is True.
If F is True, then A is True.
If C is True, then F is True.
Is F True?",yes,yes,1,6.056619882583618,7.055174020554027,0.26142821919886
2026-02-01T02:54:58.562174,LIMOUS,49c2d8fb-8324-4eaa-96ca-6f3e0bb85571,41,pattern,PAT-MIXED-10-3-7-6,integer,10,12,2,10,12,41,33,12,41,33,12,"5, 7, 12, 17, 19, 24, ?",29,29,1,8.503951072692871,11.371012737397788,0.8133729333418918
2026-02-01T02:55:00.593845,LIMOUS,49c2d8fb-8324-4eaa-96ca-6f3e0bb85571,42,numerical,NUM-SQUARE-41,integer,41,45,4,41,45,45,33,12,45,33,12,What is 30^2?,900,900,1,2.0244193077087402,7.027098851097243,0.16128379658632605
2026-02-01T02:55:03.819240,LIMOUS,49c2d8fb-8324-4eaa-96ca-6f3e0bb85571,43,logical,LOG-CONSTRAINT-33-8-6,yesno,33,37,4,33,37,45,37,12,45,37,12,"B is above C.
G is above E.
E is above B.
A is above F.
D is above C.
C is above F.
Is D above C?",yes,yes,1,3.2174127101898193,7.209539285189958,0.268339768046558
2026-02-01T02:55:19.275260,LIMOUS,49c2d8fb-8324-4eaa-96ca-6f3e0bb85571,44,pattern,PAT-AP-12-6-10,integer,12,13,1,12,13,45,37,13,45,37,13,"17, 11, 5, -1, -7, -13, ?",-19,-19,1,15.448517084121704,4.622386768248685,0.9913251585552043
2026-02-01T14:09:22.421244,LIMOUS,61446d66-0cda-4f5f-971a-0a46b66ce788,0,logical,LOG-COMP-0-4,yesno,0,0,-1,0,0,0,0,0,0,0,0,"B is heavier than A.
 A is heavier than D.
 C is heavier than A.
 Is B heavier than D?",yes,no,0,2.357142925262451,5.786321394199617,0.13595381806654835
2026-02-01T14:09:24.828471,LIMOUS,61446d66-0cda-4f5f-971a-0a46b66ce788,1,pattern,PAT-CP-0-2-5,integer,0,2,2,0,2,0,0,2,0,0,2,"7, 5, 7, 5, 7, ?",5,5,1,2.397383451461792,2.6188030713700616,0.9928728778629512
2026-02-01T14:09:27.285270,LIMOUS,61446d66-0cda-4f5f-971a-0a46b66ce788,2,logical,LOG-IMP-0-3-2,yesno,0,3,3,0,3,0,3,2,0,3,2,"B is True.
C is True.
If C is True, then A is True.
If A is True, then C is True.
Is A True?",yes,yes,1,2.449070692062378,4.057676636129622,0.46664156164781895
2026-02-01T14:09:29.934897,LIMOUS,61446d66-0cda-4f5f-971a-0a46b66ce788,3,numerical,NUM-RATIO-MUL-0,integer,0,2,2,0,2,2,3,2,2,3,2,"7 -> 21, 6 -> ?",18,18,1,2.6409494876861572,2.818761509595732,0.7909079156532041
2026-02-01T14:09:32.436971,LIMOUS,61446d66-0cda-4f5f-971a-0a46b66ce788,4,logical,LOG-IMP-3-3-2,yesno,3,6,3,3,6,2,6,2,2,6,2,"A is True.
C is True.
If B is True, then C is True.
If B is True, then A is True.
Is B True?",no,no,1,2.493561029434204,4.298628193138669,0.44420215187470535
2026-02-01T14:09:35.524401,LIMOUS,61446d66-0cda-4f5f-971a-0a46b66ce788,5,logical,LOG-BOOL-6-2-2,boolean,6,10,4,6,10,2,10,2,2,10,2,"A is False.
B is True.
What is: ((A OR A) OR B)?",True,t,1,3.0796945095062256,5.704395089308765,0.3283512740485616
2026-02-01T14:09:39.273388,LIMOUS,61446d66-0cda-4f5f-971a-0a46b66ce788,6,logical,LOG-IMP-10-5-3,yesno,10,13,3,10,13,2,13,2,2,13,2,"B is True.
C is True.
If E is True, then D is True.
If A is True, then C is True.
If D is True, then C is True.
Is D True?",no,no,1,3.7372870445251465,4.906438439393301,0.392867569840417
2026-02-01T14:09:46.925297,LIMOUS,61446d66-0cda-4f5f-971a-0a46b66ce788,7,logical,LOG-COMP-13-6,yesno,13,12,-1,13,12,2,12,2,2,12,2,"A is taller than F.
 F is taller than E.
 B is taller than C.
 C is taller than A.
 B is taller than F.
 D is taller than A.
 Is C taller than F?",yes,tes,0,7.61770486831665,7.302739901510776,0.09608990086671482
2026-02-01T14:09:57.091961,LIMOUS,61446d66-0cda-4f5f-971a-0a46b66ce788,8,logical,LOG-BOOL-12-3-2,boolean,12,14,2,12,14,2,14,2,2,14,2,"A is False.
B is False.
C is True.
What is: (NOT ((A OR (NOT C)) AND B))?",True,t,1,10.159287452697754,6.358416615950337,0.289742138649722
2026-02-01T14:10:00.508059,LIMOUS,61446d66-0cda-4f5f-971a-0a46b66ce788,9,logical,LOG-IMP-14-4-3,yesno,14,18,4,14,18,2,18,2,2,18,2,"D is True.
A is True.
If C is True, then A is True.
If A is True, then B is True.
If B is True, then A is True.
Is B True?",yes,yes,1,3.408480167388916,5.28456946403951,0.3644894245628016
2026-02-01T14:10:06.357016,LIMOUS,61446d66-0cda-4f5f-971a-0a46b66ce788,10,logical,LOG-COMP-18-8,yesno,18,21,3,18,21,2,21,2,2,21,2,"D is taller than F.
 A is taller than F.
 B is taller than A.
 C is taller than A.
 G is taller than D.
 D is taller than B.
 B is taller than H.
 A is taller than E.
 D is taller than C.
 Is C taller than G?",no,no,1,5.83929181098938,7.972402431822372,0.08376430070547823
2026-02-01T14:10:15.917660,LIMOUS,61446d66-0cda-4f5f-971a-0a46b66ce788,11,logical,LOG-BOOL-21-4-4,boolean,21,24,3,21,24,2,24,2,2,24,2,"A is True.
B is False.
C is True.
D is False.
What is: (NOT ((((B AND B) AND (NOT A)) OR (NOT B)) AND C))?",False,f,1,9.551906824111938,7.460996848896373,0.2371959438863234
2026-02-01T14:10:27.405063,LIMOUS,61446d66-0cda-4f5f-971a-0a46b66ce788,12,logical,LOG-IMP-24-7-6,yesno,24,26,2,24,26,2,26,2,2,26,2,"F is True.
If F is True, then E is True.
If E is True, then C is True.
If D is True, then A is True.
If G is True, then C is True.
If C is True, then D is True.
If A is True, then E is True.
Is A True?",yes,yes,1,11.47936725616455,6.339224178998897,0.2978466043531796
2026-02-01T14:10:31.156952,LIMOUS,61446d66-0cda-4f5f-971a-0a46b66ce788,13,pattern,PAT-AP-2-4-5,integer,2,4,2,2,4,2,26,4,2,26,4,"12, 17, 22, 27, ?",32,32,1,3.7424848079681396,3.814443507511883,0.9935695378235825
2026-02-01T14:10:35.331870,LIMOUS,61446d66-0cda-4f5f-971a-0a46b66ce788,14,logical,LOG-IMP-26-9-7,yesno,26,30,4,26,30,2,30,4,2,30,4,"C is True.
If C is True, then H is True.
If C is True, then I is True.
If F is True, then G is True.
If B is True, then C is True.
If C is True, then E is True.
If B is True, then I is True.
If D is True, then A is True.
Is F True?",no,no,1,4.166905879974365,6.57050896537015,0.2853856286109963
2026-02-01T14:10:47.444929,LIMOUS,61446d66-0cda-4f5f-971a-0a46b66ce788,15,pattern,PAT-MP-4-9-2,integer,4,5,1,4,5,2,30,5,2,30,5,"5, 10, 20, 40, 80, 160, 320, 640, 1280, ?",2560,2560,1,12.105201959609985,5.534229016770577,0.8504957539488943
2026-02-01T14:10:51.173969,LIMOUS,61446d66-0cda-4f5f-971a-0a46b66ce788,16,numerical,NUM-SQUARE-2,integer,2,5,3,2,5,5,30,5,5,30,5,What is 4^2?,16,16,1,3.720820188522339,3.383263537702022,0.38407137074058445
2026-02-01T14:10:57.477393,LIMOUS,61446d66-0cda-4f5f-971a-0a46b66ce788,17,pattern,PAT-MIXED-5-2-6-5,integer,5,8,3,5,8,5,30,8,5,30,8,"6, 10, 30, 34, 102, ?",106,106,1,6.29601788520813,10.447692171340643,0.8351944715887684
2026-02-01T14:11:08.061330,LIMOUS,61446d66-0cda-4f5f-971a-0a46b66ce788,18,logical,LOG-BOOL-30-6-5,boolean,30,33,3,30,33,5,33,8,5,33,8,"A is True.
B is False.
C is False.
D is False.
E is False.
F is True.
What is: (((((C AND C) AND D) OR (NOT F)) AND (NOT D)) OR (NOT C))?",True,t,1,10.57586669921875,8.728786967818182,0.19160845873467927
2026-02-01T14:11:16.371316,LIMOUS,61446d66-0cda-4f5f-971a-0a46b66ce788,19,pattern,PAT-MIXED-8-2-7-5,integer,8,10,2,8,10,5,33,10,5,33,10,"15, 20, 22, 27, 29, 34, ?",36,36,1,8.30176854133606,10.993068922622165,0.8223580397374113
2026-02-01T14:11:27.461410,LIMOUS,61446d66-0cda-4f5f-971a-0a46b66ce788,20,logical,LOG-IMP-33-8-7,yesno,33,35,2,33,35,5,35,10,5,35,10,"G is True.
If G is True, then D is True.
If A is True, then D is True.
If C is True, then A is True.
If E is True, then D is True.
If A is True, then B is True.
If E is True, then F is True.
If A is True, then C is True.
Is A True?",no,no,1,11.082250833511353,7.43892863000581,0.24433624581924968
2026-02-01T14:11:31.547191,LIMOUS,61446d66-0cda-4f5f-971a-0a46b66ce788,21,pattern,PAT-CP-10-3-8,integer,10,12,2,10,12,5,35,12,5,35,12,"16, 20, 7, 16, 20, 7, 16, 20, ?",7,7,1,4.077114820480347,3.226098088724642,0.9903877005985435
2026-02-01T14:11:34.485340,LIMOUS,61446d66-0cda-4f5f-971a-0a46b66ce788,22,numerical,NUM-RATIO-MUL-5,integer,5,7,2,5,7,7,35,12,7,35,12,"10 -> 50, 9 -> ?",45,45,1,2.9306693077087402,3.1267660388845604,0.7648733120792622
2026-02-01T14:11:40.075920,LIMOUS,61446d66-0cda-4f5f-971a-0a46b66ce788,23,logical,LOG-CONSTRAINT-35-9-7,yesno,35,38,3,35,38,7,38,12,7,38,12,"D is above C.
E is above B.
C is above B.
A is above G.
G is above C.
G is above E.
B is above H.
Is H above I?",no,no,1,5.582798004150391,7.468250763879329,0.25666202235664193
2026-02-01T14:13:07.404166,LIMOUS,61446d66-0cda-4f5f-971a-0a46b66ce788,24,logical,LOG-COMP-38-10,yesno,38,36,-2,38,36,7,36,12,7,36,12,"C is larger than G.
 H is larger than E.
 E is larger than B.
 A is larger than H.
 I is larger than C.
 E is larger than C.
 F is larger than H.
 A is larger than B.
 A is larger than C.
 I is larger than G.
 D is larger than C.
 D is larger than E.
 Is F larger than G?",yes,no,0,87.31998443603516,11.236521841781055,0.047627272758843556
2026-02-01T14:13:12.155387,LIMOUS,61446d66-0cda-4f5f-971a-0a46b66ce788,25,pattern,PAT-MP-12-7-2,integer,12,14,2,12,14,7,36,14,7,36,14,"4, 8, 16, 32, 64, 128, 256, ?",512,512,1,4.743164539337158,6.397654599931155,0.8171536483298998
2026-02-01T14:13:15.796456,LIMOUS,61446d66-0cda-4f5f-971a-0a46b66ce788,26,pattern,PAT-MP-14-5-2,integer,14,17,3,14,17,7,36,17,7,36,17,"4, 8, 16, 32, 64, ?",128,128,1,3.6329619884490967,6.630780734528503,0.8079667744960319
2026-02-01T14:13:41.402325,LIMOUS,61446d66-0cda-4f5f-971a-0a46b66ce788,27,logical,LOG-COMP-36-9,yesno,36,38,2,36,38,7,38,17,7,38,17,"G is heavier than C.
 F is heavier than A.
 F is heavier than E.
 I is heavier than B.
 E is heavier than A.
 H is heavier than D.
 D is heavier than G.
 A is heavier than I.
 G is heavier than F.
 A is heavier than C.
 G is heavier than B.
 Is H heavier than E?",yes,yes,1,25.597691535949707,10.86268682579344,0.050439602618740774
2026-02-01T14:13:46.747823,LIMOUS,61446d66-0cda-4f5f-971a-0a46b66ce788,28,pattern,PAT-AP-17-6-15,integer,17,19,2,17,19,7,38,19,7,38,19,"-20, -27, -34, -41, -48, -55, ?",-62,-62,1,5.337472677230835,5.075863788398472,0.9899272180767368
2026-02-01T14:13:51.908001,LIMOUS,61446d66-0cda-4f5f-971a-0a46b66ce788,29,logical,LOG-BOOL-38-6-3,boolean,38,42,4,38,42,7,42,19,7,42,19,"A is True.
B is True.
C is False.
D is True.
E is False.
F is True.
What is: (((A OR (NOT C)) OR (NOT D)) AND (NOT A))?",False,f,1,5.1524035930633545,10.014337801676932,0.15697551229060636
2026-02-01T14:14:09.523564,LIMOUS,61446d66-0cda-4f5f-971a-0a46b66ce788,30,logical,LOG-COMP-42-9,yesno,42,45,3,42,45,7,45,19,7,45,19,"E is taller than F.
 H is taller than C.
 F is taller than A.
 B is taller than A.
 B is taller than E.
 A is taller than G.
 I is taller than C.
 D is taller than H.
 D is taller than A.
 F is taller than I.
 B is taller than H.
 Is B taller than C?",yes,yes,1,17.60079598426819,12.019905701549796,0.04244362946104179
2026-02-01T14:14:15.588568,LIMOUS,61446d66-0cda-4f5f-971a-0a46b66ce788,31,numerical,NUM-RATIO-MUL-7,integer,7,8,1,7,8,8,45,19,8,45,19,"6 -> 24, 7 -> ?",28,28,1,6.056855201721191,3.2568149620989146,0.7538509327314666
2026-02-01T14:14:49.539161,LIMOUS,61446d66-0cda-4f5f-971a-0a46b66ce788,32,logical,LOG-COMP-45-10,yesno,45,43,-2,45,43,8,43,19,8,43,19,"E is faster than H.
 C is faster than H.
 A is faster than F.
 D is faster than I.
 E is faster than D.
 A is faster than G.
 H is faster than F.
 F is faster than D.
 J is faster than D.
 B is faster than H.
 A is faster than C.
 I is faster than G.
 Is B faster than G?",yes,yees,0,33.94143772125244,12.640183899742418,0.038914352364107355
2026-02-01T21:03:09.986052,LIMOUS,b7a7c42f-784a-4ed4-88ee-842e91365c53,0,pattern,PAT-MP-0-8-2,integer,0,2,2,0,2,0,0,2,0,0,2,"8, 16, 32, 64, 128, 256, 512, 1024, ?",2048,2048,1,5.850396633148193,5.141076434477961,0.8651980135211262
2026-02-01T21:03:13.433471,LIMOUS,b7a7c42f-784a-4ed4-88ee-842e91365c53,1,numerical,NUM-RATIO-MUL-0,integer,0,2,2,0,2,2,0,2,2,0,2,"8 -> 24, 3 -> ?",9,9,1,3.4381465911865234,2.818761509595732,0.7909079156532041
2026-02-01T21:03:15.915135,LIMOUS,b7a7c42f-784a-4ed4-88ee-842e91365c53,2,logical,LOG-BOOL-0-2-1,boolean,0,4,4,0,4,2,4,2,2,4,2,"A is True.
B is True.
What is: (B OR A)?",True,t,1,2.4736032485961914,5.108503481049821,0.3694292242897219
2026-02-01T21:03:26.011231,LIMOUS,b7a7c42f-784a-4ed4-88ee-842e91365c53,3,pattern,PAT-MP-2-9-2,integer,2,3,1,2,3,2,4,3,2,4,3,"3, 6, 12, 24, 48, 96, 192, 384, 768, ?",1536,1536,1,10.086073398590088,5.33460336819693,0.858005604653998
2026-02-01T21:03:28.386636,LIMOUS,b7a7c42f-784a-4ed4-88ee-842e91365c53,4,pattern,PAT-CP-3-2-4,integer,3,5,2,3,5,2,4,5,2,4,5,"15, 4, 15, 4, ?",15,15,1,2.3679986000061035,2.791205598713724,0.992203106793015
2026-02-01T21:03:32.122305,LIMOUS,b7a7c42f-784a-4ed4-88ee-842e91365c53,5,pattern,PAT-CP-5-3-7,integer,5,7,2,5,7,2,4,7,2,4,7,"7, 2, 19, 7, 2, 19, 7, ?",2,2,1,3.7280964851379395,2.9106798313576996,0.9917222678856938
2026-02-01T21:03:36.331832,LIMOUS,b7a7c42f-784a-4ed4-88ee-842e91365c53,6,pattern,PAT-AP-7-5-7,integer,7,9,2,7,9,2,4,9,2,4,9,"28, 21, 14, 7, 0, ?",-7,-7,1,4.201524019241333,4.2027553731763705,0.9925305512361172
2026-02-01T21:03:42.514233,LIMOUS,b7a7c42f-784a-4ed4-88ee-842e91365c53,7,pattern,PAT-AP-9-5-7,integer,9,10,1,9,10,2,4,10,2,4,10,"6, -1, -8, -15, -22, ?",-29,-29,1,6.17450213432312,4.366712507565352,0.9920697446172068
2026-02-01T21:03:48.634149,LIMOUS,b7a7c42f-784a-4ed4-88ee-842e91365c53,8,pattern,PAT-CP-10-3-8,integer,10,11,1,10,11,2,4,11,2,4,11,"4, 19, 9, 4, 19, 9, 4, 19, ?",9,9,1,6.111228942871094,3.226098088724642,0.9903877005985435
2026-02-01T21:03:52.201977,LIMOUS,b7a7c42f-784a-4ed4-88ee-842e91365c53,9,numerical,NUM-RATIO-MUL-2,integer,2,4,2,2,4,4,4,11,4,4,11,"5 -> 10, 6 -> ?",12,12,1,3.5598254203796387,2.93910412598248,0.780756164471081
2026-02-01T21:03:57.393165,LIMOUS,b7a7c42f-784a-4ed4-88ee-842e91365c53,10,pattern,PAT-CP-11-4-7,integer,11,12,1,11,12,4,4,12,4,4,12,"12, 4, 12, 13, 12, 4, 12, ?",13,13,1,5.183990478515625,3.2921711903006674,0.9900962511797692
2026-02-01T21:03:58.704954,LIMOUS,b7a7c42f-784a-4ed4-88ee-842e91365c53,11,numerical,NUM-SQUARE-4,integer,4,8,4,4,8,8,4,12,8,4,12,What is 3^2?,9,9,1,1.3039484024047852,3.5213955999201563,0.3699034309794939
2026-02-01T21:04:04.609852,LIMOUS,b7a7c42f-784a-4ed4-88ee-842e91365c53,12,pattern,PAT-AP-12-5-10,integer,12,14,2,12,14,8,4,14,8,4,14,"-31, -38, -45, -52, -59, ?",-66,-66,1,5.897359609603882,4.622386768248685,0.9913251585552043
2026-02-01T21:04:07.137169,LIMOUS,b7a7c42f-784a-4ed4-88ee-842e91365c53,13,logical,LOG-CONSTRAINT-4-3-2,yesno,4,7,3,4,7,8,7,14,8,7,14,"A is above B.
A is above C.
Is A above C?",yes,yes,1,2.519965887069702,4.235189175606199,0.46796887689256356
2026-02-01T21:04:18.232742,LIMOUS,b7a7c42f-784a-4ed4-88ee-842e91365c53,14,pattern,PAT-MIXED-14-2-7-6,integer,14,16,2,14,16,8,7,16,8,7,16,"14, 20, 22, 28, 30, 36, ?",38,38,1,11.088106870651245,12.163006723334268,0.7943617736016236
2026-02-01T21:04:20.080798,LIMOUS,b7a7c42f-784a-4ed4-88ee-842e91365c53,15,logical,LOG-CONSTRAINT-7-4-3,yesno,7,10,3,7,10,8,10,16,8,10,16,"A is left of D.
D is left of B.
C is left of A.
Is B left of D?",no,no,1,1.840590238571167,4.4845975648433045,0.4455189554258068
2026-02-01T21:04:21.960451,LIMOUS,b7a7c42f-784a-4ed4-88ee-842e91365c53,16,logical,LOG-COMP-10-6,yesno,10,14,4,10,14,8,14,16,8,14,16,"A is heavier than F.
 A is heavier than C.
 C is heavier than D.
 E is heavier than C.
 F is heavier than C.
 F is heavier than B.
 Is B heavier than D?",no,no,1,1.8720040321350098,6.92517838298401,0.10424219698264056
2026-02-01T21:04:27.472651,LIMOUS,b7a7c42f-784a-4ed4-88ee-842e91365c53,17,logical,LOG-COMP-14-6,yesno,14,17,3,14,17,8,17,16,8,17,16,"F is faster than E.
 D is faster than B.
 C is faster than D.
 E is faster than C.
 E is faster than D.
 B is faster than A.
 Is C faster than B?",yes,yes,1,5.500551462173462,7.432549424468959,0.09350166952465098
2026-02-01T21:04:46.120168,LIMOUS,b7a7c42f-784a-4ed4-88ee-842e91365c53,18,pattern,PAT-MIXED-16-2-9-8,integer,16,18,2,16,18,8,17,18,8,17,18,"7, 28, 36, 144, 152, 608, 616, 2464, ?",2472,2472,1,18.63924264907837,12.577819396139828,0.7843319862135594
2026-02-01T21:04:53.073717,LIMOUS,b7a7c42f-784a-4ed4-88ee-842e91365c53,19,logical,LOG-IMP-17-6-4,yesno,17,20,3,17,20,8,20,18,8,20,18,"D is True.
If F is True, then A is True.
If E is True, then C is True.
If D is True, then C is True.
If D is True, then F is True.
Is F True?",yes,yes,1,6.943633794784546,5.583971127379268,0.3437958726279847
2026-02-01T21:05:02.064257,LIMOUS,b7a7c42f-784a-4ed4-88ee-842e91365c53,20,logical,LOG-CONSTRAINT-20-6-6,yesno,20,22,2,20,22,8,22,18,8,22,18,"B is above D.
E is above C.
A is above F.
A is above B.
A is above E.
F is above C.
Is F above E?",no,no,1,8.981839656829834,5.71014300682469,0.3518476402392161
2026-02-01T21:05:04.753470,LIMOUS,b7a7c42f-784a-4ed4-88ee-842e91365c53,21,numerical,NUM-DIV-8,integer,8,10,2,8,10,10,22,18,10,22,18,What is 640 divided by 80?,8,8,1,2.681460380554199,3.569623688343916,0.6070886802448782
2026-02-01T21:05:22.018686,LIMOUS,b7a7c42f-784a-4ed4-88ee-842e91365c53,22,logical,LOG-COMP-22-8,yesno,22,24,2,22,24,10,24,18,10,24,18,"C is heavier than F.
 D is heavier than H.
 H is heavier than C.
 G is heavier than F.
 E is heavier than D.
 B is heavier than A.
 G is heavier than D.
 F is heavier than B.
 E is heavier than H.
 Is B heavier than C?",no,no,1,17.25736379623413,8.546816905095307,0.07495714108988122
2026-02-01T21:05:30.721061,LIMOUS,b7a7c42f-784a-4ed4-88ee-842e91365c53,23,logical,LOG-BOOL-24-4-4,boolean,24,27,3,24,27,10,27,18,10,27,18,"A is False.
B is False.
C is False.
D is True.
What is: ((((C OR (NOT D)) OR D) AND (NOT C)) OR D)?",True,t,1,8.694299936294556,7.86408516617368,0.22121373910394931
2026-02-01T21:05:39.049983,LIMOUS,b7a7c42f-784a-4ed4-88ee-842e91365c53,24,logical,LOG-BOOL-27-6-5,boolean,27,30,3,27,30,10,30,18,10,30,18,"A is True.
B is True.
C is True.
D is False.
E is False.
F is False.
What is: (((((B AND (NOT A)) AND F) AND E) OR E) AND E)?",False,f,1,8.320396423339844,8.286376917092099,0.20601756919900657
2026-02-01T21:05:44.905845,LIMOUS,b7a7c42f-784a-4ed4-88ee-842e91365c53,25,pattern,PAT-MP-18-4-3,integer,18,20,2,18,20,10,30,20,10,30,20,"13, 39, 117, 351, ?",1053,1053,1,5.848338603973389,7.119304396902303,0.7885480725736077
2026-02-01T21:05:49.023892,LIMOUS,b7a7c42f-784a-4ed4-88ee-842e91365c53,26,numerical,NUM-NEARBOUNDARY-10,integer,10,12,2,10,12,12,30,20,12,30,20,What is 98 + 15?,113,113,1,4.109221696853638,3.8860142183810753,0.9553361099548413
2026-02-01T21:06:02.497298,LIMOUS,b7a7c42f-784a-4ed4-88ee-842e91365c53,27,logical,LOG-COMP-30-9,yesno,30,33,3,30,33,12,33,20,12,33,20,"A is larger than I.
 H is larger than G.
 D is larger than F.
 C is larger than A.
 D is larger than B.
 F is larger than H.
 B is larger than I.
 G is larger than A.
 H is larger than C.
 F is larger than I.
 I is larger than E.
 Is A larger than D?",no,no,1,13.46285343170166,9.80832242203587,0.05984779190150703
2026-02-01T21:06:20.623861,LIMOUS,b7a7c42f-784a-4ed4-88ee-842e91365c53,28,numerical,NUM-SQUARE-12,integer,12,14,2,12,14,14,33,20,14,33,20,What is 22^2?,484,484,1,18.119406938552856,4.118847666956853,0.31562638665439907
2026-02-01T21:06:25.401060,LIMOUS,b7a7c42f-784a-4ed4-88ee-842e91365c53,29,numerical,NUM-DIV-14,integer,14,16,2,14,16,16,33,20,16,33,20,What is 1050 divided by 150?,7,7,1,4.7696075439453125,4.015395785754171,0.5631867899601409
2026-02-01T21:06:35.976317,LIMOUS,b7a7c42f-784a-4ed4-88ee-842e91365c53,30,pattern,PAT-MP-20-4-3,integer,20,21,1,20,21,16,33,21,16,33,21,"7, 21, 63, 189, ?",567,567,1,10.567691802978516,7.375172256654322,0.7783138616284035
2026-02-01T21:06:46.559364,LIMOUS,b7a7c42f-784a-4ed4-88ee-842e91365c53,31,logical,LOG-BOOL-33-4-5,boolean,33,36,3,33,36,16,36,21,16,36,21,"A is False.
B is False.
C is True.
D is True.
What is: (((((A AND (NOT C)) AND D) AND (NOT A)) AND (NOT D)) AND (NOT D))?",False,f,1,10.575072765350342,9.192273769437627,0.17798122943219225
2026-02-01T21:06:50.352090,LIMOUS,b7a7c42f-784a-4ed4-88ee-842e91365c53,32,logical,LOG-CONSTRAINT-36-7-7,yesno,36,40,4,36,40,16,40,21,16,40,21,"F is left of C.
B is left of F.
D is left of C.
C is left of A.
G is left of D.
B is left of G.
E is left of A.
Is A left of D?",no,no,1,3.784043550491333,7.600647973112563,0.2509494584397685
2026-02-01T21:06:53.815684,LIMOUS,b7a7c42f-784a-4ed4-88ee-842e91365c53,33,pattern,PAT-CP-21-5-11,integer,21,23,2,21,23,16,40,23,16,40,23,"2, 8, 19, 4, 3, 2, 8, 19, 4, 3, 2, ?",8,8,1,3.4559028148651123,4.012468516818529,0.986655896128591
2026-02-01T21:06:57.991285,LIMOUS,b7a7c42f-784a-4ed4-88ee-842e91365c53,34,numerical,NUM-SQUARE-16,integer,16,19,3,16,19,19,40,23,19,40,23,What is 21^2?,441,441,1,4.167823076248169,4.446557018908224,0.29016112584889425
2026-02-01T21:07:05.080074,LIMOUS,b7a7c42f-784a-4ed4-88ee-842e91365c53,35,pattern,PAT-AP-23-8-20,integer,23,25,2,23,25,19,40,25,19,40,25,"-12, -21, -30, -39, -48, -57, -66, -75, ?",-84,-84,1,7.078409671783447,5.668571356735455,0.9879528783604277
2026-02-01T21:07:07.440162,LIMOUS,b7a7c42f-784a-4ed4-88ee-842e91365c53,36,numerical,NUM-DIV-19,integer,19,22,3,19,22,22,40,25,22,40,25,What is 1320 divided by 120?,11,11,1,2.3518614768981934,4.419915579490104,0.5257982288313084
2026-02-01T21:07:34.296882,LIMOUS,b7a7c42f-784a-4ed4-88ee-842e91365c53,37,pattern,PAT-MIXED-25-4-13-12,integer,25,26,1,25,26,22,40,26,22,40,26,"10, 22, 28, 140, 148, 160, 166, 830, 838, 850, 856, 4280, ?",4288,4288,1,26.84823489189148,14.612310789334975,0.7348974522655423
2026-02-01T21:07:39.624263,LIMOUS,b7a7c42f-784a-4ed4-88ee-842e91365c53,38,numerical,NUM-DIV-22,integer,22,24,2,22,24,24,40,26,24,40,26,What is 1260 divided by 180?,7,7,1,5.318963527679443,4.678124474935642,0.5031979580472112
2026-02-01T21:07:51.120889,LIMOUS,b7a7c42f-784a-4ed4-88ee-842e91365c53,39,numerical,NUM-RATIO-MUL-24,integer,24,22,-2,24,22,22,40,26,22,40,26,"20 -> 160, 18 -> ?",144,164,0,11.488950252532959,4.541427185131935,0.6471341751504712
2026-02-01T21:08:08.200743,LIMOUS,b7a7c42f-784a-4ed4-88ee-842e91365c53,40,logical,LOG-IMP-40-8-8,yesno,40,42,2,40,42,22,42,26,22,42,26,"E is True.
If H is True, then D is True.
If F is True, then A is True.
If E is True, then D is True.
If D is True, then H is True.
If G is True, then C is True.
If G is True, then D is True.
If C is True, then F is True.
If E is True, then A is True.
Is C True?",no,no,1,17.07011079788208,8.406965469309068,0.20747706519736764
2026-02-01T21:24:17.649906,LIMOUS,eb87659f-ba6a-4ce3-a213-f4b5d49d6cce,0,pattern,PAT-CP-0-2-4,integer,0,1,1,0,1,0,0,1,0,0,1,"19, 14, 19, 14, ?",19,19,1,4.091282367706299,2.6188030713700616,0.9928728778629512
2026-02-01T21:24:20.512844,LIMOUS,eb87659f-ba6a-4ce3-a213-f4b5d49d6cce,1,pattern,PAT-MP-1-7-2,integer,1,4,3,1,4,0,0,4,0,0,4,"5, 10, 20, 40, 80, 160, 320, ?",640,640,1,2.854220151901245,5.237089342489724,0.8616410357263941
2026-02-01T21:24:22.119634,LIMOUS,eb87659f-ba6a-4ce3-a213-f4b5d49d6cce,2,numerical,NUM-DIV-0,integer,0,3,3,0,3,3,0,4,3,0,4,What is 150 divided by 50?,3,3,1,1.598313331604004,3.0362749161574643,0.6629357729710658
2026-02-01T21:24:25.391572,LIMOUS,eb87659f-ba6a-4ce3-a213-f4b5d49d6cce,3,logical,LOG-COMP-0-4,yesno,0,4,4,0,4,3,4,4,3,4,4,"D is taller than C.
 A is taller than B.
 C is taller than B.
 Is D taller than B?",yes,yes,1,3.263188362121582,5.786321394199617,0.13595381806654835
2026-02-01T21:24:30.111519,LIMOUS,eb87659f-ba6a-4ce3-a213-f4b5d49d6cce,4,pattern,PAT-MIXED-4-2-6-3,integer,4,2,-2,4,2,3,4,2,3,4,2,"3, 6, 12, 15, 30, ?",33,60,0,4.710442066192627,10.271467949586084,0.8393045460461335
2026-02-01T21:24:31.969795,LIMOUS,eb87659f-ba6a-4ce3-a213-f4b5d49d6cce,5,pattern,PAT-CP-2-2-5,integer,2,5,3,2,5,3,4,5,3,4,5,"1, 6, 1, 6, 1, ?",6,6,1,1.850799560546875,2.732844293557612,0.9924330291132349
2026-02-01T21:24:35.338699,LIMOUS,eb87659f-ba6a-4ce3-a213-f4b5d49d6cce,6,pattern,PAT-AP-5-5-7,integer,5,7,2,5,7,3,4,7,3,4,7,"42, 49, 56, 63, 70, ?",77,77,1,3.3599143028259277,4.043807253501547,0.9929647714579191
2026-02-01T21:24:37.618019,LIMOUS,eb87659f-ba6a-4ce3-a213-f4b5d49d6cce,7,logical,LOG-COMP-4-4,yesno,4,8,4,4,8,3,8,7,3,8,7,"D is larger than B.
 A is larger than D.
 A is larger than C.
 Is C larger than D?",no,no,1,2.2664949893951416,6.220782650115251,0.12239234529026151
2026-02-01T21:24:40.008151,LIMOUS,eb87659f-ba6a-4ce3-a213-f4b5d49d6cce,8,pattern,PAT-MP-7-6-2,integer,7,10,3,7,10,3,8,10,3,8,10,"10, 20, 40, 80, 160, 320, ?",640,640,1,2.3821048736572266,5.84552465085631,0.8386208317139179
2026-02-01T21:24:42.593035,LIMOUS,eb87659f-ba6a-4ce3-a213-f4b5d49d6cce,9,numerical,NUM-NEARBOUNDARY-3,integer,3,5,2,3,5,5,8,10,5,8,10,What is 49 + 5?,54,54,1,2.5755856037139893,3.383212143027035,0.963527671111298
2026-02-01T21:24:46.711319,LIMOUS,eb87659f-ba6a-4ce3-a213-f4b5d49d6cce,10,numerical,NUM-NEARBOUNDARY-5,integer,5,7,2,5,7,7,8,10,7,8,10,What is 48 + 5?,53,53,1,4.1104772090911865,3.5213425856180622,0.9613472932976579
2026-02-01T21:24:49.743296,LIMOUS,eb87659f-ba6a-4ce3-a213-f4b5d49d6cce,11,numerical,NUM-RATIO-MUL-7,integer,7,9,2,7,9,9,8,10,9,8,10,"10 -> 50, 6 -> ?",30,30,1,3.022984504699707,3.2568149620989146,0.7538509327314666
2026-02-01T21:24:52.887770,LIMOUS,eb87659f-ba6a-4ce3-a213-f4b5d49d6cce,12,numerical,NUM-RATIO-MUL-9,integer,9,11,2,9,11,11,8,10,11,8,10,"7 -> 35, 9 -> ?",45,45,1,3.136554718017578,3.3909621846279983,0.7424858055309453
2026-02-01T21:24:55.871856,LIMOUS,eb87659f-ba6a-4ce3-a213-f4b5d49d6cce,13,numerical,NUM-NEARBOUNDARY-11,integer,11,13,2,11,13,13,8,10,13,8,10,What is 95 + 13?,108,108,1,2.9757697582244873,3.962404805389534,0.9540312088005672
2026-02-01T21:24:58.016831,LIMOUS,eb87659f-ba6a-4ce3-a213-f4b5d49d6cce,14,pattern,PAT-MP-10-5-2,integer,10,13,3,10,13,13,8,13,13,8,13,"10, 20, 40, 80, 160, ?",320,320,1,2.1372532844543457,6.171650645425602,0.825995673014397
2026-02-01T21:25:02.432493,LIMOUS,eb87659f-ba6a-4ce3-a213-f4b5d49d6cce,15,numerical,NUM-NEARBOUNDARY-13,integer,13,15,2,13,15,15,8,13,15,8,13,What is 199 + 8?,207,207,1,4.408008098602295,4.118787647405234,0.9513118036239168
2026-02-01T21:25:08.600676,LIMOUS,eb87659f-ba6a-4ce3-a213-f4b5d49d6cce,16,numerical,NUM-RATIO-DIV-15,integer,15,16,1,15,16,16,8,13,16,8,13,"60 -> 10, 96 -> ?",16,16,1,6.160396575927734,3.8193056448747464,0.7063959144643056
2026-02-01T21:25:11.256486,LIMOUS,eb87659f-ba6a-4ce3-a213-f4b5d49d6cce,17,numerical,NUM-SQUARE-16,integer,16,20,4,16,20,20,8,13,20,8,13,What is 21^2?,441,441,1,2.6480278968811035,4.446557018908224,0.29016112584889425
2026-02-01T21:25:13.928501,LIMOUS,eb87659f-ba6a-4ce3-a213-f4b5d49d6cce,18,pattern,PAT-CP-13-3-8,integer,13,15,2,13,15,20,8,15,20,8,15,"3, 20, 1, 3, 20, 1, 3, 20, ?",1,1,1,2.6641979217529297,3.4274326120267107,0.9894868579871221
2026-02-01T21:25:24.167604,LIMOUS,eb87659f-ba6a-4ce3-a213-f4b5d49d6cce,19,pattern,PAT-MIXED-15-2-8-8,integer,15,17,2,15,17,20,8,17,20,8,17,"12, 18, 22, 28, 32, 38, 42, ?",48,48,1,10.231191158294678,12.368804284587574,0.7893906528006414
2026-02-01T21:25:27.280519,LIMOUS,eb87659f-ba6a-4ce3-a213-f4b5d49d6cce,20,pattern,PAT-MP-17-4-2,integer,17,20,3,17,20,20,8,20,20,8,20,"11, 22, 44, 88, ?",176,176,1,3.10528302192688,6.994316925443686,0.7935338795358109
2026-02-01T21:25:35.567686,LIMOUS,eb87659f-ba6a-4ce3-a213-f4b5d49d6cce,21,numerical,NUM-RATIO-DIV-20,integer,20,21,1,20,21,21,8,20,21,8,20,"150 -> 25, 96 -> ?",16,16,1,8.279579162597656,4.208009669181773,0.6741735310188827
2026-02-01T21:25:39.145350,LIMOUS,eb87659f-ba6a-4ce3-a213-f4b5d49d6cce,22,logical,LOG-IMP-8-4-3,yesno,8,10,2,8,10,21,10,20,21,10,20,"B is True.
If B is True, then D is True.
If B is True, then A is True.
If B is True, then C is True.
Is A True?",yes,yes,1,3.5688815116882324,4.7259922687436315,0.40734645156261173
2026-02-01T21:25:51.350936,LIMOUS,eb87659f-ba6a-4ce3-a213-f4b5d49d6cce,23,pattern,PAT-MIXED-20-2-10-10,integer,20,22,2,20,22,21,10,22,21,10,22,"5, 15, 23, 33, 41, 51, 59, 69, 77, ?",87,87,1,12.197448253631592,13.447073315131131,0.76322368787309
2026-02-01T21:25:58.192532,LIMOUS,eb87659f-ba6a-4ce3-a213-f4b5d49d6cce,24,numerical,NUM-NEARBOUNDARY-21,integer,21,22,1,21,22,22,10,22,22,10,22,What is 508 - 13?,495,495,1,6.833357334136963,4.7951784194752936,0.938836548198465
2026-02-01T21:26:01.016766,LIMOUS,eb87659f-ba6a-4ce3-a213-f4b5d49d6cce,25,pattern,PAT-CP-22-5-12,integer,22,25,3,22,25,22,10,25,22,10,25,"16, 6, 15, 20, 2, 16, 6, 15, 20, 2, 16, 6, ?",15,15,1,2.8157942295074463,4.090836158672845,0.9862528672367077
2026-02-01T21:26:12.703547,LIMOUS,eb87659f-ba6a-4ce3-a213-f4b5d49d6cce,26,numerical,NUM-RATIO-DIV-22,integer,22,23,1,22,23,23,10,25,23,10,25,"119 -> 17, 154 -> ?",22,22,1,11.678455114364624,4.372132384931877,0.660784952876467
2026-02-01T21:26:18.230723,LIMOUS,eb87659f-ba6a-4ce3-a213-f4b5d49d6cce,27,logical,LOG-IMP-10-5-3,yesno,10,13,3,10,13,23,13,25,23,13,25,"D is True.
If E is True, then C is True.
If E is True, then D is True.
If C is True, then E is True.
Is E True?",no,no,1,5.5190112590789795,4.906438439393301,0.392867569840417
2026-02-01T21:26:29.504780,LIMOUS,eb87659f-ba6a-4ce3-a213-f4b5d49d6cce,28,numerical,NUM-RATIO-DIV-23,integer,23,24,1,23,24,24,13,25,24,13,25,"114 -> 19, 144 -> ?",24,24,1,11.266350507736206,4.456123206085907,0.6539912657103016
2026-02-01T21:26:34.886664,LIMOUS,eb87659f-ba6a-4ce3-a213-f4b5d49d6cce,29,logical,LOG-IMP-13-4-4,yesno,13,16,3,13,16,24,16,25,24,16,25,"D is True.
If D is True, then A is True.
If B is True, then C is True.
If A is True, then B is True.
If C is True, then A is True.
Is C True?",yes,yes,1,5.374135255813599,5.187825653471697,0.3715047116130891
2026-02-01T21:26:50.878611,LIMOUS,eb87659f-ba6a-4ce3-a213-f4b5d49d6cce,30,logical,LOG-COMP-16-7,yesno,16,18,2,16,18,24,18,25,24,18,25,"F is older than E.
 D is older than A.
 D is older than G.
 G is older than A.
 A is older than F.
 D is older than B.
 B is older than G.
 C is older than D.
 Is D older than E?",yes,yes,1,15.983955144882202,7.698288737594746,0.08851215953637802
2026-02-01T21:26:53.160843,LIMOUS,eb87659f-ba6a-4ce3-a213-f4b5d49d6cce,31,logical,LOG-CONSTRAINT-18-5-5,yesno,18,22,4,18,22,24,22,25,24,22,25,"C is left of A.
A is left of E.
A is left of B.
D is left of C.
A is left of D.
Is B left of C?",no,no,1,2.2734131813049316,5.505143052534547,0.36572541715359813
2026-02-01T21:26:55.110035,LIMOUS,eb87659f-ba6a-4ce3-a213-f4b5d49d6cce,32,numerical,NUM-DIV-24,integer,24,27,3,24,27,27,22,25,27,22,25,What is 750 divided by 150?,5,5,1,1.941657304763794,4.857062162918082,0.48811813429318657
2026-02-01T21:27:06.333841,LIMOUS,eb87659f-ba6a-4ce3-a213-f4b5d49d6cce,33,logical,LOG-BOOL-22-4-4,boolean,22,24,2,22,24,27,24,25,27,24,25,"A is True.
B is False.
C is True.
D is False.
What is: (NOT ((((B OR B) AND A) OR (NOT A)) OR (NOT A)))?",True,t,1,11.215890169143677,7.593280646502283,0.23178154393744171
2026-02-01T21:27:18.696647,LIMOUS,eb87659f-ba6a-4ce3-a213-f4b5d49d6cce,34,logical,LOG-COMP-24-8,yesno,24,27,3,24,27,27,27,25,27,27,25,"F is heavier than G.
 F is heavier than H.
 A is heavier than G.
 D is heavier than E.
 D is heavier than C.
 H is heavier than A.
 D is heavier than H.
 A is heavier than C.
 G is heavier than B.
 Is G heavier than C?",no,no,1,12.352302312850952,8.847670708517565,0.07087984221049656
2026-02-01T21:27:23.838215,LIMOUS,eb87659f-ba6a-4ce3-a213-f4b5d49d6cce,35,pattern,PAT-CP-25-6-20,integer,25,27,2,25,27,27,27,27,27,27,27,"3, 19, 6, 1, 9, 19, 3, 19, 6, 1, 9, 19, 3, 19, 6, 1, 9, 19, 3, 19, ?",6,6,1,5.133468866348267,4.333367460525482,0.9849703981474749
2026-02-01T21:27:47.189915,LIMOUS,eb87659f-ba6a-4ce3-a213-f4b5d49d6cce,36,pattern,PAT-MIXED-27-3-12-12,integer,27,29,2,27,29,27,27,29,27,27,29,"14, 26, 104, 108, 120, 480, 484, 496, 1984, 1988, 2000, ?",8000,8000,1,23.34389877319336,15.104309654283863,0.7229787928221372
2026-02-01T21:27:51.174113,LIMOUS,eb87659f-ba6a-4ce3-a213-f4b5d49d6cce,37,logical,LOG-COMP-27-10,yesno,27,31,4,27,31,27,31,29,27,31,29,"F is faster than D.
 I is faster than J.
 J is faster than D.
 A is faster than G.
 B is faster than D.
 I is faster than G.
 A is faster than E.
 G is faster than J.
 G is faster than F.
 C is faster than D.
 B is faster than C.
 G is faster than B.
 Is H faster than A?",no,no,1,3.975778818130493,9.316821221853962,0.06514690395545458
2026-02-01T21:27:59.695295,LIMOUS,eb87659f-ba6a-4ce3-a213-f4b5d49d6cce,38,logical,LOG-CONSTRAINT-31-9-8,yesno,31,34,3,31,34,27,34,29,27,34,29,"G is left of A.
E is left of I.
H is left of A.
C is left of D.
E is left of B.
H is left of E.
H is left of C.
I is left of A.
Is H left of B?",yes,yes,1,8.512436866760254,6.95873163824482,0.28034844764057865
2026-02-01T21:28:08.247757,LIMOUS,eb87659f-ba6a-4ce3-a213-f4b5d49d6cce,39,pattern,PAT-AP-29-13-35,integer,29,31,2,29,31,27,34,31,27,34,31,"-14, -44, -74, -104, -134, -164, -194, -224, -254, -284, -314, -344, -374, ?",-404,-404,1,8.544477701187134,6.31909823666312,0.9855971838552141
2026-02-01T21:28:19.325833,LIMOUS,eb87659f-ba6a-4ce3-a213-f4b5d49d6cce,40,pattern,PAT-AP-31-11-25,integer,31,32,1,31,32,27,34,32,27,34,32,"-27, -4, 19, 42, 65, 88, 111, 134, 157, 180, 203, ?",226,226,1,11.07007098197937,6.549748783752384,0.984715229675903
2026-02-01T21:28:33.790158,LIMOUS,eb87659f-ba6a-4ce3-a213-f4b5d49d6cce,41,numerical,NUM-SQUARE-27,integer,27,29,2,27,29,29,34,32,29,34,32,What is 33^2?,1089,1089,1,14.456708908081055,5.460024118979522,0.2268107392883926
2026-02-01T21:28:37.566498,LIMOUS,eb87659f-ba6a-4ce3-a213-f4b5d49d6cce,42,logical,LOG-IMP-34-9-7,yesno,34,38,4,34,38,29,38,32,29,38,32,"B is True.
If B is True, then G is True.
If I is True, then F is True.
If A is True, then H is True.
If D is True, then B is True.
If H is True, then D is True.
If H is True, then I is True.
If H is True, then F is True.
Is A True?",no,no,1,3.7686400413513184,7.570867401150487,0.23880988323428942
2026-02-01T21:29:00.886796,LIMOUS,eb87659f-ba6a-4ce3-a213-f4b5d49d6cce,43,logical,LOG-COMP-38-10,yesno,38,40,2,38,40,29,40,32,29,40,32,"H is taller than I.
 I is taller than J.
 C is taller than G.
 E is taller than A.
 H is taller than J.
 D is taller than E.
 C is taller than D.
 G is taller than J.
 G is taller than D.
 B is taller than H.
 B is taller than C.
 C is taller than I.
 Is G taller than I?",no,no,1,23.311735153198242,11.236521841781055,0.047627272758843556
2026-02-01T21:29:12.719126,LIMOUS,eb87659f-ba6a-4ce3-a213-f4b5d49d6cce,44,logical,LOG-IMP-40-7-8,yesno,40,43,3,40,43,29,43,32,29,43,32,"G is True.
F is True.
If B is True, then A is True.
If A is True, then F is True.
If C is True, then A is True.
If G is True, then A is True.
If B is True, then E is True.
If A is True, then C is True.
If E is True, then G is True.
If A is True, then B is True.
Is A True?",yes,yes,1,11.824325799942017,8.406965469309068,0.20747706519736764
2026-02-01T21:29:19.613423,LIMOUS,eb87659f-ba6a-4ce3-a213-f4b5d49d6cce,45,numerical,NUM-NEARBOUNDARY-29,integer,29,27,-2,29,27,27,43,32,27,43,32,What is 2016 - 28?,1988,1992,0,6.885844945907593,5.560946698106586,0.9234220985891779
2026-02-02T11:16:19.999724,LIMOUS,33fa0b6c-8031-42fc-87ce-f069452a366b,0,numerical,NUM-DIV-0,integer,0,3,3,0,3,3,0,0,3,0,0,What is 100 divided by 50?,2,2,1,1.5357294082641602,3.0362749161574643,0.6629357729710658
2026-02-02T11:16:21.721961,LIMOUS,33fa0b6c-8031-42fc-87ce-f069452a366b,1,pattern,PAT-CP-0-2-5,integer,0,3,3,0,3,3,0,3,3,0,3,"8, 12, 8, 12, 8, ?",12,12,1,1.7084901332855225,2.6188030713700616,0.9928728778629512
2026-02-02T11:16:24.103521,LIMOUS,33fa0b6c-8031-42fc-87ce-f069452a366b,2,pattern,PAT-AP-3-4-5,integer,3,6,3,3,6,3,0,6,3,0,6,"45, 50, 55, 60, ?",65,65,1,2.3698692321777344,3.8897151193451682,0.9933739177451308
2026-02-02T11:16:26.151773,LIMOUS,33fa0b6c-8031-42fc-87ce-f069452a366b,3,pattern,PAT-MP-6-7-2,integer,6,9,3,6,9,3,0,9,3,0,9,"4, 8, 16, 32, 64, 128, 256, ?",512,512,1,2.036752223968506,5.740145572170138,0.8426615538869203
2026-02-02T11:16:30.059618,LIMOUS,33fa0b6c-8031-42fc-87ce-f069452a366b,4,pattern,PAT-AP-9-5-7,integer,9,11,2,9,11,3,0,11,3,0,11,"1, -6, -13, -20, -27, ?",-34,-34,1,3.8966071605682373,4.366712507565352,0.9920697446172068
2026-02-02T11:16:32.422498,LIMOUS,33fa0b6c-8031-42fc-87ce-f069452a366b,5,pattern,PAT-CP-11-4-8,integer,11,14,3,11,14,3,0,14,3,0,14,"5, 1, 17, 2, 5, 1, 17, 2, ?",5,5,1,2.338454246520996,3.2921711903006674,0.9900962511797692
2026-02-02T11:16:35.160334,LIMOUS,33fa0b6c-8031-42fc-87ce-f069452a366b,6,logical,LOG-CONSTRAINT-0-3-2,yesno,0,3,3,0,3,3,3,14,3,3,14,"A is faster than B.
C is faster than B.
Is C faster than A?",no,no,1,2.724785327911377,3.920197439335964,0.4980891691949402
2026-02-02T11:16:37.265206,LIMOUS,33fa0b6c-8031-42fc-87ce-f069452a366b,7,logical,LOG-IMP-3-3-2,yesno,3,6,3,3,6,3,6,14,3,6,14,"B is True.
A is True.
If C is True, then A is True.
If C is True, then B is True.
Is C True?",no,no,1,2.092132091522217,4.298628193138669,0.44420215187470535
2026-02-02T11:16:40.637081,LIMOUS,33fa0b6c-8031-42fc-87ce-f069452a366b,8,pattern,PAT-CP-14-4-8,integer,14,16,2,14,16,3,6,16,3,6,16,"16, 3, 15, 8, 16, 3, 15, 8, ?",16,16,1,3.360436201095581,3.496653486354247,0.9891683933241708
2026-02-02T11:16:47.906732,LIMOUS,33fa0b6c-8031-42fc-87ce-f069452a366b,9,pattern,PAT-AP-16-7-15,integer,16,17,1,16,17,3,6,17,3,6,17,"22, 17, 12, 7, 2, -3, -8, ?",-13,-13,1,7.254415273666382,4.982332764715134,0.990223592716462
2026-02-02T11:16:51.379068,LIMOUS,33fa0b6c-8031-42fc-87ce-f069452a366b,10,logical,LOG-COMP-6-4,yesno,6,5,-1,6,5,3,5,17,3,5,17,"B is older than A.
 D is older than B.
 C is older than D.
 Is C older than A?",yes,no,0,3.4612479209899902,6.4483349270226675,0.11605852965607194
2026-02-02T11:16:57.814980,LIMOUS,33fa0b6c-8031-42fc-87ce-f069452a366b,11,pattern,PAT-MP-17-4-3,integer,17,19,2,17,19,3,5,19,3,5,19,"3, 9, 27, 81, ?",243,243,1,6.4241766929626465,6.994316925443686,0.7935338795358109
2026-02-02T11:17:00.619955,LIMOUS,33fa0b6c-8031-42fc-87ce-f069452a366b,12,pattern,PAT-CP-19-5-9,integer,19,22,3,19,22,3,5,22,3,5,22,"13, 9, 17, 12, 12, 13, 9, 17, 12, ?",12,12,1,2.792478561401367,3.8593338048185775,0.9874273006781017
2026-02-02T11:17:02.161193,LIMOUS,33fa0b6c-8031-42fc-87ce-f069452a366b,13,numerical,NUM-SQUARE-3,integer,3,7,4,3,7,7,5,22,7,5,22,What is 2^2?,4,4,1,1.5289700031280518,3.45179384884974,0.3769611116143544
2026-02-02T11:17:14.681557,LIMOUS,33fa0b6c-8031-42fc-87ce-f069452a366b,14,pattern,PAT-MIXED-22-4-8-10,integer,22,24,2,22,24,7,5,24,7,5,24,"13, 23, 46, 55, 58, 68, 136, ?",145,145,1,12.50744915008545,13.902351445882514,0.7521490354253765
2026-02-02T11:17:18.268629,LIMOUS,33fa0b6c-8031-42fc-87ce-f069452a366b,15,pattern,PAT-AP-24-7-15,integer,24,27,3,24,27,7,5,27,7,5,27,"49, 46, 43, 40, 37, 34, 31, ?",28,28,1,3.5749659538269043,5.772831405454184,0.9875885291605193
2026-02-02T11:17:23.467107,LIMOUS,33fa0b6c-8031-42fc-87ce-f069452a366b,16,pattern,PAT-MP-27-3-4,integer,27,30,3,27,30,7,5,30,7,5,30,"7, 28, 112, ?",448,448,1,5.1870012283325195,8.335895546945546,0.7397592838494302
2026-02-02T11:17:25.126957,LIMOUS,33fa0b6c-8031-42fc-87ce-f069452a366b,17,numerical,NUM-SQUARE-7,integer,7,11,4,7,11,11,5,30,11,5,30,What is 5^2?,25,25,1,1.6482055187225342,3.7367983209783207,0.34907133795397793
2026-02-02T11:17:27.984590,LIMOUS,33fa0b6c-8031-42fc-87ce-f069452a366b,18,logical,LOG-CONSTRAINT-5-4-3,yesno,5,8,3,5,8,11,8,30,11,8,30,"D is left of B.
D is left of A.
C is left of D.
Is D left of A?",yes,yes,1,2.845428228378296,4.317038952612659,0.46046659028450015
2026-02-02T11:17:31.873489,LIMOUS,33fa0b6c-8031-42fc-87ce-f069452a366b,19,logical,LOG-IMP-8-4-3,yesno,8,10,2,8,10,11,10,30,11,10,30,"B is True.
If C is True, then A is True.
If A is True, then B is True.
If D is True, then B is True.
Is A True?",no,no,1,3.877169609069824,4.7259922687436315,0.40734645156261173
2026-02-02T11:17:44.742443,LIMOUS,33fa0b6c-8031-42fc-87ce-f069452a366b,20,pattern,PAT-MIXED-30-3-10-12,integer,30,32,2,30,32,11,10,32,11,10,32,"3, 11, 20, 100, 108, 117, 585, 593, 602, ?",3010,3010,1,12.856480598449707,15.871531199852065,0.7044945254923013
2026-02-02T11:17:47.344310,LIMOUS,33fa0b6c-8031-42fc-87ce-f069452a366b,21,logical,LOG-IMP-10-5-3,yesno,10,14,4,10,14,11,14,32,11,14,32,"B is True.
A is True.
If E is True, then C is True.
If A is True, then D is True.
If C is True, then D is True.
Is E True?",no,no,1,2.5896761417388916,4.906438439393301,0.392867569840417
2026-02-02T11:17:51.829320,LIMOUS,33fa0b6c-8031-42fc-87ce-f069452a366b,22,numerical,NUM-RATIO-MUL-11,integer,11,13,2,11,13,13,14,32,13,14,32,"13 -> 78, 6 -> ?",36,36,1,4.473102331161499,3.529336858308352,0.7307833296272626
2026-02-02T11:17:56.499040,LIMOUS,33fa0b6c-8031-42fc-87ce-f069452a366b,23,logical,LOG-BOOL-14-3-2,boolean,14,17,3,14,17,13,17,32,13,17,32,"A is False.
B is True.
C is False.
What is: (NOT ((A AND B) OR (NOT A)))?",False,f,1,4.657678604125977,6.5903062235631795,0.27748623212164
2026-02-02T11:17:58.782248,LIMOUS,33fa0b6c-8031-42fc-87ce-f069452a366b,24,logical,LOG-IMP-17-5-5,yesno,17,21,4,17,21,13,21,32,13,21,32,"D is True.
If A is True, then B is True.
If C is True, then A is True.
If E is True, then D is True.
If C is True, then B is True.
If B is True, then D is True.
Is C True?",no,no,1,2.270801305770874,5.583971127379268,0.3437958726279847
2026-02-02T11:18:05.179912,LIMOUS,33fa0b6c-8031-42fc-87ce-f069452a366b,25,logical,LOG-BOOL-21-4-3,boolean,21,24,3,21,24,13,24,32,13,24,32,"A is True.
B is False.
C is False.
D is False.
What is: (((B OR (NOT D)) AND (NOT D)) OR (NOT D))?",True,t,1,6.385714769363403,7.460996848896373,0.2371959438863234
2026-02-02T11:18:11.649244,LIMOUS,33fa0b6c-8031-42fc-87ce-f069452a366b,26,logical,LOG-BOOL-24-5-4,boolean,24,27,3,24,27,13,27,32,13,27,32,"A is False.
B is True.
C is False.
D is True.
E is True.
What is: ((((E AND (NOT B)) AND (NOT C)) AND C) AND A)?",False,f,1,6.45461893081665,7.86408516617368,0.22121373910394931
2026-02-02T11:18:26.799003,LIMOUS,33fa0b6c-8031-42fc-87ce-f069452a366b,27,pattern,PAT-MIXED-32-3-13-12,integer,32,34,2,32,34,13,27,34,13,27,34,"5, 11, 44, 52, 58, 232, 240, 246, 984, 992, 998, 3992, ?",4000,4000,1,15.136029243469238,16.40321253212144,0.6917822614863546
2026-02-02T11:18:35.017134,LIMOUS,33fa0b6c-8031-42fc-87ce-f069452a366b,28,logical,LOG-BOOL-27-6-3,boolean,27,30,3,27,30,13,30,34,13,30,34,"A is True.
B is False.
C is False.
D is False.
E is True.
F is False.
What is: (((A AND (NOT D)) AND (NOT A)) AND E)?",False,f,1,8.204683780670166,8.286376917092099,0.20601756919900657
2026-02-02T11:18:47.669836,LIMOUS,33fa0b6c-8031-42fc-87ce-f069452a366b,29,pattern,PAT-MIXED-34-3-10-12,integer,34,36,2,34,36,13,30,36,13,30,36,"7, 12, 18, 90, 95, 101, 505, 510, 516, ?",2580,2580,1,12.64074993133545,16.951649014574574,0.6787724857501588
2026-02-02T11:18:50.704992,LIMOUS,33fa0b6c-8031-42fc-87ce-f069452a366b,30,numerical,NUM-DIV-13,integer,13,15,2,13,15,15,30,36,15,30,36,What is 560 divided by 80?,7,7,1,3.0226356983184814,3.9381894627759646,0.5705927324911615
2026-02-02T11:18:55.403194,LIMOUS,33fa0b6c-8031-42fc-87ce-f069452a366b,31,numerical,NUM-NEARBOUNDARY-15,integer,15,17,2,15,17,17,30,36,17,30,36,What is 191 - 26?,165,165,1,4.686876058578491,4.280098663206828,0.9484402191285412
2026-02-02T11:19:02.517269,LIMOUS,33fa0b6c-8031-42fc-87ce-f069452a366b,32,pattern,PAT-MP-36-4-5,integer,36,38,2,36,38,17,30,38,17,30,38,"6, 30, 150, 750, ?",3750,3750,1,7.1024885177612305,9.734779902663924,0.6842213367863765
2026-02-02T11:19:06.680324,LIMOUS,33fa0b6c-8031-42fc-87ce-f069452a366b,33,numerical,NUM-RATIO-MUL-17,integer,17,19,2,17,19,19,30,38,19,30,38,"14 -> 84, 11 -> ?",66,66,1,4.150860071182251,3.971178928664351,0.6937298862821726
2026-02-02T11:19:15.038694,LIMOUS,33fa0b6c-8031-42fc-87ce-f069452a366b,34,logical,LOG-BOOL-30-6-3,boolean,30,33,3,30,33,19,33,38,19,33,38,"A is True.
B is False.
C is True.
D is True.
E is False.
F is True.
What is: (NOT (((B AND (NOT E)) OR (NOT C)) AND C))?",True,t,1,8.346095323562622,8.728786967818182,0.19160845873467927
2026-02-02T11:19:29.043659,LIMOUS,33fa0b6c-8031-42fc-87ce-f069452a366b,35,numerical,NUM-NEARBOUNDARY-19,integer,19,20,1,19,20,20,33,38,20,33,38,What is 519 - 32?,487,487,1,13.993809938430786,4.618131326755009,0.9422104119299969
2026-02-02T11:19:36.530798,LIMOUS,33fa0b6c-8031-42fc-87ce-f069452a366b,36,pattern,PAT-MP-38-3-3,integer,38,40,2,38,40,20,33,40,20,33,40,"5, 15, 45, ?",135,135,1,7.470834255218506,10.073070601513885,0.6710441760271455
2026-02-02T11:19:39.575136,LIMOUS,33fa0b6c-8031-42fc-87ce-f069452a366b,37,logical,LOG-CONSTRAINT-33-7-6,yesno,33,37,4,33,37,20,37,40,20,37,40,"F is left of E.
A is left of G.
E is left of D.
D is left of F.
E is left of G.
F is left of A.
Is B left of G?",no,no,1,3.0311641693115234,7.209539285189958,0.268339768046558
2026-02-02T11:19:51.878017,LIMOUS,33fa0b6c-8031-42fc-87ce-f069452a366b,38,numerical,NUM-RATIO-DIV-20,integer,20,21,1,20,21,21,37,40,21,37,40,"75 -> 15, 105 -> ?",21,21,1,12.291154146194458,4.208009669181773,0.6741735310188827
2026-02-02T11:20:00.406262,LIMOUS,33fa0b6c-8031-42fc-87ce-f069452a366b,39,numerical,NUM-DIV-21,integer,21,22,1,21,22,22,37,40,22,37,40,What is 960 divided by 120?,8,8,1,8.516623735427856,4.5907161963372625,0.5107374029901294
2026-02-02T11:20:20.164741,LIMOUS,33fa0b6c-8031-42fc-87ce-f069452a366b,40,numerical,NUM-SQUARE-22,integer,22,24,2,22,24,24,37,40,24,37,40,What is 32^2?,1024,1024,1,19.742868900299072,4.97787498108011,0.2543420651797583
2026-02-02T11:20:24.863871,LIMOUS,33fa0b6c-8031-42fc-87ce-f069452a366b,41,numerical,NUM-NEARBOUNDARY-24,integer,24,26,2,24,26,26,37,40,26,37,40,What is 484 + 16?,500,500,1,4.687529563903809,5.0712651216861255,0.9334291921481959
2026-02-02T11:20:40.811869,LIMOUS,33fa0b6c-8031-42fc-87ce-f069452a366b,42,logical,LOG-IMP-37-8-6,yesno,37,39,2,37,39,26,39,40,26,39,40,"A is True.
If D is True, then C is True.
If C is True, then E is True.
If D is True, then F is True.
If F is True, then C is True.
If G is True, then B is True.
If F is True, then A is True.
Is E True?",no,no,1,15.935994863510132,7.979190035000338,0.2227506873866864
2026-02-02T11:20:43.141666,LIMOUS,33fa0b6c-8031-42fc-87ce-f069452a366b,43,numerical,NUM-DIV-26,integer,26,29,3,26,29,29,39,40,29,39,40,What is 2640 divided by 240?,11,11,1,2.3179006576538086,5.041638807271032,0.47305990737124387
2026-02-02T11:20:50.073724,LIMOUS,33fa0b6c-8031-42fc-87ce-f069452a366b,44,numerical,NUM-RATIO-DIV-29,integer,29,30,1,29,30,30,39,40,30,39,40,"98 -> 14, 133 -> ?",19,19,1,6.91968035697937,4.988374360925997,0.611980475720897
2026-02-02T11:20:51.802252,LIMOUS,33fa0b6c-8031-42fc-87ce-f069452a366b,45,numerical,NUM-DIV-30,integer,30,33,3,30,33,33,39,40,33,39,40,What is 3600 divided by 360?,10,10,1,1.7147514820098877,5.428425378599516,0.44311691393239444
2026-02-02T11:20:54.589877,LIMOUS,33fa0b6c-8031-42fc-87ce-f069452a366b,46,numerical,NUM-DIV-33,integer,33,32,-1,33,32,32,39,40,32,39,40,What is 3360 divided by 240?,14,15,0,2.774805784225464,5.73468044698905,0.42091598981626743
2026-02-02T11:21:18.887124,LIMOUS,33fa0b6c-8031-42fc-87ce-f069452a366b,47,pattern,PAT-MP-40-4-3,integer,40,41,1,40,41,32,39,41,32,39,41,"14, 42, 126, 378, ?",1134,1134,1,24.285224437713623,10.422022030995123,0.657592318403552
2026-02-02T14:08:21.480381,LIMOUS,a9a1be3d-850d-4a69-b482-6b55241ed755,0,numerical,NUM-RATIO-MUL-0,integer,0,0,-3,0,0,0,0,0,0,0,0,"5 -> 15, 3 -> ?",9,15,0,13.836071252822876,2.818761509595732,0.7909079156532041
2026-02-02T14:09:21.638553,LIMOUS,a9a1be3d-850d-4a69-b482-6b55241ed755,1,pattern,PAT-MIXED-0-2-6-3,integer,0,1,1,0,1,0,0,1,0,0,1,"20, 40, 43, 86, 89, ?",178,178,1,60.14587450027466,9.593284384358316,0.8549196154112484
2026-02-02T14:09:48.550646,LIMOUS,a9a1be3d-850d-4a69-b482-6b55241ed755,2,logical,LOG-IMP-0-3-2,yesno,0,1,1,0,1,0,1,1,0,1,1,"B is True.
C is True.
If A is True, then B is True.
If B is True, then A is True.
Is A True?",yes,yes,1,26.90186882019043,4.057676636129622,0.46664156164781895
2026-02-02T14:10:04.350529,LIMOUS,a9a1be3d-850d-4a69-b482-6b55241ed755,3,logical,LOG-COMP-1-4,yesno,1,0,-2,1,0,0,0,1,0,0,1,"D is larger than B.
 A is larger than D.
 D is larger than C.
 Is C larger than B?",no,Yes,0,15.787223100662231,5.892422410643802,0.13244916786698094
2026-02-02T14:10:19.356524,LIMOUS,a9a1be3d-850d-4a69-b482-6b55241ed755,4,pattern,PAT-CP-1-2-4,integer,1,2,1,1,2,0,0,2,0,0,2,"3, 5, 3, 5, ?",3,3,1,14.993374347686768,2.6753813944232365,0.9926562214452785
2026-02-02T14:10:24.897900,LIMOUS,a9a1be3d-850d-4a69-b482-6b55241ed755,5,pattern,PAT-MP-2-8-2,integer,2,4,2,2,4,0,0,4,0,0,4,"10, 20, 40, 80, 160, 320, 640, 1280, ?",2560,2560,1,5.529861927032471,5.33460336819693,0.858005604653998
2026-02-02T14:10:26.587584,LIMOUS,a9a1be3d-850d-4a69-b482-6b55241ed755,6,logical,LOG-COMP-0-4,yesno,0,4,4,0,4,0,4,4,0,4,4,"C is larger than B.
 D is larger than A.
 D is larger than C.
 Is B larger than A?",no,no,1,1.679102897644043,5.786321394199617,0.13595381806654835
2026-02-02T14:10:28.202943,LIMOUS,a9a1be3d-850d-4a69-b482-6b55241ed755,7,numerical,NUM-SQUARE-0,integer,0,4,4,0,4,4,4,4,4,4,4,What is 7^2?,49,49,1,1.5767436027526855,3.249351514671119,0.39843882054364715
2026-02-02T14:10:34.709294,LIMOUS,a9a1be3d-850d-4a69-b482-6b55241ed755,8,logical,LOG-CONSTRAINT-4-3-2,yesno,4,5,1,4,5,4,5,4,4,5,4,"C is left of B.
A is left of C.
Is C left of A?",no,no,1,6.496338129043579,4.235189175606199,0.46796887689256356
2026-02-02T14:10:36.509833,LIMOUS,a9a1be3d-850d-4a69-b482-6b55241ed755,9,numerical,NUM-NEARBOUNDARY-4,integer,4,7,3,4,7,7,5,4,7,5,4,What is 49 + 5?,54,54,1,1.7907590866088867,3.451741650642627,0.9624526886632088
2026-02-02T14:10:43.986339,LIMOUS,a9a1be3d-850d-4a69-b482-6b55241ed755,10,logical,LOG-IMP-5-4-3,yesno,5,6,1,5,6,7,6,4,7,6,4,"B is True.
C is True.
If C is True, then B is True.
If A is True, then D is True.
If D is True, then A is True.
Is D True?",no,no,1,7.463418245315552,4.465606617536374,0.4293623279227691
2026-02-02T14:10:45.828656,LIMOUS,a9a1be3d-850d-4a69-b482-6b55241ed755,11,pattern,PAT-CP-4-2-5,integer,4,7,3,4,7,7,6,7,7,6,7,"7, 5, 7, 5, 7, ?",5,5,1,1.832141637802124,2.850479356056873,0.9919662548390171
2026-02-02T14:10:47.402444,LIMOUS,a9a1be3d-850d-4a69-b482-6b55241ed755,12,numerical,NUM-SQUARE-7,integer,7,11,4,7,11,11,6,7,11,6,7,What is 8^2?,64,64,1,1.5644736289978027,3.7367983209783207,0.34907133795397793
2026-02-02T14:10:49.059387,LIMOUS,a9a1be3d-850d-4a69-b482-6b55241ed755,13,numerical,NUM-NEARBOUNDARY-11,integer,11,14,3,11,14,14,6,7,14,6,7,What is 107 - 8?,99,99,1,1.6467294692993164,3.962404805389534,0.9540312088005672
2026-02-02T14:10:50.712520,LIMOUS,a9a1be3d-850d-4a69-b482-6b55241ed755,14,logical,LOG-CONSTRAINT-6-4-3,yesno,6,9,3,6,9,14,9,7,14,9,7,"D is above B.
B is above A.
D is above A.
Is C above D?",no,no,1,1.642352819442749,4.400168413269756,0.4529821738756915
2026-02-02T14:10:55.852614,LIMOUS,a9a1be3d-850d-4a69-b482-6b55241ed755,15,numerical,NUM-NEARBOUNDARY-14,integer,14,16,2,14,16,16,9,7,16,9,7,What is 199 + 15?,214,214,1,5.130756378173828,4.198817540008882,0.9498954946650477
2026-02-02T14:10:58.895741,LIMOUS,a9a1be3d-850d-4a69-b482-6b55241ed755,16,logical,LOG-IMP-9-4-3,yesno,9,12,3,9,12,16,12,7,16,12,7,"B is True.
C is True.
If B is True, then C is True.
If A is True, then C is True.
If C is True, then A is True.
Is A True?",yes,yes,1,3.031946897506714,4.815515526569957,0.40008519375858514
2026-02-02T14:11:05.681422,LIMOUS,a9a1be3d-850d-4a69-b482-6b55241ed755,17,logical,LOG-IMP-12-5-3,yesno,12,15,3,12,15,16,15,7,16,15,7,"A is True.
D is True.
If A is True, then E is True.
If B is True, then C is True.
If E is True, then D is True.
Is C True?",no,no,1,6.7764482498168945,5.092571104011863,0.37857458803756733
2026-02-02T14:11:15.092210,LIMOUS,a9a1be3d-850d-4a69-b482-6b55241ed755,18,numerical,NUM-RATIO-MUL-16,integer,16,17,1,16,17,17,15,7,17,15,7,"16 -> 64, 18 -> ?",72,72,1,9.400868654251099,3.894653273991376,0.7001011228654088
2026-02-02T14:11:27.882746,LIMOUS,a9a1be3d-850d-4a69-b482-6b55241ed755,19,pattern,PAT-MIXED-7-2-7-5,integer,7,9,2,7,9,17,15,9,17,15,9,"3, 6, 24, 27, 108, 111, ?",444,444,1,12.776612043380737,10.808449245074495,0.8267218242590016
2026-02-02T14:11:35.752365,LIMOUS,a9a1be3d-850d-4a69-b482-6b55241ed755,20,logical,LOG-BOOL-15-4-3,boolean,15,18,3,15,18,17,18,9,17,18,9,"A is True.
B is False.
C is True.
D is False.
What is: (NOT (((C OR B) AND (NOT C)) AND D))?",True,t,1,7.858949422836304,6.708977173355068,0.271479454111027
2026-02-02T14:11:38.026703,LIMOUS,a9a1be3d-850d-4a69-b482-6b55241ed755,21,numerical,NUM-SQUARE-17,integer,17,21,4,17,21,21,18,9,21,18,9,What is 16^2?,256,256,1,2.264350652694702,4.53171143501373,0.2839878173941122
2026-02-02T14:11:42.916490,LIMOUS,a9a1be3d-850d-4a69-b482-6b55241ed755,22,numerical,NUM-NEARBOUNDARY-21,integer,21,23,2,21,23,23,18,9,23,18,9,What is 482 - 30?,452,452,1,4.879391193389893,4.7951784194752936,0.938836548198465
2026-02-02T14:11:45.208216,LIMOUS,a9a1be3d-850d-4a69-b482-6b55241ed755,23,numerical,NUM-NEARBOUNDARY-23,integer,23,26,3,23,26,26,18,9,26,18,9,What is 1005 + 2?,1007,1007,1,2.281806230545044,4.977804889254891,0.9352792421267129
2026-02-02T14:11:51.312621,LIMOUS,a9a1be3d-850d-4a69-b482-6b55241ed755,24,pattern,PAT-AP-9-5-7,integer,9,10,1,9,10,26,18,10,26,18,10,"26, 20, 14, 8, 2, ?",-4,-4,1,6.095177412033081,4.366712507565352,0.9920697446172068
2026-02-02T14:11:53.366932,LIMOUS,a9a1be3d-850d-4a69-b482-6b55241ed755,25,logical,LOG-IMP-18-6-4,yesno,18,22,4,18,22,26,22,10,26,22,10,"D is True.
C is True.
If E is True, then B is True.
If A is True, then D is True.
If E is True, then F is True.
If B is True, then E is True.
Is A True?",no,no,1,2.0444259643554688,5.686908490388803,0.33702324341954093
2026-02-02T14:11:56.213541,LIMOUS,a9a1be3d-850d-4a69-b482-6b55241ed755,26,pattern,PAT-CP-10-4-9,integer,10,12,2,10,12,26,22,12,26,22,12,"19, 6, 16, 11, 19, 6, 16, 11, 19, ?",6,6,1,2.8369922637939453,3.226098088724642,0.9903877005985435
2026-02-02T14:11:58.781423,LIMOUS,a9a1be3d-850d-4a69-b482-6b55241ed755,27,pattern,PAT-CP-12-4-8,integer,12,14,2,12,14,26,22,14,26,22,14,"4, 14, 8, 3, 4, 14, 8, 3, ?",4,4,1,2.558650255203247,3.3592773144569144,0.989796055924369
2026-02-02T14:12:01.198842,LIMOUS,a9a1be3d-850d-4a69-b482-6b55241ed755,28,logical,LOG-IMP-22-7-6,yesno,22,26,4,22,26,26,26,14,26,26,14,"F is True.
C is True.
If B is True, then D is True.
If B is True, then C is True.
If B is True, then A is True.
If B is True, then E is True.
If F is True, then A is True.
If D is True, then E is True.
Is B True?",no,no,1,2.4069936275482178,6.115005318135623,0.3106151761466808
2026-02-02T14:12:03.558166,LIMOUS,a9a1be3d-850d-4a69-b482-6b55241ed755,29,pattern,PAT-CP-14-3-9,integer,14,17,3,14,17,26,26,17,26,26,17,"15, 3, 11, 15, 3, 11, 15, 3, 11, ?",15,15,1,2.347249746322632,3.496653486354247,0.9891683933241708
2026-02-02T14:12:14.636954,LIMOUS,a9a1be3d-850d-4a69-b482-6b55241ed755,30,numerical,NUM-RATIO-DIV-26,integer,26,27,1,26,27,27,26,17,27,26,17,"168 -> 21, 184 -> ?",23,23,1,11.068882465362549,4.716057060367593,0.6332389630983639
2026-02-02T14:12:22.273293,LIMOUS,a9a1be3d-850d-4a69-b482-6b55241ed755,31,logical,LOG-CONSTRAINT-26-8-8,yesno,26,29,3,26,29,27,29,17,27,29,17,"E is above G.
E is above F.
F is above D.
B is above A.
A is above G.
G is above B.
F is above B.
H is above G.
Is H above D?",no,no,1,7.625194549560547,6.364725249494882,0.31175810028873263
2026-02-02T14:12:29.197077,LIMOUS,a9a1be3d-850d-4a69-b482-6b55241ed755,32,numerical,NUM-RATIO-DIV-27,integer,27,28,1,27,28,28,29,17,28,29,17,"68 -> 17, 100 -> ?",25,25,1,6.909488677978516,4.805424985776537,0.6262056706538983
2026-02-02T14:12:33.979084,LIMOUS,a9a1be3d-850d-4a69-b482-6b55241ed755,33,logical,LOG-CONSTRAINT-29-8-7,yesno,29,32,3,29,32,28,32,17,28,32,17,"E is left of G.
G is left of D.
B is left of C.
F is left of G.
G is left of A.
D is left of E.
F is left of B.
Is B left of H?",no,no,1,4.771081447601318,6.715586354994029,0.2926795616732418
2026-02-02T14:12:38.968315,LIMOUS,a9a1be3d-850d-4a69-b482-6b55241ed755,34,pattern,PAT-AP-17-6-15,integer,17,19,2,17,19,28,32,19,28,32,19,"10, -1, -12, -23, -34, -45, ?",-56,-56,1,4.978225469589233,5.075863788398472,0.9899272180767368
2026-02-02T14:12:43.778520,LIMOUS,a9a1be3d-850d-4a69-b482-6b55241ed755,35,logical,LOG-CONSTRAINT-32-9-7,yesno,32,36,4,32,36,28,36,19,28,36,19,"G is above C.
F is above G.
E is above B.
G is above B.
B is above I.
D is above A.
H is above G.
Is H above B?",yes,yes,1,4.797886610031128,7.083162750090779,0.27430323361030706
2026-02-02T14:12:47.123955,LIMOUS,a9a1be3d-850d-4a69-b482-6b55241ed755,36,pattern,PAT-AP-19-6-15,integer,19,22,3,19,22,28,36,22,28,36,22,"31, 34, 37, 40, 43, 46, ?",49,49,1,3.3349404335021973,5.267335642104983,0.989307536335606
2026-02-02T14:13:14.006653,LIMOUS,a9a1be3d-850d-4a69-b482-6b55241ed755,37,numerical,NUM-SQUARE-28,integer,28,26,-2,28,26,26,36,22,26,36,22,What is 26^2?,676,774,0,26.872093677520752,5.561023627470752,0.22156454268633752
2026-02-02T14:13:48.870905,LIMOUS,8ac48553-fc91-4c59-81e2-ec20def69ef2,0,numerical,NUM-NEARBOUNDARY-0,integer,0,1,1,0,1,1,0,0,1,0,0,What is 9 + 4?,13,13,1,7.802807092666626,3.1838885158416135,0.9665777525962927
2026-02-02T14:14:13.249019,LIMOUS,8ac48553-fc91-4c59-81e2-ec20def69ef2,1,pattern,PAT-MIXED-0-2-5-3,integer,0,1,1,0,1,1,0,1,1,0,1,"4, 12, 24, 72, ?",144,144,1,24.368295431137085,9.593284384358316,0.8549196154112484
2026-02-02T14:14:21.569610,LIMOUS,8ac48553-fc91-4c59-81e2-ec20def69ef2,2,numerical,NUM-NEARBOUNDARY-1,integer,1,2,1,1,2,2,0,1,2,0,1,What is 9 + 4?,13,13,1,8.308927774429321,3.249301690142401,0.9655894574718424
2026-02-02T14:14:30.987940,LIMOUS,8ac48553-fc91-4c59-81e2-ec20def69ef2,3,numerical,NUM-DIV-2,integer,2,3,1,2,3,3,0,1,3,0,1,What is 450 divided by 50?,9,9,1,9.40682578086853,3.163472145585393,0.6493256155139566
2026-02-02T14:14:54.273227,LIMOUS,8ac48553-fc91-4c59-81e2-ec20def69ef2,4,pattern,PAT-MP-1-7-2,integer,1,2,1,1,2,3,0,2,3,0,2,"2, 4, 8, 16, 32, 64, 128, ?",256,256,1,23.2749285697937,5.237089342489724,0.8616410357263941
2026-02-02T14:15:03.100087,LIMOUS,8ac48553-fc91-4c59-81e2-ec20def69ef2,5,numerical,NUM-NEARBOUNDARY-3,integer,3,0,-3,3,0,0,0,2,0,0,2,What is 9 + 3?,12,13,0,8.817307233810425,3.383212143027035,0.963527671111298
2026-02-02T14:15:35.026514,LIMOUS,8ac48553-fc91-4c59-81e2-ec20def69ef2,6,pattern,PAT-MIXED-2-2-6-3,integer,2,3,1,2,3,0,0,3,0,0,3,"18, 36, 39, 78, 81, ?",162,162,1,31.917004823684692,9.927116061392663,0.8472756035796306
2026-02-02T14:15:45.029649,LIMOUS,8ac48553-fc91-4c59-81e2-ec20def69ef2,7,pattern,PAT-AP-3-4-5,integer,3,4,1,3,4,0,0,4,0,0,4,"46, 44, 42, 40, ?",38,38,1,9.993347883224487,3.8897151193451682,0.9933739177451308
2026-02-02T14:16:04.199537,LIMOUS,8ac48553-fc91-4c59-81e2-ec20def69ef2,8,pattern,PAT-MIXED-4-2-5-3,integer,4,5,1,4,5,0,0,5,0,0,5,"20, 40, 120, 240, ?",720,720,1,19.160357236862183,10.271467949586084,0.8393045460461335
2026-02-02T14:16:28.385673,LIMOUS,8ac48553-fc91-4c59-81e2-ec20def69ef2,9,logical,LOG-COMP-0-4,yesno,0,0,-2,0,0,0,0,5,0,0,5,"D is heavier than C.
 D is heavier than A.
 C is heavier than A.
 Is B heavier than C?",no,Yes,0,24.176573514938354,5.786321394199617,0.13595381806654835
2026-02-02T21:24:18.220339,LIMOUS,187bd426-7c30-4543-b1ac-90b48fd6c599,0,numerical,NUM-NEARBOUNDARY-0,integer,0,3,3,0,3,3,0,0,3,0,0,What is 9 + 5?,14,14,1,1.6886703968048096,3.1838885158416135,0.9665777525962927
2026-02-02T21:24:20.628984,LIMOUS,187bd426-7c30-4543-b1ac-90b48fd6c599,1,pattern,PAT-CP-0-2-4,integer,0,2,2,0,2,3,0,2,3,0,2,"18, 17, 18, 17, ?",18,18,1,2.3977208137512207,2.6188030713700616,0.9928728778629512
2026-02-02T21:24:25.891078,LIMOUS,187bd426-7c30-4543-b1ac-90b48fd6c599,2,pattern,PAT-MIXED-2-2-5-3,integer,2,5,3,2,5,3,0,5,3,0,5,"20, 23, 46, 49, ?",98,98,1,5.252206802368164,9.927116061392663,0.8472756035796306
2026-02-02T21:24:28.538752,LIMOUS,187bd426-7c30-4543-b1ac-90b48fd6c599,3,numerical,NUM-RATIO-MUL-3,integer,3,5,2,3,5,5,0,5,5,0,5,"7 -> 14, 2 -> ?",4,4,1,2.6375784873962402,3.000690208834884,0.7755490735336167
2026-02-02T21:24:35.187571,LIMOUS,187bd426-7c30-4543-b1ac-90b48fd6c599,4,logical,LOG-COMP-0-4,yesno,0,3,3,0,3,5,3,5,5,3,5,"D is larger than C.
 A is larger than D.
 A is larger than C.
 Is A larger than B?",no,no,1,6.639143228530884,5.786321394199617,0.13595381806654835
2026-02-02T21:24:37.483277,LIMOUS,187bd426-7c30-4543-b1ac-90b48fd6c599,5,numerical,NUM-SQUARE-5,integer,5,9,4,5,9,9,3,5,9,3,5,What is 13^2?,169,169,1,2.2842862606048584,3.5920855423840985,0.3629009220033501
2026-02-02T21:24:40.331510,LIMOUS,187bd426-7c30-4543-b1ac-90b48fd6c599,6,numerical,NUM-DIV-9,integer,9,11,2,9,11,11,3,5,11,3,5,What is 1050 divided by 150?,7,7,1,2.8367831707000732,3.6410676548078555,0.5998707822835715
2026-02-02T21:24:45.332971,LIMOUS,187bd426-7c30-4543-b1ac-90b48fd6c599,7,pattern,PAT-AP-5-5-7,integer,5,7,2,5,7,11,3,7,11,3,7,"33, 40, 47, 54, 61, ?",68,68,1,4.985006093978882,4.043807253501547,0.9929647714579191
2026-02-02T21:24:47.476294,LIMOUS,187bd426-7c30-4543-b1ac-90b48fd6c599,8,numerical,NUM-DIV-11,integer,11,14,3,11,14,14,3,7,14,3,7,What is 1200 divided by 120?,10,10,1,2.133526563644409,3.7873240321710524,0.5853070734218847
2026-02-02T21:24:49.276070,LIMOUS,187bd426-7c30-4543-b1ac-90b48fd6c599,9,logical,LOG-BOOL-3-2-1,boolean,3,7,4,3,7,14,7,7,14,7,7,"A is True.
B is True.
What is: (B OR A)?",True,t,1,1.790360450744629,5.399517227211434,0.3486090619177167
2026-02-02T21:24:51.250781,LIMOUS,187bd426-7c30-4543-b1ac-90b48fd6c599,10,numerical,NUM-DIV-14,integer,14,17,3,14,17,17,7,7,17,7,7,What is 360 divided by 120?,3,3,1,1.9653217792510986,4.015395785754171,0.5631867899601409
2026-02-02T21:24:53.698909,LIMOUS,187bd426-7c30-4543-b1ac-90b48fd6c599,11,numerical,NUM-NEARBOUNDARY-17,integer,17,20,3,17,20,20,7,7,20,7,7,What is 184 + 11?,195,195,1,2.438336133956909,4.446493156896419,0.9454089901673307
2026-02-02T21:24:58.091050,LIMOUS,187bd426-7c30-4543-b1ac-90b48fd6c599,12,pattern,PAT-MP-7-6-2,integer,7,9,2,7,9,20,7,9,20,7,9,"4, 8, 16, 32, 64, 128, ?",256,256,1,4.380629539489746,5.84552465085631,0.8386208317139179
2026-02-02T21:25:04.652685,LIMOUS,187bd426-7c30-4543-b1ac-90b48fd6c599,13,pattern,PAT-MP-9-8-2,integer,9,11,2,9,11,20,7,11,20,7,11,"12, 24, 48, 96, 192, 384, 768, 1536, ?",3072,3072,1,6.551911354064941,6.061251227379608,0.8302885399770217
2026-02-02T21:25:07.556400,LIMOUS,187bd426-7c30-4543-b1ac-90b48fd6c599,14,logical,LOG-IMP-7-4-3,yesno,7,10,3,7,10,20,10,11,20,10,11,"A is True.
If C is True, then B is True.
If A is True, then B is True.
If D is True, then C is True.
Is D True?",no,no,1,2.8915719985961914,4.6378471198149995,0.4146484078580338
2026-02-02T21:25:12.146846,LIMOUS,187bd426-7c30-4543-b1ac-90b48fd6c599,15,pattern,PAT-AP-11-5-10,integer,11,13,2,11,13,20,10,13,20,10,13,"-19, -16, -13, -10, -7, ?",-4,-4,1,4.58082914352417,4.535836508352789,0.991580750975913
2026-02-02T21:25:14.578776,LIMOUS,187bd426-7c30-4543-b1ac-90b48fd6c599,16,pattern,PAT-CP-13-4-9,integer,13,16,3,13,16,20,10,16,20,10,16,"3, 9, 5, 7, 3, 9, 5, 7, 3, ?",9,9,1,2.421795129776001,3.4274326120267107,0.9894868579871221
2026-02-02T21:25:16.684167,LIMOUS,187bd426-7c30-4543-b1ac-90b48fd6c599,17,logical,LOG-CONSTRAINT-10-5-3,yesno,10,13,3,10,13,20,13,16,20,13,16,"E is faster than D.
B is faster than D.
B is faster than A.
Is A faster than E?",no,no,1,2.0954718589782715,4.745887959206737,0.42328916070277994
2026-02-02T21:25:25.524749,LIMOUS,187bd426-7c30-4543-b1ac-90b48fd6c599,18,pattern,PAT-MIXED-16-3-8-8,integer,16,18,2,16,18,20,13,18,20,13,18,"16, 23, 30, 90, 97, 104, 312, ?",319,319,1,8.830907583236694,12.577819396139828,0.7843319862135594
2026-02-02T21:25:28.147691,LIMOUS,187bd426-7c30-4543-b1ac-90b48fd6c599,19,pattern,PAT-CP-18-4-11,integer,18,21,3,18,21,20,13,21,20,13,21,"2, 3, 1, 12, 2, 3, 1, 12, 2, 3, 1, ?",12,12,1,2.6124398708343506,3.7845298788234683,0.9877963243902943
2026-02-02T21:25:50.739074,LIMOUS,187bd426-7c30-4543-b1ac-90b48fd6c599,20,pattern,PAT-MIXED-21-4-10-10,integer,21,22,1,21,22,20,13,22,20,13,22,"20, 80, 87, 90, 92, 368, 375, 378, 380, ?",1520,1520,1,22.581753492355347,13.672946667473276,0.7577294066881142
2026-02-02T21:25:54.490149,LIMOUS,187bd426-7c30-4543-b1ac-90b48fd6c599,21,logical,LOG-BOOL-13-3-2,boolean,13,17,4,13,17,20,17,22,20,17,22,"A is False.
B is False.
C is False.
What is: ((B OR C) AND A)?",False,f,1,3.737302541732788,6.473462078288654,0.28357418321763495
2026-02-02T21:26:02.443632,LIMOUS,187bd426-7c30-4543-b1ac-90b48fd6c599,22,pattern,PAT-AP-22-7-20,integer,22,23,1,22,23,20,17,23,20,17,23,"50, 38, 26, 14, 2, -10, -22, ?",-34,-34,1,7.943607330322266,5.565916273076108,0.9883066584233083
2026-02-02T21:26:06.572923,LIMOUS,187bd426-7c30-4543-b1ac-90b48fd6c599,23,logical,LOG-CONSTRAINT-17-5-5,yesno,17,20,3,17,20,20,20,23,20,20,23,"E is faster than B.
E is faster than C.
B is faster than A.
D is faster than E.
A is faster than C.
Is A faster than E?",no,no,1,4.115873575210571,5.405003762040268,0.37275054007685327
2026-02-02T21:26:19.402435,LIMOUS,187bd426-7c30-4543-b1ac-90b48fd6c599,24,numerical,NUM-SQUARE-20,integer,20,22,2,20,22,22,20,23,22,20,23,What is 41^2?,1681,1681,1,12.818169355392456,4.795246369942131,0.26595202164190956
2026-02-02T21:26:23.612063,LIMOUS,187bd426-7c30-4543-b1ac-90b48fd6c599,25,pattern,PAT-CP-23-6-12,integer,23,25,2,23,25,22,20,25,22,20,25,"7, 1, 1, 2, 11, 19, 7, 1, 1, 2, 11, 19, ?",7,7,1,4.198874473571777,4.170429042594857,0.9858378404777935
2026-02-02T21:26:29.314963,LIMOUS,187bd426-7c30-4543-b1ac-90b48fd6c599,26,logical,LOG-CONSTRAINT-20-7-5,yesno,20,23,3,20,23,22,23,25,22,23,25,"E is above C.
B is above A.
E is above A.
F is above D.
A is above F.
Is B above D?",yes,yes,1,5.693109035491943,5.71014300682469,0.3518476402392161
2026-02-02T21:26:31.403327,LIMOUS,187bd426-7c30-4543-b1ac-90b48fd6c599,27,numerical,NUM-DIV-22,integer,22,25,3,22,25,25,23,25,25,23,25,What is 2400 divided by 200?,12,12,1,2.076824188232422,4.678124474935642,0.5031979580472112
2026-02-02T21:26:37.003003,LIMOUS,187bd426-7c30-4543-b1ac-90b48fd6c599,28,logical,LOG-BOOL-23-4-3,boolean,23,26,3,23,26,25,26,25,25,26,25,"A is False.
B is True.
C is False.
D is True.
What is: (NOT (((A OR A) OR B) OR B))?",False,f,1,5.589950084686279,7.727632640494685,0.22645404577559095
2026-02-02T21:26:40.947077,LIMOUS,187bd426-7c30-4543-b1ac-90b48fd6c599,29,pattern,PAT-CP-25-7-14,integer,25,27,2,25,27,25,26,27,25,26,27,"8, 6, 17, 4, 15, 20, 3, 8, 6, 17, 4, 15, 20, 3, ?",8,8,1,3.9331464767456055,4.333367460525482,0.9849703981474749
2026-02-02T21:26:45.691779,LIMOUS,187bd426-7c30-4543-b1ac-90b48fd6c599,30,numerical,NUM-RATIO-MUL-25,integer,25,24,-1,25,24,24,26,27,24,26,27,"14 -> 98, 20 -> ?",140,120,0,4.734912157058716,4.6280648526901595,0.6402159518194775
2026-02-02T21:26:54.210620,LIMOUS,187bd426-7c30-4543-b1ac-90b48fd6c599,31,numerical,NUM-RATIO-DIV-24,integer,24,25,1,24,25,25,26,27,25,26,27,"119 -> 17, 91 -> ?",13,13,1,8.509469747543335,4.541427185131935,0.6471341751504712
2026-02-02T21:27:04.761795,LIMOUS,187bd426-7c30-4543-b1ac-90b48fd6c599,32,numerical,NUM-DIV-25,integer,25,26,1,25,26,26,26,27,26,26,27,What is 2520 divided by 420?,6,6,1,10.540292501449585,4.948634638308583,0.4805846117424384
2026-02-02T21:27:20.769856,LIMOUS,187bd426-7c30-4543-b1ac-90b48fd6c599,33,pattern,PAT-MIXED-27-3-13-12,integer,27,29,2,27,29,26,26,29,26,26,29,"15, 21, 32, 38, 44, 55, 61, 67, 78, 84, 90, 101, ?",107,107,1,15.996617794036865,15.104309654283863,0.7229787928221372
2026-02-02T21:27:39.322809,LIMOUS,187bd426-7c30-4543-b1ac-90b48fd6c599,34,numerical,NUM-SQUARE-26,integer,26,24,-2,26,24,24,26,29,24,26,29,What is 27^2?,729,789,0,18.543280839920044,5.360579383233321,0.2321441106131417
2026-02-02T21:27:44.834320,LIMOUS,187bd426-7c30-4543-b1ac-90b48fd6c599,35,numerical,NUM-DIV-24,integer,24,26,2,24,26,26,26,29,26,26,29,What is 1500 divided by 150?,10,10,1,5.501877546310425,4.857062162918082,0.48811813429318657
2026-02-02T21:28:08.411794,LIMOUS,187bd426-7c30-4543-b1ac-90b48fd6c599,36,pattern,PAT-MIXED-29-4-13-12,integer,29,31,2,29,31,26,26,31,26,26,31,"14, 19, 22, 27, 35, 40, 43, 48, 56, 61, 64, 69, ?",77,77,1,23.566438674926758,15.611813135197515,0.710735202350229
2026-02-02T21:28:24.289691,LIMOUS,187bd426-7c30-4543-b1ac-90b48fd6c599,37,logical,LOG-COMP-26-10,yesno,26,28,2,26,28,26,28,31,26,28,31,"E is faster than F.
 A is faster than E.
 I is faster than F.
 H is faster than I.
 D is faster than C.
 G is faster than J.
 I is faster than C.
 F is faster than B.
 C is faster than A.
 G is faster than D.
 J is faster than I.
 J is faster than E.
 Is C faster than B?",yes,yes,1,15.86698293685913,9.158005474226357,0.06700826262547573
2026-02-02T21:28:28.849236,LIMOUS,187bd426-7c30-4543-b1ac-90b48fd6c599,38,numerical,NUM-NEARBOUNDARY-26,integer,26,28,2,26,28,28,28,31,28,28,31,What is 1032 - 13?,1019,1019,1,4.549476385116577,5.262592055218214,0.929580979991183
2026-02-02T21:28:31.393858,LIMOUS,187bd426-7c30-4543-b1ac-90b48fd6c599,39,numerical,NUM-NEARBOUNDARY-28,integer,28,31,3,28,31,31,28,31,31,28,31,What is 1030 + 19?,1049,1049,1,2.53402042388916,5.459948373855563,0.9255280647615568
2026-02-02T21:28:35.739735,LIMOUS,187bd426-7c30-4543-b1ac-90b48fd6c599,40,logical,LOG-BOOL-28-6-3,boolean,28,32,4,28,32,31,32,31,31,32,31,"A is False.
B is True.
C is False.
D is True.
E is False.
F is False.
What is: (((B OR B) OR E) AND (NOT A))?",True,t,1,4.336241245269775,8.431565152772984,0.20112721604563885
2026-02-02T21:28:51.235748,LIMOUS,187bd426-7c30-4543-b1ac-90b48fd6c599,41,logical,LOG-IMP-32-9-8,yesno,32,30,-2,32,30,31,30,31,31,30,31,"I is True.
If E is True, then G is True.
If E is True, then D is True.
If F is True, then H is True.
If I is True, then H is True.
If A is True, then E is True.
If C is True, then G is True.
If G is True, then F is True.
If H is True, then G is True.
Is F True?",yes,no,0,15.48498272895813,7.309020906422177,0.249948501748452
2026-02-02T21:29:07.376867,LIMOUS,187bd426-7c30-4543-b1ac-90b48fd6c599,42,logical,LOG-IMP-30-8-8,yesno,30,32,2,30,32,31,32,31,31,32,31,"B is True.
If B is True, then C is True.
If E is True, then F is True.
If H is True, then A is True.
If G is True, then A is True.
If D is True, then C is True.
If H is True, then F is True.
If A is True, then C is True.
If A is True, then G is True.
Is F True?",no,no,1,16.13106942176819,7.055174020554027,0.26142821919886
2026-02-02T21:29:26.690076,LIMOUS,187bd426-7c30-4543-b1ac-90b48fd6c599,43,numerical,NUM-SQUARE-31,integer,31,33,2,31,33,33,32,31,33,32,31,What is 43^2?,1849,1849,1,19.302400588989258,5.873595777164766,0.2063506596877609
2026-02-04T02:13:33.707841,LIMOUS,3397f1f0-fff1-4b2a-855d-ae4c912d739c,0,logical,LOG-BOOL-0-2-1,boolean,0,4,4,0,4,0,4,0,0,4,0,"A is False.
B is True.
What is: (A AND A)?",False,f,1,1.7902426719665527,5.108503481049821,0.3694292242897219
2026-02-04T02:13:36.083332,LIMOUS,3397f1f0-fff1-4b2a-855d-ae4c912d739c,1,logical,LOG-BOOL-4-2-1,boolean,4,8,4,4,8,0,8,0,0,8,0,"A is True.
B is False.
What is: (B AND B)?",False,f,1,2.3659441471099854,5.499570738254921,0.3417910018142749
2026-02-04T02:13:39.906245,LIMOUS,3397f1f0-fff1-4b2a-855d-ae4c912d739c,2,pattern,PAT-AP-0-4-5,integer,0,2,2,0,2,0,8,2,0,8,2,"36, 32, 28, 24, ?",20,20,1,3.8151376247406006,3.667358609623924,0.9939437273580948
2026-02-04T02:13:43.017311,LIMOUS,3397f1f0-fff1-4b2a-855d-ae4c912d739c,3,logical,LOG-BOOL-8-3-2,boolean,8,12,4,8,12,0,12,2,0,12,2,"A is True.
B is True.
C is False.
What is: ((A AND A) AND B)?",True,t,1,3.10341739654541,5.91567417660199,0.31518695553892795
2026-02-04T02:13:45.369770,LIMOUS,3397f1f0-fff1-4b2a-855d-ae4c912d739c,4,numerical,NUM-RATIO-MUL-0,integer,0,2,2,0,2,2,12,2,2,12,2,"4 -> 8, 7 -> ?",14,14,1,2.344437599182129,2.818761509595732,0.7909079156532041
2026-02-04T02:13:46.618498,LIMOUS,3397f1f0-fff1-4b2a-855d-ae4c912d739c,5,pattern,PAT-CP-2-2-5,integer,2,5,3,2,5,2,12,5,2,12,5,"4, 1, 4, 1, 4, ?",1,1,1,1.2408194541931152,2.732844293557612,0.9924330291132349
2026-02-04T02:13:52.305448,LIMOUS,3397f1f0-fff1-4b2a-855d-ae4c912d739c,6,logical,LOG-BOOL-12-3-2,boolean,12,15,3,12,15,2,15,5,2,15,5,"A is False.
B is True.
C is True.
What is: ((C OR (NOT B)) OR C)?",True,t,1,5.6791393756866455,6.358416615950337,0.289742138649722
2026-02-04T02:13:56.320960,LIMOUS,3397f1f0-fff1-4b2a-855d-ae4c912d739c,7,pattern,PAT-CP-5-3-7,integer,5,6,1,5,6,2,15,6,2,15,6,"10, 17, 4, 10, 17, 4, 10, ?",17,17,1,4.007797956466675,2.9106798313576996,0.9917222678856938
2026-02-04T02:13:58.145194,LIMOUS,3397f1f0-fff1-4b2a-855d-ae4c912d739c,8,logical,LOG-CONSTRAINT-15-5-4,yesno,15,19,4,15,19,2,19,6,2,19,6,"A is above E.
E is above C.
D is above C.
D is above A.
Is B above C?",no,no,1,1.8170132637023926,5.209326042934875,0.3869605587615798
2026-02-04T02:14:00.211163,LIMOUS,3397f1f0-fff1-4b2a-855d-ae4c912d739c,9,numerical,NUM-NEARBOUNDARY-2,integer,2,5,3,2,5,5,19,6,5,19,6,What is 49 + 3?,52,52,1,2.058436632156372,3.315737569363721,0.9645730095947682
2026-02-04T02:14:09.329584,LIMOUS,3397f1f0-fff1-4b2a-855d-ae4c912d739c,10,logical,LOG-COMP-19-7,yesno,19,22,3,19,22,5,22,6,5,22,6,"B is older than C.
 C is older than D.
 E is older than G.
 E is older than D.
 A is older than C.
 F is older than B.
 F is older than A.
 G is older than F.
 Is A older than E?",no,no,1,9.110840559005737,8.112681820708415,0.0814781397571739
2026-02-04T02:14:12.472954,LIMOUS,3397f1f0-fff1-4b2a-855d-ae4c912d739c,11,pattern,PAT-CP-6-3-6,integer,6,8,2,6,8,5,22,8,5,22,8,"10, 9, 6, 10, 9, 6, ?",10,10,1,3.135824680328369,2.9718215134256107,0.9914709346962063
2026-02-04T02:14:15.664786,LIMOUS,3397f1f0-fff1-4b2a-855d-ae4c912d739c,12,pattern,PAT-MP-8-6-2,integer,8,11,3,8,11,5,22,11,5,22,11,"5, 10, 20, 40, 80, 160, ?",320,320,1,3.1846556663513184,5.952551283012337,0.834496718358229
2026-02-04T02:14:17.969677,LIMOUS,3397f1f0-fff1-4b2a-855d-ae4c912d739c,13,numerical,NUM-NEARBOUNDARY-5,integer,5,8,3,5,8,8,22,11,8,22,11,What is 49 + 7?,56,56,1,2.2951409816741943,3.5213425856180622,0.9613472932976579
2026-02-04T02:14:32.993553,LIMOUS,3397f1f0-fff1-4b2a-855d-ae4c912d739c,14,pattern,PAT-MP-11-7-3,integer,11,8,-3,11,8,8,22,8,8,22,8,"5, 15, 45, 135, 405, 1215, 3645, ?",10935,16935,0,15.016229152679443,6.283776107640319,0.821617547160153
2026-02-04T02:14:39.250082,LIMOUS,3397f1f0-fff1-4b2a-855d-ae4c912d739c,15,pattern,PAT-CP-8-3-6,integer,8,9,1,8,9,8,22,9,8,22,9,"13, 9, 10, 13, 9, 10, ?",13,13,1,6.249308109283447,3.0969875892713405,0.9909453543743193
2026-02-04T02:14:43.432807,LIMOUS,3397f1f0-fff1-4b2a-855d-ae4c912d739c,16,numerical,NUM-RATIO-MUL-8,integer,8,10,2,8,10,10,22,9,10,22,9,"10 -> 40, 9 -> ?",36,36,1,4.174823045730591,3.3233683078746594,0.7482109117475596
2026-02-04T02:14:51.409655,LIMOUS,3397f1f0-fff1-4b2a-855d-ae4c912d739c,17,logical,LOG-BOOL-22-4-3,boolean,22,25,3,22,25,10,25,9,10,25,9,"A is False.
B is True.
C is False.
D is False.
What is: (((C AND (NOT D)) OR (NOT C)) AND (NOT D))?",True,t,1,7.968763113021851,7.593280646502283,0.23178154393744171
2026-02-04T02:14:57.857799,LIMOUS,3397f1f0-fff1-4b2a-855d-ae4c912d739c,18,logical,LOG-BOOL-25-6-3,boolean,25,28,3,25,28,10,28,9,10,28,9,"A is True.
B is False.
C is False.
D is True.
E is False.
F is False.
What is: (NOT (((A OR E) OR (NOT D)) AND (NOT D)))?",True,t,1,6.437528848648071,8.002671064386917,0.21606082620542347
2026-02-04T02:14:59.858152,LIMOUS,3397f1f0-fff1-4b2a-855d-ae4c912d739c,19,numerical,NUM-SQUARE-10,integer,10,14,4,10,14,14,28,9,14,28,9,What is 15^2?,225,225,1,1.9920613765716553,3.962462991298362,0.3288002466175185
2026-02-04T02:15:15.065480,LIMOUS,3397f1f0-fff1-4b2a-855d-ae4c912d739c,20,logical,LOG-BOOL-28-6-5,boolean,28,30,2,28,30,14,30,9,14,30,9,"A is True.
B is True.
C is False.
D is True.
E is False.
F is False.
What is: (((((A OR C) AND (NOT B)) AND D) OR E) OR (NOT A))?",False,f,1,15.199559211730957,8.431565152772984,0.20112721604563885
2026-02-04T02:15:22.239653,LIMOUS,3397f1f0-fff1-4b2a-855d-ae4c912d739c,21,numerical,NUM-DIV-14,integer,14,15,1,14,15,15,30,9,15,30,9,What is 840 divided by 120?,7,7,1,7.166163682937622,4.015395785754171,0.5631867899601409
2026-02-04T02:15:40.081330,LIMOUS,3397f1f0-fff1-4b2a-855d-ae4c912d739c,22,numerical,NUM-RATIO-DIV-15,integer,15,16,1,15,16,16,30,9,16,30,9,"105 -> 15, 84 -> ?",12,12,1,17.83362126350403,3.8193056448747464,0.7063959144643056
2026-02-04T02:15:44.081013,LIMOUS,3397f1f0-fff1-4b2a-855d-ae4c912d739c,23,pattern,PAT-AP-9-5-7,integer,9,11,2,9,11,16,30,11,16,30,11,"5, 0, -5, -10, -15, ?",-20,-20,1,3.991273880004883,4.366712507565352,0.9920697446172068
2026-02-04T02:15:50.169482,LIMOUS,3397f1f0-fff1-4b2a-855d-ae4c912d739c,24,numerical,NUM-SQUARE-16,integer,16,18,2,16,18,18,30,11,18,30,11,What is 22^2?,484,484,1,6.080546617507935,4.446557018908224,0.29016112584889425
2026-02-04T02:16:04.624853,LIMOUS,3397f1f0-fff1-4b2a-855d-ae4c912d739c,25,pattern,PAT-MIXED-11-3-8-6,integer,11,13,2,11,13,18,30,13,18,30,13,"17, 22, 66, 68, 73, 219, 221, ?",226,226,1,14.447104215621948,11.564427836630163,0.808750743161867
2026-02-04T02:16:12.639040,LIMOUS,3397f1f0-fff1-4b2a-855d-ae4c912d739c,26,pattern,PAT-AP-13-6-10,integer,13,14,1,13,14,18,30,14,18,30,14,"42, 48, 54, 60, 66, 72, ?",78,78,1,8.006524801254272,4.710290201685154,0.9910618767761644
2026-02-04T02:16:16.198808,LIMOUS,3397f1f0-fff1-4b2a-855d-ae4c912d739c,27,pattern,PAT-AP-14-6-10,integer,14,16,2,14,16,18,30,16,18,30,16,"30, 34, 38, 42, 46, 50, ?",54,54,1,3.5511109828948975,4.7995679649086735,0.9907906786168442
2026-02-04T02:16:25.640556,LIMOUS,3397f1f0-fff1-4b2a-855d-ae4c912d739c,28,pattern,PAT-MIXED-16-2-8-8,integer,16,18,2,16,18,18,30,18,18,30,18,"17, 24, 48, 55, 110, 117, 234, ?",241,241,1,9.434082269668579,12.577819396139828,0.7843319862135594
2026-02-04T02:16:40.712220,LIMOUS,3397f1f0-fff1-4b2a-855d-ae4c912d739c,29,logical,LOG-BOOL-30-6-5,boolean,30,32,2,30,32,18,32,18,18,32,18,"A is True.
B is True.
C is True.
D is False.
E is False.
F is True.
What is: (((((E AND (NOT F)) OR (NOT D)) OR C) AND (NOT D)) OR (NOT D))?",True,t,1,15.063833951950073,8.728786967818182,0.19160845873467927
2026-02-04T02:16:57.600028,LIMOUS,3397f1f0-fff1-4b2a-855d-ae4c912d739c,30,pattern,PAT-MP-18-6-3,integer,18,15,-3,18,15,18,32,15,18,32,15,"15, 45, 135, 405, 1215, 3645, ?",10935,16935,0,16.878716468811035,7.119304396902303,0.7885480725736077
2026-02-04T02:17:11.718720,LIMOUS,3397f1f0-fff1-4b2a-855d-ae4c912d739c,31,pattern,PAT-MP-15-6-3,integer,15,16,1,15,16,18,32,16,18,32,16,"17, 51, 153, 459, 1377, 4131, ?",12393,12393,1,14.11043930053711,6.750084484699864,0.8032430794025991
2026-02-04T02:17:24.806202,LIMOUS,3397f1f0-fff1-4b2a-855d-ae4c912d739c,32,numerical,NUM-RATIO-MUL-18,integer,18,19,1,18,19,19,32,16,19,32,16,"16 -> 96, 13 -> ?",78,78,1,13.080291986465454,4.048901026781898,0.6872837544078693
2026-02-04T02:17:28.542212,LIMOUS,3397f1f0-fff1-4b2a-855d-ae4c912d739c,33,numerical,NUM-NEARBOUNDARY-19,integer,19,21,2,19,21,21,32,16,21,32,16,What is 184 + 7?,191,191,1,3.7267329692840576,4.618131326755009,0.9422104119299969
2026-02-04T02:17:31.366016,LIMOUS,3397f1f0-fff1-4b2a-855d-ae4c912d739c,34,pattern,PAT-CP-16-4-8,integer,16,18,2,16,18,21,32,18,21,32,18,"19, 16, 6, 17, 19, 16, 6, 17, ?",19,19,1,2.816706657409668,3.63835886496265,0.9885025705664849
2026-02-04T02:17:39.166140,LIMOUS,3397f1f0-fff1-4b2a-855d-ae4c912d739c,35,numerical,NUM-DIV-21,integer,21,22,1,21,22,22,32,18,22,32,18,What is 1560 divided by 120?,13,13,1,7.792486667633057,4.5907161963372625,0.5107374029901294
2026-02-04T02:17:58.846729,LIMOUS,3397f1f0-fff1-4b2a-855d-ae4c912d739c,36,numerical,NUM-NEARBOUNDARY-22,integer,22,23,1,22,23,23,32,18,23,32,18,What is 988 + 44?,1032,1032,1,19.672805786132812,4.88578337097483,0.9370813435255321
2026-02-04T02:18:09.646789,LIMOUS,3397f1f0-fff1-4b2a-855d-ae4c912d739c,37,logical,LOG-BOOL-32-6-3,boolean,32,35,3,32,35,23,35,18,23,35,18,"A is False.
B is True.
C is True.
D is True.
E is True.
F is True.
What is: (NOT (((D OR E) AND E) OR (NOT E)))?",False,f,1,10.792122840881348,9.03537528841233,0.18243731734403
2026-02-04T02:18:13.054652,LIMOUS,3397f1f0-fff1-4b2a-855d-ae4c912d739c,38,pattern,PAT-CP-18-5-10,integer,18,20,2,18,20,23,35,20,23,35,20,"7, 10, 4, 13, 15, 7, 10, 4, 13, 15, ?",7,7,1,3.3997786045074463,3.7845298788234683,0.9877963243902943
2026-02-04T02:18:29.175026,LIMOUS,3397f1f0-fff1-4b2a-855d-ae4c912d739c,39,logical,LOG-BOOL-35-4-5,boolean,35,37,2,35,37,23,37,20,23,37,20,"A is True.
B is True.
C is True.
D is True.
What is: (NOT (((((B AND (NOT A)) OR D) OR B) AND A) OR (NOT C)))?",False,f,1,16.112207174301147,9.513468190524689,0.16932572033101254
2026-02-04T02:18:34.629890,LIMOUS,3397f1f0-fff1-4b2a-855d-ae4c912d739c,40,numerical,NUM-DIV-23,integer,23,25,2,23,25,25,37,20,25,37,20,What is 1560 divided by 120?,13,13,1,5.445963621139526,4.766899341802721,0.4956570585060965
2026-02-04T02:19:50.078105,LIMOUS,dfded839-f8a2-41df-8651-04aa7e8ca12c,0,logical,LOG-BOOL-0-2-1,boolean,0,0,-1,0,0,0,0,0,0,0,0,"A is False.
B is False.
What is: (B OR B)?",False,f\,0,2.9374046325683594,5.108503481049821,0.3694292242897219
2026-02-04T02:19:55.404826,LIMOUS,dfded839-f8a2-41df-8651-04aa7e8ca12c,1,logical,LOG-COMP-0-4,yesno,0,3,3,0,3,0,3,0,0,3,0,"D is faster than A.
 A is faster than B.
 B is faster than C.
 Is C faster than A?",no,no,1,5.31657075881958,5.786321394199617,0.13595381806654835
2026-02-04T02:19:57.118387,LIMOUS,dfded839-f8a2-41df-8651-04aa7e8ca12c,2,numerical,NUM-DIV-0,integer,0,3,3,0,3,3,3,0,3,3,0,What is 240 divided by 40?,6,6,1,1.7063841819763184,3.0362749161574643,0.6629357729710658
2026-02-04T02:19:59.284380,LIMOUS,dfded839-f8a2-41df-8651-04aa7e8ca12c,3,pattern,PAT-AP-0-4-5,integer,0,3,3,0,3,3,3,3,3,3,3,"19, 21, 23, 25, ?",27,27,1,2.158233404159546,3.667358609623924,0.9939437273580948
2026-02-04T02:20:01.020725,LIMOUS,dfded839-f8a2-41df-8651-04aa7e8ca12c,4,logical,LOG-COMP-3-4,yesno,3,7,4,3,7,3,7,3,3,7,3,"B is heavier than A.
 C is heavier than D.
 D is heavier than B.
 Is A heavier than C?",no,f,1,1.7285139560699463,6.109626900648034,0.1256694355649411
2026-02-04T02:20:05.588007,LIMOUS,dfded839-f8a2-41df-8651-04aa7e8ca12c,5,pattern,PAT-CP-3-2-4,integer,3,4,1,3,4,3,7,4,3,7,4,"8, 5, 8, 5, ?",8,8,1,4.559485912322998,2.791205598713724,0.992203106793015
2026-02-04T02:20:08.820434,LIMOUS,dfded839-f8a2-41df-8651-04aa7e8ca12c,6,logical,LOG-BOOL-7-2-2,boolean,7,11,4,7,11,3,11,4,3,11,4,"A is False.
B is False.
What is: ((B OR A) AND A)?",False,f,1,3.223604679107666,5.8092152256240075,0.3217337234868996
2026-02-04T02:20:13.884523,LIMOUS,dfded839-f8a2-41df-8651-04aa7e8ca12c,7,logical,LOG-BOOL-11-3-2,boolean,11,14,3,11,14,3,14,4,3,14,4,"A is True.
B is True.
C is False.
What is: (NOT ((C AND (NOT C)) OR (NOT A)))?",True,t,1,5.0552098751068115,6.24514214786689,0.29598882502542223
2026-02-04T02:20:18.421048,LIMOUS,dfded839-f8a2-41df-8651-04aa7e8ca12c,8,logical,LOG-BOOL-14-3-2,boolean,14,18,4,14,18,3,18,4,3,18,4,"A is False.
B is True.
C is True.
What is: ((C OR A) AND C)?",True,t,1,4.528320789337158,6.5903062235631795,0.27748623212164
2026-02-04T02:20:19.789961,LIMOUS,dfded839-f8a2-41df-8651-04aa7e8ca12c,9,numerical,NUM-SQUARE-3,integer,3,7,4,3,7,7,18,4,7,18,4,What is 2^2?,4,4,1,1.361173391342163,3.45179384884974,0.3769611116143544
2026-02-04T02:20:21.876911,LIMOUS,dfded839-f8a2-41df-8651-04aa7e8ca12c,10,numerical,NUM-SQUARE-7,integer,7,11,4,7,11,11,18,4,11,18,4,What is 13^2?,169,169,1,2.0788180828094482,3.7367983209783207,0.34907133795397793
2026-02-04T02:20:28.131809,LIMOUS,dfded839-f8a2-41df-8651-04aa7e8ca12c,11,numerical,NUM-RATIO-MUL-11,integer,11,12,1,11,12,12,18,4,12,18,4,"11 -> 66, 12 -> ?",72,72,1,6.24504828453064,3.529336858308352,0.7307833296272626
2026-02-04T02:20:30.172017,LIMOUS,dfded839-f8a2-41df-8651-04aa7e8ca12c,12,numerical,NUM-SQUARE-12,integer,12,16,4,12,16,16,18,4,16,18,4,What is 12^2?,144,144,1,2.032219648361206,4.118847666956853,0.31562638665439907
2026-02-04T02:20:34.515705,LIMOUS,dfded839-f8a2-41df-8651-04aa7e8ca12c,13,numerical,NUM-RATIO-DIV-16,integer,16,18,2,16,18,18,18,4,18,18,4,"75 -> 15, 45 -> ?",9,9,1,4.33648681640625,3.894653273991376,0.7001011228654088
2026-02-04T02:20:37.998201,LIMOUS,dfded839-f8a2-41df-8651-04aa7e8ca12c,14,pattern,PAT-AP-4-4-5,integer,4,6,2,4,6,18,18,6,18,18,6,"48, 43, 38, 33, ?",28,28,1,3.4750072956085205,3.966163568239505,0.9931723876326325
2026-02-04T02:20:43.629602,LIMOUS,dfded839-f8a2-41df-8651-04aa7e8ca12c,15,numerical,NUM-NEARBOUNDARY-18,integer,18,20,2,18,20,20,18,6,20,18,6,What is 499 - 17?,482,482,1,5.6231467723846436,4.531646574548716,0.9438311104115572
2026-02-04T02:20:54.364665,LIMOUS,dfded839-f8a2-41df-8651-04aa7e8ca12c,16,numerical,NUM-SQUARE-20,integer,20,22,2,20,22,22,18,6,22,18,6,What is 28^2?,784,784,1,10.727337121963501,4.795246369942131,0.26595202164190956
2026-02-04T02:21:19.923917,LIMOUS,dfded839-f8a2-41df-8651-04aa7e8ca12c,17,logical,LOG-COMP-18-8,yesno,18,20,2,18,20,22,20,6,22,20,6,"E is larger than B.
 H is larger than E.
 C is larger than H.
 E is larger than A.
 H is larger than G.
 D is larger than E.
 D is larger than F.
 A is larger than B.
 F is larger than C.
 Is D larger than G?",yes,yes,1,25.548442125320435,7.972402431822372,0.08376430070547823
2026-02-04T02:21:32.820216,LIMOUS,dfded839-f8a2-41df-8651-04aa7e8ca12c,18,numerical,NUM-SQUARE-22,integer,22,24,2,22,24,24,20,6,24,20,6,What is 24^2?,576,576,1,12.888416528701782,4.97787498108011,0.2543420651797583
2026-02-04T02:21:43.235814,LIMOUS,dfded839-f8a2-41df-8651-04aa7e8ca12c,19,pattern,PAT-MP-6-6-2,integer,6,7,1,6,7,24,20,7,24,20,7,"9, 18, 36, 72, 144, 288, ?",576,576,1,10.407280683517456,5.740145572170138,0.8426615538869203
2026-02-04T02:21:51.147377,LIMOUS,dfded839-f8a2-41df-8651-04aa7e8ca12c,20,numerical,NUM-NEARBOUNDARY-24,integer,24,25,1,24,25,25,20,7,25,20,7,What is 1008 - 16?,992,992,1,7.901962518692017,5.0712651216861255,0.9334291921481959
2026-02-04T02:21:54.842656,LIMOUS,dfded839-f8a2-41df-8651-04aa7e8ca12c,21,numerical,NUM-DIV-25,integer,25,27,2,25,27,27,20,7,27,20,7,What is 3600 divided by 200?,18,18,1,3.687119245529175,4.948634638308583,0.4805846117424384
2026-02-04T02:22:01.387965,LIMOUS,dfded839-f8a2-41df-8651-04aa7e8ca12c,22,pattern,PAT-MIXED-7-2-7-5,integer,7,10,3,7,10,27,20,10,27,20,10,"3, 7, 9, 13, 15, 19, ?",21,21,1,6.536469221115112,10.808449245074495,0.8267218242590016
2026-02-04T02:22:08.107392,LIMOUS,dfded839-f8a2-41df-8651-04aa7e8ca12c,23,numerical,NUM-RATIO-DIV-27,integer,27,28,1,27,28,28,20,10,28,20,10,"126 -> 18, 147 -> ?",21,21,1,6.711431503295898,4.805424985776537,0.6262056706538983
2026-02-04T02:22:12.033718,LIMOUS,dfded839-f8a2-41df-8651-04aa7e8ca12c,24,pattern,PAT-AP-10-5-10,integer,10,12,2,10,12,28,20,12,28,20,12,"45, 42, 39, 36, 33, ?",30,30,1,3.918898105621338,4.450618591427381,0.991828874785728
2026-02-04T02:22:16.258370,LIMOUS,dfded839-f8a2-41df-8651-04aa7e8ca12c,25,pattern,PAT-AP-12-5-10,integer,12,14,2,12,14,28,20,14,28,20,14,"42, 45, 48, 51, 54, ?",57,57,1,4.217454671859741,4.622386768248685,0.9913251585552043
2026-02-04T02:22:27.659271,LIMOUS,dfded839-f8a2-41df-8651-04aa7e8ca12c,26,numerical,NUM-RATIO-DIV-28,integer,28,29,1,28,29,29,20,14,29,20,14,"132 -> 22, 120 -> ?",20,20,1,11.392911672592163,4.896190137631535,0.6191186276605942
2026-02-04T02:22:33.091817,LIMOUS,dfded839-f8a2-41df-8651-04aa7e8ca12c,27,logical,LOG-IMP-20-7-5,yesno,20,23,3,20,23,29,23,14,29,23,14,"A is True.
If G is True, then B is True.
If E is True, then G is True.
If A is True, then G is True.
If D is True, then G is True.
If B is True, then A is True.
Is G True?",yes,yes,1,5.423985958099365,5.897636513400991,0.32367879869290256
2026-02-04T02:22:35.764267,LIMOUS,dfded839-f8a2-41df-8651-04aa7e8ca12c,28,numerical,NUM-DIV-29,integer,29,28,-1,29,28,28,23,14,28,23,14,What is 2880 divided by 240?,12,11,0,2.664738893508911,5.329467069580077,0.45057259180411025
2026-02-04T02:22:47.772135,LIMOUS,dfded839-f8a2-41df-8651-04aa7e8ca12c,29,pattern,PAT-MP-14-5-2,integer,14,15,1,14,15,28,23,15,28,23,15,"12, 24, 48, 96, 192, ?",384,384,1,12.000190019607544,6.630780734528503,0.8079667744960319
2026-02-04T02:22:58.468318,LIMOUS,dfded839-f8a2-41df-8651-04aa7e8ca12c,30,logical,LOG-BOOL-23-5-4,boolean,23,26,3,23,26,28,26,15,28,26,15,"A is True.
B is False.
C is False.
D is True.
E is False.
What is: (NOT ((((C OR E) AND C) AND D) OR (NOT E)))?",False,f,1,10.688026666641235,7.727632640494685,0.22645404577559095
2026-02-04T02:23:02.074365,LIMOUS,dfded839-f8a2-41df-8651-04aa7e8ca12c,31,pattern,PAT-CP-15-5-10,integer,15,17,2,15,17,28,26,17,28,26,17,"9, 6, 5, 3, 6, 9, 6, 5, 3, 6, ?",9,9,1,3.597743034362793,3.56695659724246,0.9888403905125415
2026-02-04T02:23:04.865561,LIMOUS,dfded839-f8a2-41df-8651-04aa7e8ca12c,32,logical,LOG-IMP-26-7-6,yesno,26,30,4,26,30,28,30,17,28,30,17,"F is True.
A is True.
If F is True, then C is True.
If E is True, then D is True.
If E is True, then F is True.
If E is True, then C is True.
If C is True, then D is True.
If D is True, then G is True.
Is E True?",no,f,1,2.782810688018799,6.57050896537015,0.2853856286109963
2026-02-04T02:23:10.513936,LIMOUS,dfded839-f8a2-41df-8651-04aa7e8ca12c,33,logical,LOG-IMP-30-8-8,yesno,30,33,3,30,33,28,33,17,28,33,17,"B is True.
If A is True, then C is True.
If H is True, then F is True.
If G is True, then B is True.
If D is True, then B is True.
If F is True, then G is True.
If H is True, then G is True.
If C is True, then D is True.
If D is True, then H is True.
Is A True?",no,f,1,5.6390790939331055,7.055174020554027,0.26142821919886
2026-02-04T02:23:14.185254,LIMOUS,dfded839-f8a2-41df-8651-04aa7e8ca12c,34,numerical,NUM-NEARBOUNDARY-28,integer,28,31,3,28,31,31,33,17,31,33,17,What is 1041 + 6?,1047,1047,1,3.6631674766540527,5.459948373855563,0.9255280647615568
2026-02-04T02:23:19.058487,LIMOUS,dfded839-f8a2-41df-8651-04aa7e8ca12c,35,pattern,PAT-AP-17-7-15,integer,17,19,2,17,19,31,33,19,31,33,19,"-6, -10, -14, -18, -22, -26, -30, ?",-34,-34,1,4.865994930267334,5.075863788398472,0.9899272180767368
2026-02-04T02:23:28.746648,LIMOUS,dfded839-f8a2-41df-8651-04aa7e8ca12c,36,pattern,PAT-AP-19-7-15,integer,19,20,1,19,20,31,33,20,31,33,20,"34, 21, 8, -5, -18, -31, -44, ?",-57,-57,1,9.67868685722351,5.267335642104983,0.989307536335606
2026-02-04T02:23:31.451179,LIMOUS,dfded839-f8a2-41df-8651-04aa7e8ca12c,37,logical,LOG-IMP-33-8-7,yesno,33,37,4,33,37,31,37,20,31,37,20,"H is True.
B is True.
If A is True, then D is True.
If G is True, then C is True.
If C is True, then E is True.
If F is True, then H is True.
If B is True, then C is True.
If A is True, then G is True.
If E is True, then G is True.
Is F True?",no,f,1,2.696136236190796,7.43892863000581,0.24433624581924968
2026-02-04T02:23:51.995349,LIMOUS,dfded839-f8a2-41df-8651-04aa7e8ca12c,38,pattern,PAT-MIXED-20-4-10-10,integer,20,22,2,20,22,31,37,22,31,37,22,"4, 13, 19, 38, 42, 51, 57, 114, 118, ?",127,127,1,20.536746978759766,13.447073315131131,0.76322368787309
2026-02-04T02:24:00.560566,LIMOUS,dfded839-f8a2-41df-8651-04aa7e8ca12c,39,pattern,PAT-MP-22-3-4,integer,22,24,2,22,24,31,37,24,31,37,24,"16, 64, 256, ?",1024,1024,1,8.557657957077026,7.639103413266975,0.7677302200148557
2026-02-04T02:24:11.616995,LIMOUS,dfded839-f8a2-41df-8651-04aa7e8ca12c,40,pattern,PAT-MIXED-24-2-9-10,integer,24,26,2,24,26,31,37,26,31,37,26,"3, 6, 16, 32, 42, 84, 94, 188, ?",198,198,1,11.048177003860474,14.371976993014991,0.7407323541002264
2026-02-04T02:24:31.601312,LIMOUS,dfded839-f8a2-41df-8651-04aa7e8ca12c,41,numerical,NUM-NEARBOUNDARY-31,integer,31,32,1,31,32,32,37,26,32,37,26,What is 1981 + 99?,2080,2080,1,19.97664165496826,5.76770522168554,0.9190455831627644
2026-02-04T02:24:53.265714,LIMOUS,dfded839-f8a2-41df-8651-04aa7e8ca12c,42,logical,LOG-COMP-37-9,yesno,37,39,2,37,39,32,39,26,32,39,26,"D is older than A.
 D is older than I.
 H is older than C.
 A is older than G.
 H is older than I.
 I is older than E.
 E is older than A.
 C is older than I.
 F is older than E.
 B is older than I.
 F is older than C.
 Is B older than G?",yes,yes,1,21.653969287872314,11.048154482991567,0.049014310196122325
2026-02-04T11:59:44.209169,LIMOUS,e47a6ac2-91e5-4799-b56f-678e0a55a399,0,pattern,PAT-MP-0-9-2,integer,0,3,3,0,3,0,0,3,0,0,3,"4, 8, 16, 32, 64, 128, 256, 512, 1024, ?",2048,2048,1,3.3294754028320312,5.141076434477961,0.8651980135211262
2026-02-04T11:59:45.885225,LIMOUS,e47a6ac2-91e5-4799-b56f-678e0a55a399,1,logical,LOG-COMP-0-4,yesno,0,4,4,0,4,0,4,3,0,4,3,"C is heavier than D.
 B is heavier than C.
 B is heavier than D.
 Is D heavier than A?",no,no,1,1.6605803966522217,5.786321394199617,0.13595381806654835
2026-02-04T11:59:48.365294,LIMOUS,e47a6ac2-91e5-4799-b56f-678e0a55a399,2,logical,LOG-IMP-4-3-2,yesno,4,7,3,4,7,0,7,3,0,7,3,"B is True.
If A is True, then B is True.
If B is True, then C is True.
Is A True?",no,no,1,2.4686999320983887,4.381469810031782,0.43676808867220906
2026-02-04T11:59:53.843379,LIMOUS,e47a6ac2-91e5-4799-b56f-678e0a55a399,3,logical,LOG-BOOL-7-3-2,boolean,7,10,3,7,10,0,10,3,0,10,3,"A is True.
B is True.
C is False.
What is: ((B OR C) AND B)?",True,t,1,5.465198278427124,5.8092152256240075,0.3217337234868996
2026-02-04T11:59:55.270908,LIMOUS,e47a6ac2-91e5-4799-b56f-678e0a55a399,4,numerical,NUM-NEARBOUNDARY-0,integer,0,3,3,0,3,3,10,3,3,10,3,What is 9 + 2?,11,11,1,1.3851041793823242,3.1838885158416135,0.9665777525962927
2026-02-04T12:00:00.305394,LIMOUS,e47a6ac2-91e5-4799-b56f-678e0a55a399,5,logical,LOG-BOOL-10-3-2,boolean,10,13,3,10,13,3,13,3,3,13,3,"A is True.
B is False.
C is False.
What is: (NOT ((B OR (NOT C)) AND B))?",True,t,1,5.022749423980713,6.1336114115927804,0.30231286371428073
2026-02-04T12:00:05.774458,LIMOUS,e47a6ac2-91e5-4799-b56f-678e0a55a399,6,logical,LOG-COMP-13-6,yesno,13,16,3,13,16,3,16,3,3,16,3,"A is faster than C.
 B is faster than A.
 E is faster than A.
 F is faster than A.
 D is faster than C.
 D is faster than A.
 Is F faster than C?",yes,t,1,5.456229209899902,7.302739901510776,0.09608990086671482
2026-02-04T12:00:08.973665,LIMOUS,e47a6ac2-91e5-4799-b56f-678e0a55a399,7,logical,LOG-CONSTRAINT-16-5-4,yesno,16,20,4,16,20,3,20,3,3,20,3,"A is above C.
B is above C.
C is above E.
E is above B.
Is D above B?",no,no,1,3.1879324913024902,5.306406002211757,0.37982979685558177
2026-02-04T12:00:16.756448,LIMOUS,e47a6ac2-91e5-4799-b56f-678e0a55a399,8,pattern,PAT-MIXED-3-2-6-3,integer,3,5,2,3,5,3,20,5,3,20,5,"15, 17, 20, 22, 25, ?",27,27,1,7.771039247512817,10.097956499617156,0.8433313470895322
2026-02-04T12:00:21.237458,LIMOUS,e47a6ac2-91e5-4799-b56f-678e0a55a399,9,pattern,PAT-CP-5-3-7,integer,5,6,1,5,6,3,20,6,3,20,6,"2, 7, 15, 2, 7, 15, 2, ?",7,7,1,4.469402551651001,2.9106798313576996,0.9917222678856938
2026-02-04T12:00:25.885089,LIMOUS,e47a6ac2-91e5-4799-b56f-678e0a55a399,10,logical,LOG-IMP-20-6-6,yesno,20,23,3,20,23,3,23,6,3,23,6,"D is True.
If B is True, then D is True.
If C is True, then D is True.
If E is True, then C is True.
If E is True, then D is True.
If F is True, then A is True.
If C is True, then B is True.
Is A True?",no,no,1,4.634807109832764,5.897636513400991,0.32367879869290256
2026-02-04T12:00:34.638519,LIMOUS,e47a6ac2-91e5-4799-b56f-678e0a55a399,11,pattern,PAT-MIXED-6-2-6-5,integer,6,8,2,6,8,3,23,8,3,23,8,"8, 16, 20, 40, 44, ?",88,88,1,8.741798400878906,10.626671577821083,0.8310004417258555
2026-02-04T12:00:39.540630,LIMOUS,e47a6ac2-91e5-4799-b56f-678e0a55a399,12,pattern,PAT-MP-8-8-2,integer,8,10,2,8,10,3,23,10,3,23,10,"4, 8, 16, 32, 64, 128, 256, 512, ?",1024,1024,1,4.890138864517212,5.952551283012337,0.834496718358229
2026-02-04T12:00:49.014960,LIMOUS,e47a6ac2-91e5-4799-b56f-678e0a55a399,13,pattern,PAT-MIXED-10-3-8-6,integer,10,12,2,10,12,3,23,12,3,23,12,"19, 23, 46, 52, 56, 112, 118, ?",122,122,1,9.4629545211792,11.371012737397788,0.8133729333418918
2026-02-04T12:00:58.967067,LIMOUS,e47a6ac2-91e5-4799-b56f-678e0a55a399,14,logical,LOG-BOOL-23-5-4,boolean,23,26,3,23,26,3,26,12,3,26,12,"A is False.
B is False.
C is True.
D is False.
E is False.
What is: ((((A OR (NOT B)) OR A) AND B) OR A)?",False,f,1,9.918839931488037,7.727632640494685,0.22645404577559095
2026-02-04T12:01:11.726016,LIMOUS,e47a6ac2-91e5-4799-b56f-678e0a55a399,15,pattern,PAT-MIXED-12-2-8-6,integer,12,14,2,12,14,3,26,14,3,26,14,"13, 39, 43, 129, 133, 399, 403, ?",1209,1209,1,12.747089147567749,11.760866892057962,0.8040416553058262
2026-02-04T12:01:22.704396,LIMOUS,e47a6ac2-91e5-4799-b56f-678e0a55a399,16,logical,LOG-BOOL-26-4-5,boolean,26,29,3,26,29,3,29,14,3,29,14,"A is False.
B is True.
C is True.
D is True.
What is: (((((A OR (NOT A)) AND A) OR (NOT B)) AND (NOT C)) OR C)?",True,t,1,10.965078592300415,8.143423689433602,0.21099542449988326
2026-02-04T12:01:24.940794,LIMOUS,e47a6ac2-91e5-4799-b56f-678e0a55a399,17,numerical,NUM-NEARBOUNDARY-3,integer,3,6,3,3,6,6,29,14,6,29,14,What is 9 + 3?,12,12,1,2.224740743637085,3.383212143027035,0.963527671111298
2026-02-04T12:01:33.448570,LIMOUS,e47a6ac2-91e5-4799-b56f-678e0a55a399,18,pattern,PAT-MIXED-14-2-8-6,integer,14,16,2,14,16,6,29,16,6,29,16,"5, 7, 11, 13, 17, 19, 23, ?",25,25,1,8.493963956832886,12.163006723334268,0.7943617736016236
2026-02-04T12:01:38.552333,LIMOUS,e47a6ac2-91e5-4799-b56f-678e0a55a399,19,pattern,PAT-AP-16-6-15,integer,16,18,2,16,18,6,29,18,6,29,18,"1, 12, 23, 34, 45, 56, ?",67,67,1,5.089952707290649,4.982332764715134,0.990223592716462
2026-02-04T12:01:42.766389,LIMOUS,e47a6ac2-91e5-4799-b56f-678e0a55a399,20,logical,LOG-BOOL-29-6-3,boolean,29,33,4,29,33,6,33,18,6,33,18,"A is False.
B is False.
C is False.
D is False.
E is False.
F is True.
What is: (((F OR (NOT C)) OR B) OR (NOT B))?",True,t,1,4.191674709320068,8.57902333979962,0.19632424412490482
2026-02-04T12:01:46.980455,LIMOUS,e47a6ac2-91e5-4799-b56f-678e0a55a399,21,numerical,NUM-NEARBOUNDARY-6,integer,6,8,2,6,8,8,33,18,8,33,18,What is 97 + 7?,104,104,1,4.195226192474365,3.5920316992277526,0.9602107003933197
2026-02-04T12:01:50.391413,LIMOUS,e47a6ac2-91e5-4799-b56f-678e0a55a399,22,numerical,NUM-NEARBOUNDARY-8,integer,8,10,2,8,10,10,33,18,10,33,18,What is 49 + 9?,58,58,1,3.399054765701294,3.736742781034601,0.9578407048218741
2026-02-04T12:01:52.872816,LIMOUS,e47a6ac2-91e5-4799-b56f-678e0a55a399,23,numerical,NUM-NEARBOUNDARY-10,integer,10,13,3,10,13,13,33,18,13,33,18,What is 210 - 11?,199,199,1,2.4664077758789062,3.8860142183810753,0.9553361099548413
2026-02-04T12:02:03.781640,LIMOUS,e47a6ac2-91e5-4799-b56f-678e0a55a399,24,pattern,PAT-MIXED-18-3-8-8,integer,18,20,2,18,20,13,33,20,13,33,20,"10, 13, 52, 58, 61, 244, 250, ?",253,253,1,10.897017002105713,13.00570427631691,0.7739522136794622
2026-02-04T12:02:14.254605,LIMOUS,e47a6ac2-91e5-4799-b56f-678e0a55a399,25,pattern,PAT-MP-20-3-3,integer,20,22,2,20,22,13,33,22,13,33,22,"15, 45, 135, ?",405,405,1,10.461345434188843,7.375172256654322,0.7783138616284035
2026-02-04T12:02:17.087458,LIMOUS,e47a6ac2-91e5-4799-b56f-678e0a55a399,26,numerical,NUM-DIV-13,integer,13,16,3,13,16,16,33,22,16,33,22,What is 720 divided by 60?,12,12,1,2.8217666149139404,3.9381894627759646,0.5705927324911615
2026-02-04T12:02:20.474009,LIMOUS,e47a6ac2-91e5-4799-b56f-678e0a55a399,27,logical,LOG-IMP-33-9-6,yesno,33,37,4,33,37,16,37,22,16,37,22,"H is True.
G is True.
If B is True, then H is True.
If C is True, then E is True.
If A is True, then B is True.
If I is True, then H is True.
If E is True, then A is True.
If E is True, then I is True.
Is C True?",no,no,1,3.371696710586548,7.43892863000581,0.24433624581924968
2026-02-04T12:02:24.858018,LIMOUS,e47a6ac2-91e5-4799-b56f-678e0a55a399,28,numerical,NUM-SQUARE-16,integer,16,15,-1,16,15,15,37,22,15,37,22,What is 18^2?,324,256,0,4.369292259216309,4.446557018908224,0.29016112584889425
2026-02-04T12:02:39.814636,LIMOUS,e47a6ac2-91e5-4799-b56f-678e0a55a399,29,numerical,NUM-RATIO-MUL-15,integer,15,16,1,15,16,16,37,22,16,37,22,"14 -> 84, 8 -> ?",48,48,1,14.945003986358643,3.8193056448747464,0.7063959144643056
2026-02-04T12:02:46.826579,LIMOUS,e47a6ac2-91e5-4799-b56f-678e0a55a399,30,numerical,NUM-NEARBOUNDARY-16,integer,16,17,1,16,17,17,37,22,17,37,22,What is 484 + 31?,515,515,1,6.99979305267334,4.36265057941443,0.9469450362247471
2026-02-04T12:02:49.789660,LIMOUS,e47a6ac2-91e5-4799-b56f-678e0a55a399,31,pattern,PAT-CP-22-6-13,integer,22,25,3,22,25,17,37,25,17,37,25,"8, 11, 11, 17, 12, 7, 8, 11, 11, 17, 12, 7, 8, ?",11,11,1,2.9513468742370605,4.090836158672845,0.9862528672367077
2026-02-04T12:03:00.395783,LIMOUS,e47a6ac2-91e5-4799-b56f-678e0a55a399,32,numerical,NUM-RATIO-DIV-17,integer,17,18,1,17,18,18,37,25,18,37,25,"114 -> 19, 66 -> ?",11,11,1,10.587419271469116,3.971178928664351,0.6937298862821726
2026-02-04T12:03:04.903114,LIMOUS,e47a6ac2-91e5-4799-b56f-678e0a55a399,33,numerical,NUM-RATIO-DIV-18,integer,18,20,2,18,20,20,37,25,20,37,25,"119 -> 17, 63 -> ?",9,9,1,4.49512791633606,4.048901026781898,0.6872837544078693
2026-02-04T12:03:22.590229,LIMOUS,e47a6ac2-91e5-4799-b56f-678e0a55a399,34,pattern,PAT-AP-25-13-30,integer,25,26,1,25,26,20,37,26,20,37,26,"-11, -36, -61, -86, -111, -136, -161, -186, -211, -236, -261, -286, -311, ?",-336,-336,1,17.67204785346985,5.878721512123459,0.9872133033208238
2026-02-04T12:03:34.521707,LIMOUS,e47a6ac2-91e5-4799-b56f-678e0a55a399,35,logical,LOG-BOOL-37-6-5,boolean,37,40,3,37,40,20,40,26,20,40,26,"A is False.
B is True.
C is False.
D is False.
E is False.
F is False.
What is: (((((E OR D) OR (NOT E)) OR (NOT E)) AND (NOT C)) AND (NOT C))?",True,t,1,11.91769027709961,9.8447845783555,0.16100869463180745
2026-02-04T12:03:46.125843,LIMOUS,e47a6ac2-91e5-4799-b56f-678e0a55a399,36,logical,LOG-BOOL-40-4-5,boolean,40,43,3,40,43,20,43,26,20,43,26,"A is False.
B is False.
C is True.
D is False.
What is: (NOT (((((D OR C) OR B) AND (NOT A)) AND B) OR C))?",False,f,1,11.590840339660645,10.361438353908477,0.14915618472569767
2026-02-04T12:04:00.701868,LIMOUS,e47a6ac2-91e5-4799-b56f-678e0a55a399,37,numerical,NUM-RATIO-MUL-20,integer,20,21,1,20,21,21,43,26,21,43,26,"13 -> 104, 24 -> ?",192,192,1,14.563627243041992,4.208009669181773,0.6741735310188827
2026-02-04T12:04:11.853082,LIMOUS,e47a6ac2-91e5-4799-b56f-678e0a55a399,38,logical,LOG-COMP-43-10,yesno,43,42,-1,43,42,21,42,26,21,42,26,"H is faster than D.
 J is faster than I.
 H is faster than G.
 C is faster than J.
 I is faster than E.
 A is faster than G.
 I is faster than A.
 C is faster than H.
 B is faster than I.
 D is faster than B.
 E is faster than G.
 B is faster than F.
 Is A faster than G?",yes,no,0,11.133106708526611,12.223465944087463,0.04123447087586666
2026-02-04T12:04:33.882427,LIMOUS,e47a6ac2-91e5-4799-b56f-678e0a55a399,39,numerical,NUM-SQUARE-21,integer,21,19,-2,21,19,19,42,26,19,42,26,What is 38^2?,1444,1464,0,22.01565408706665,4.885852383815991,0.26010504036937354
2026-02-04T12:04:49.250466,LIMOUS,e47a6ac2-91e5-4799-b56f-678e0a55a399,40,pattern,PAT-MIXED-26-3-13-12,integer,26,28,2,26,28,19,42,28,19,42,28,"1, 12, 21, 31, 42, 51, 61, 72, 81, 91, 102, 111, ?",121,121,1,15.35648488998413,14.856402094118557,0.7289792803882947
2026-02-04T18:53:09.870672,LIMOUS,519c46f2-4ac2-42af-96e1-931bac2f05b6,0,logical,LOG-BOOL-0-2-1,boolean,0,3,3,0,3,0,3,0,0,3,0,"A is True.
B is False.
What is: (B AND B)?",False,f,1,3.032172679901123,4.266380532497519,0.5887043424461996
2026-02-04T18:53:14.876836,LIMOUS,519c46f2-4ac2-42af-96e1-931bac2f05b6,1,pattern,PAT-MIXED-0-2-6-3,integer,0,4,4,0,4,0,3,4,0,3,4,"11, 33, 36, 108, 111, ?",333,333,1,4.998110055923462,8.470981827214565,0.3295582874830838
2026-02-04T18:53:16.755626,LIMOUS,519c46f2-4ac2-42af-96e1-931bac2f05b6,2,numerical,NUM-DIV-0,integer,0,3,3,0,3,3,3,4,3,3,4,What is 200 divided by 50?,4,4,1,1.8713114261627197,2.5220983254669007,0.7255156449928718
2026-02-04T18:53:19.381490,LIMOUS,519c46f2-4ac2-42af-96e1-931bac2f05b6,3,pattern,PAT-MIXED-4-2-5-3,integer,4,3,-1,4,3,3,3,3,3,3,3,"11, 14, 16, 19, ?",21,22,0,2.6176352500915527,9.152047523418128,0.3216355301065673
2026-02-04T18:53:21.948114,LIMOUS,519c46f2-4ac2-42af-96e1-931bac2f05b6,4,pattern,PAT-AP-3-4-5,integer,3,6,3,3,6,3,3,6,3,3,6,"9, 10, 11, 12, ?",13,13,1,2.55906081199646,3.968040523108548,0.8410467191662745
2026-02-04T18:53:25.675462,LIMOUS,519c46f2-4ac2-42af-96e1-931bac2f05b6,5,logical,LOG-IMP-3-3-2,yesno,3,5,2,3,5,3,5,6,3,5,6,"A is True.
If B is True, then A is True.
If C is True, then B is True.
Is B True?",no,no,1,3.7180275917053223,3.665081229208867,0.5696485139437957
2026-02-04T18:53:27.099259,LIMOUS,519c46f2-4ac2-42af-96e1-931bac2f05b6,6,numerical,NUM-NEARBOUNDARY-3,integer,3,6,3,3,6,6,5,6,6,5,6,What is 9 + 5?,14,14,1,1.4160914421081543,3.1620612934511865,0.9796802591056696
2026-02-04T18:53:29.732148,LIMOUS,519c46f2-4ac2-42af-96e1-931bac2f05b6,7,numerical,NUM-RATIO-MUL-6,integer,6,9,3,6,9,9,5,6,9,5,6,"6 -> 24, 10 -> ?",40,40,1,2.625152826309204,3.760381257050872,0.6919313061445926
2026-02-04T18:53:35.803200,LIMOUS,519c46f2-4ac2-42af-96e1-931bac2f05b6,8,logical,LOG-BOOL-5-3-2,boolean,5,7,2,5,7,9,7,6,9,7,6,"A is True.
B is True.
C is False.
What is: ((A AND A) AND B)?",True,t,1,6.061589956283569,4.743948470987951,0.5777415525565882
2026-02-04T18:53:48.267521,LIMOUS,519c46f2-4ac2-42af-96e1-931bac2f05b6,9,pattern,PAT-MP-6-8-2,integer,6,7,1,6,7,9,7,7,9,7,7,"14, 28, 56, 112, 224, 448, 896, 1792, ?",3584,3584,1,12.455621480941772,5.998648856200012,0.4270338823212876
2026-02-04T18:53:52.451347,LIMOUS,519c46f2-4ac2-42af-96e1-931bac2f05b6,10,logical,LOG-BOOL-7-3-2,boolean,7,9,2,7,9,9,9,7,9,9,7,"A is True.
B is True.
C is False.
What is: ((C OR A) OR B)?",True,t,1,4.17556357383728,4.946889304270344,0.5733342556062634
2026-02-04T18:53:56.882982,LIMOUS,519c46f2-4ac2-42af-96e1-931bac2f05b6,11,numerical,NUM-RATIO-MUL-9,integer,9,11,2,9,11,11,9,7,11,9,7,"4 -> 16, 9 -> ?",36,36,1,4.421528100967407,4.014881967033435,0.6861330236270963
2026-02-04T18:54:02.789122,LIMOUS,519c46f2-4ac2-42af-96e1-931bac2f05b6,12,logical,LOG-CONSTRAINT-9-4-3,yesno,9,10,1,9,10,11,10,7,11,10,7,"B is left of C.
B is left of A.
D is left of A.
Is B left of D?",no,no,1,5.896085500717163,3.7400548944593934,0.6578142140108527
2026-02-04T18:54:15.708883,LIMOUS,519c46f2-4ac2-42af-96e1-931bac2f05b6,13,logical,LOG-COMP-10-6,yesno,10,12,2,10,12,11,12,7,11,12,7,"D is larger than F.
 A is larger than C.
 B is larger than F.
 B is larger than A.
 D is larger than B.
 C is larger than E.
 Is B larger than E?",yes,yes,1,12.9089937210083,6.488362131983741,0.1959828441800962
2026-02-04T18:54:20.274873,LIMOUS,519c46f2-4ac2-42af-96e1-931bac2f05b6,14,numerical,NUM-RATIO-MUL-11,integer,11,13,2,11,13,13,12,7,13,12,7,"15 -> 75, 6 -> ?",30,30,1,4.558461427688599,4.192063975253567,0.68223481054651
2026-02-04T18:54:30.498767,LIMOUS,519c46f2-4ac2-42af-96e1-931bac2f05b6,15,pattern,PAT-MP-7-8-2,integer,7,8,1,7,8,13,12,8,13,12,8,"12, 24, 48, 96, 192, 384, 768, 1536, ?",3072,3072,1,10.216409921646118,6.121211161530135,0.42482823944627673
2026-02-04T18:54:35.036367,LIMOUS,519c46f2-4ac2-42af-96e1-931bac2f05b6,16,pattern,PAT-MP-8-7-2,integer,8,10,2,8,10,13,12,10,13,12,10,"8, 16, 32, 64, 128, 256, 512, ?",1024,1024,1,4.529633522033691,6.245919812390155,0.42262558577280784
2026-02-04T18:54:40.818242,LIMOUS,519c46f2-4ac2-42af-96e1-931bac2f05b6,17,pattern,PAT-MP-10-5-3,integer,10,12,2,10,12,13,12,12,13,12,12,"10, 30, 90, 270, 810, ?",2430,2430,1,5.774248838424683,6.501927158565201,0.4182295789787984
2026-02-04T18:54:46.020153,LIMOUS,519c46f2-4ac2-42af-96e1-931bac2f05b6,18,pattern,PAT-MP-12-5-2,integer,12,14,2,12,14,13,12,14,13,12,14,"12, 24, 48, 96, 192, ?",384,384,1,5.194203615188599,6.766979562233644,0.41384652294391855
2026-02-04T18:54:52.348318,LIMOUS,519c46f2-4ac2-42af-96e1-931bac2f05b6,19,logical,LOG-COMP-12-6,yesno,12,15,3,12,15,13,15,14,13,15,14,"B is larger than C.
 E is larger than F.
 C is larger than D.
 A is larger than F.
 E is larger than B.
 F is larger than D.
 Is A larger than D?",yes,yes,1,6.318528413772583,6.752935266415723,0.19315562966574062
2026-02-04T18:55:22.185301,LIMOUS,519c46f2-4ac2-42af-96e1-931bac2f05b6,20,pattern,PAT-MIXED-14-3-7-6,integer,14,16,2,14,16,13,15,16,13,15,16,"3, 9, 36, 108, 324, 1296, ?",3888,3888,1,29.82879090309143,11.07675453285446,0.3022785277949014
2026-02-04T18:55:31.721683,LIMOUS,519c46f2-4ac2-42af-96e1-931bac2f05b6,21,pattern,PAT-MIXED-16-3-9-8,integer,16,19,3,16,19,13,15,19,13,15,19,"14, 21, 28, 32, 39, 46, 50, 57, ?",64,64,1,9.527599811553955,11.503441269447489,0.29848717809254854
2026-02-04T18:55:33.545612,LIMOUS,519c46f2-4ac2-42af-96e1-931bac2f05b6,22,numerical,NUM-DIV-13,integer,13,16,3,13,16,16,15,19,16,15,19,What is 1500 divided by 150?,10,10,1,1.8162200450897217,3.4138447348856396,0.7015566102873178
2026-02-04T18:56:02.890766,LIMOUS,519c46f2-4ac2-42af-96e1-931bac2f05b6,23,pattern,PAT-MP-19-6-3,integer,19,21,2,19,21,16,15,21,16,15,21,"16, 48, 144, 432, 1296, 3888, ?",11664,11664,1,29.336485147476196,7.77060960561254,0.39861716319095497
2026-02-04T18:56:05.459359,LIMOUS,519c46f2-4ac2-42af-96e1-931bac2f05b6,24,logical,LOG-IMP-15-5-4,yesno,15,18,3,15,18,16,18,21,16,18,21,"D is True.
C is True.
If E is True, then C is True.
If D is True, then C is True.
If A is True, then C is True.
If A is True, then D is True.
Is A True?",no,no,1,2.5600616931915283,4.745596544151698,0.5429366748217893
2026-02-04T18:56:10.177534,LIMOUS,519c46f2-4ac2-42af-96e1-931bac2f05b6,25,logical,LOG-BOOL-18-3-2,boolean,18,20,2,18,20,16,20,21,16,20,21,"A is False.
B is True.
C is False.
What is: ((A AND C) OR (NOT A))?",True,t,1,4.709479093551636,6.198236498057939,0.5489036629249968
2026-02-04T18:56:25.577540,LIMOUS,519c46f2-4ac2-42af-96e1-931bac2f05b6,26,pattern,PAT-MIXED-21-2-9-10,integer,21,24,3,21,24,16,20,24,16,20,24,"10, 20, 27, 54, 61, 122, 129, 258, ?",265,265,1,15.392087459564209,12.637283124254454,0.2891296402676046
2026-02-04T18:56:28.856249,LIMOUS,519c46f2-4ac2-42af-96e1-931bac2f05b6,27,numerical,NUM-NEARBOUNDARY-16,integer,16,18,2,16,18,18,20,24,18,20,24,What is 209 + 10?,219,219,1,3.2690675258636475,4.2158374437021315,0.9772097017790051
2026-02-04T18:56:37.856382,LIMOUS,519c46f2-4ac2-42af-96e1-931bac2f05b6,28,logical,LOG-BOOL-20-5-3,boolean,20,22,2,20,22,18,22,24,18,22,24,"A is True.
B is True.
C is False.
D is True.
E is False.
What is: (((D AND (NOT D)) OR (NOT A)) AND B)?",False,f,1,8.992742776870728,6.45255913351646,0.5444327152163032
2026-02-04T18:56:44.513615,LIMOUS,519c46f2-4ac2-42af-96e1-931bac2f05b6,29,logical,LOG-CONSTRAINT-22-6-5,yesno,22,24,2,22,24,18,24,24,18,24,24,"C is above D.
B is above F.
F is above D.
C is above F.
E is above D.
Is E above B?",no,no,1,6.649605989456177,4.9401710019566325,0.6309516747749108
2026-02-04T18:56:54.664203,LIMOUS,519c46f2-4ac2-42af-96e1-931bac2f05b6,30,numerical,NUM-SQUARE-18,integer,18,16,-2,18,16,16,24,24,16,24,24,What is 14^2?,196,256,0,10.143268823623657,4.669588222993746,0.42412618858216516
2026-02-04T18:57:00.096374,LIMOUS,519c46f2-4ac2-42af-96e1-931bac2f05b6,31,numerical,NUM-DIV-16,integer,16,17,1,16,17,17,24,24,17,24,24,What is 1650 divided by 150?,11,11,1,5.424645900726318,3.649818821439604,0.6958598593620164
2026-02-04T18:57:20.088021,LIMOUS,519c46f2-4ac2-42af-96e1-931bac2f05b6,32,pattern,PAT-MP-24-4-4,integer,24,26,2,24,26,17,24,26,17,24,26,"19, 76, 304, 1216, ?",4864,4864,1,19.983856439590454,8.56594938837419,0.3878561039521484
2026-02-04T18:57:33.169395,LIMOUS,519c46f2-4ac2-42af-96e1-931bac2f05b6,33,pattern,PAT-AP-26-10-25,integer,26,27,1,26,27,17,24,27,17,24,27,"23, 5, -13, -31, -49, -67, -85, -103, -121, -139, ?",-157,-157,1,13.073938846588135,6.406231838630587,0.8113130088786502
2026-02-04T18:57:39.231178,LIMOUS,519c46f2-4ac2-42af-96e1-931bac2f05b6,34,pattern,PAT-AP-27-13-30,integer,27,29,2,27,29,17,24,29,17,24,29,"-44, -56, -68, -80, -92, -104, -116, -128, -140, -152, -164, -176, -188, ?",-200,-200,1,6.054529190063477,6.535931851676357,0.8099282270025564
2026-02-04T18:57:51.775401,LIMOUS,519c46f2-4ac2-42af-96e1-931bac2f05b6,35,numerical,NUM-NEARBOUNDARY-17,integer,17,18,1,17,18,18,24,29,18,24,29,What is 518 - 31?,487,487,1,12.53663182258606,4.307178654621862,0.9770079390340598
2026-02-04T18:57:57.215457,LIMOUS,519c46f2-4ac2-42af-96e1-931bac2f05b6,36,logical,LOG-IMP-24-6-6,yesno,24,26,2,24,26,18,26,29,18,26,29,"D is True.
E is True.
If F is True, then C is True.
If A is True, then D is True.
If E is True, then A is True.
If F is True, then D is True.
If D is True, then B is True.
If E is True, then D is True.
Is F True?",no,no,1,5.427795886993408,5.717258535705243,0.5227307880019941
2026-02-04T18:58:09.600460,LIMOUS,519c46f2-4ac2-42af-96e1-931bac2f05b6,37,logical,LOG-BOOL-26-4-5,boolean,26,27,1,26,27,18,27,29,18,27,29,"A is False.
B is False.
C is False.
D is False.
What is: (NOT (((((B OR D) OR (NOT B)) AND D) AND (NOT B)) OR C))?",True,t,1,12.373760461807251,7.270721344317973,0.5309796878101376
2026-02-05T14:11:57.061024,LIMOUS,a1093b00-7714-4ec2-a1a7-92fdd4b46ec0,0,numerical,NUM-NEARBOUNDARY-0,integer,0,3,3,0,3,3,0,0,3,0,0,What is 9 + 3?,12,12,1,1.7087101936340332,3.0541866089489718,0.8860268241981039
2026-02-05T14:11:58.947252,LIMOUS,a1093b00-7714-4ec2-a1a7-92fdd4b46ec0,1,logical,LOG-COMP-0-4,yesno,0,4,4,0,4,3,4,0,3,4,0,"A is heavier than B.
 D is heavier than B.
 A is heavier than C.
 Is C heavier than B?",no,no,1,1.8766851425170898,5.3991997898980575,0.21315702807793108
2026-02-05T14:12:02.010476,LIMOUS,a1093b00-7714-4ec2-a1a7-92fdd4b46ec0,2,pattern,PAT-AP-0-4-5,integer,0,2,2,0,2,3,4,2,3,4,2,"7, 4, 1, -2, ?",-5,-5,1,3.0533361434936523,3.6212390337699283,0.8416657425303283
2026-02-05T14:12:07.068621,LIMOUS,a1093b00-7714-4ec2-a1a7-92fdd4b46ec0,3,pattern,PAT-AP-2-4-5,integer,2,4,2,2,4,3,4,4,3,4,4,"8, 3, -2, -7, ?",-12,-12,1,5.04835844039917,3.7848978998718303,0.8409411003549454
2026-02-05T14:12:08.687849,LIMOUS,a1093b00-7714-4ec2-a1a7-92fdd4b46ec0,4,pattern,PAT-CP-4-2-4,integer,4,7,3,4,7,3,4,7,3,4,7,"7, 7, 7, 7, ?",7,7,1,1.61114501953125,2.7710530497082235,0.9590145490699327
2026-02-05T14:12:10.363657,LIMOUS,a1093b00-7714-4ec2-a1a7-92fdd4b46ec0,5,numerical,NUM-DIV-3,integer,3,6,3,3,6,6,4,7,6,4,7,What is 400 divided by 40?,10,10,1,1.6682298183441162,2.6856619277868763,0.6886347532983867
2026-02-05T14:12:13.756740,LIMOUS,a1093b00-7714-4ec2-a1a7-92fdd4b46ec0,6,pattern,PAT-CP-7-3-6,integer,7,9,2,7,9,6,4,9,6,4,9,"7, 13, 10, 7, 13, 10, ?",7,7,1,3.3859922885894775,2.9731412524443344,0.9586933503649093
2026-02-05T14:12:18.726382,LIMOUS,a1093b00-7714-4ec2-a1a7-92fdd4b46ec0,7,numerical,NUM-SQUARE-6,integer,6,5,-1,6,5,5,4,9,5,4,9,What is 14^2?,196,216,0,4.961584091186523,3.510155823359021,0.36863242199084
2026-02-05T14:12:23.430395,LIMOUS,a1093b00-7714-4ec2-a1a7-92fdd4b46ec0,8,pattern,PAT-AP-9-5-7,integer,9,11,2,9,11,5,4,11,5,4,11,"28, 31, 34, 37, 40, ?",43,43,1,4.695796012878418,4.404711581218341,0.8383836665150991
2026-02-05T14:12:25.697977,LIMOUS,a1093b00-7714-4ec2-a1a7-92fdd4b46ec0,9,pattern,PAT-CP-11-3-7,integer,11,14,3,11,14,5,4,14,5,4,14,"17, 9, 2, 17, 9, 2, 17, ?",9,9,1,2.259660482406616,3.259537929052305,0.9582613369344458
2026-02-05T14:12:28.731713,LIMOUS,a1093b00-7714-4ec2-a1a7-92fdd4b46ec0,10,pattern,PAT-AP-14-6-10,integer,14,17,3,14,17,5,4,17,5,4,17,"10, 15, 20, 25, 30, 35, ?",40,40,1,3.023085117340088,4.896008876343545,0.83653667861429
2026-02-05T14:12:31.840688,LIMOUS,a1093b00-7714-4ec2-a1a7-92fdd4b46ec0,11,numerical,NUM-DIV-5,integer,5,7,2,5,7,7,4,17,7,4,17,What is 160 divided by 80?,2,2,1,3.1014750003814697,2.8161877992098203,0.6874698043255277
2026-02-05T14:12:33.381711,LIMOUS,a1093b00-7714-4ec2-a1a7-92fdd4b46ec0,12,numerical,NUM-SQUARE-7,integer,7,11,4,7,11,11,4,17,11,4,17,What is 7^2?,49,49,1,1.5324230194091797,3.5893234559361877,0.3680010362466317
2026-02-05T14:12:38.050671,LIMOUS,a1093b00-7714-4ec2-a1a7-92fdd4b46ec0,13,logical,LOG-CONSTRAINT-4-3-2,yesno,4,3,-1,4,3,11,3,17,11,3,17,"A is left of B.
C is left of A.
Is C left of B?",yes,no,0,4.661373853683472,3.465118464901047,0.667403664165586
2026-02-05T14:12:58.001733,LIMOUS,a1093b00-7714-4ec2-a1a7-92fdd4b46ec0,14,pattern,PAT-MIXED-17-3-9-8,integer,17,19,2,17,19,11,3,19,11,3,19,"9, 12, 36, 43, 46, 138, 145, 148, ?",444,444,1,19.943530082702637,11.43694099983202,0.303591004358051
2026-02-05T14:13:10.118616,LIMOUS,a1093b00-7714-4ec2-a1a7-92fdd4b46ec0,15,logical,LOG-COMP-3-4,yesno,3,5,2,3,5,11,5,19,11,5,19,"A is older than B.
 B is older than D.
 A is older than D.
 Is C older than A?",no,no,1,12.108871936798096,5.742128613079121,0.21179474424760392
2026-02-05T14:13:13.636366,LIMOUS,a1093b00-7714-4ec2-a1a7-92fdd4b46ec0,16,pattern,PAT-MP-19-4-2,integer,19,22,3,19,22,11,5,22,11,5,22,"8, 16, 32, 64, ?",128,128,1,3.510279655456543,7.868229463955254,0.40507995533876323
2026-02-05T14:13:22.244610,LIMOUS,a1093b00-7714-4ec2-a1a7-92fdd4b46ec0,17,pattern,PAT-MP-22-3-3,integer,22,24,2,22,24,11,5,24,11,5,24,"14, 42, 126, ?",378,378,1,8.60107421875,8.343471930767224,0.4031195008604616
2026-02-05T14:13:33.333205,LIMOUS,a1093b00-7714-4ec2-a1a7-92fdd4b46ec0,18,pattern,PAT-MIXED-24-2-10-10,integer,24,27,3,24,27,11,5,27,11,5,27,"4, 11, 44, 51, 204, 211, 844, 851, 3404, ?",3411,3411,1,11.080785274505615,13.047965173618826,0.29958976102184576
2026-02-05T14:13:36.538743,LIMOUS,a1093b00-7714-4ec2-a1a7-92fdd4b46ec0,19,logical,LOG-IMP-5-4-3,yesno,5,7,2,5,7,11,7,27,11,7,27,"B is True.
If B is True, then C is True.
If D is True, then B is True.
If A is True, then C is True.
Is C True?",yes,yes,1,3.197675943374634,4.091978743136486,0.5552591762487292
2026-02-05T14:13:44.421449,LIMOUS,a1093b00-7714-4ec2-a1a7-92fdd4b46ec0,20,pattern,PAT-MP-27-3-3,integer,27,30,3,27,30,11,7,30,11,7,30,"25, 75, 225, ?",675,675,1,7.875687122344971,9.192809109575464,0.3998589720040165
2026-02-05T14:13:48.064913,LIMOUS,a1093b00-7714-4ec2-a1a7-92fdd4b46ec0,21,logical,LOG-IMP-7-4-3,yesno,7,9,2,7,9,11,9,30,11,9,30,"D is True.
C is True.
If D is True, then C is True.
If A is True, then D is True.
If C is True, then A is True.
Is A True?",yes,yes,1,3.6353378295898438,4.272308620302971,0.5539184627696639
2026-02-05T14:13:49.980479,LIMOUS,a1093b00-7714-4ec2-a1a7-92fdd4b46ec0,22,numerical,NUM-SQUARE-11,integer,11,15,4,11,15,15,9,30,15,9,30,What is 9^2?,81,81,1,1.9043331146240234,3.920136508417146,0.365480033414297
2026-02-05T14:13:52.367757,LIMOUS,a1093b00-7714-4ec2-a1a7-92fdd4b46ec0,23,numerical,NUM-SQUARE-15,integer,15,19,4,15,19,19,9,30,19,9,30,What is 25^2?,625,625,1,2.3781518936157227,4.274795619416864,0.3629663822542311
2026-02-05T14:14:00.835992,LIMOUS,a1093b00-7714-4ec2-a1a7-92fdd4b46ec0,24,logical,LOG-IMP-9-4-3,yesno,9,10,1,9,10,19,10,30,19,10,30,"D is True.
If A is True, then C is True.
If B is True, then D is True.
If A is True, then B is True.
Is C True?",no,no,1,8.460731744766235,4.459024789761568,0.5525769643558655
2026-02-05T14:14:04.055953,LIMOUS,a1093b00-7714-4ec2-a1a7-92fdd4b46ec0,25,numerical,NUM-DIV-19,integer,19,21,2,19,21,21,10,30,21,10,30,What is 1080 divided by 120?,9,9,1,3.212185859680176,3.8688840749230193,0.679249282142403
2026-02-05T14:14:08.066959,LIMOUS,a1093b00-7714-4ec2-a1a7-92fdd4b46ec0,26,pattern,PAT-CP-30-8-16,integer,30,32,2,30,32,21,10,32,21,10,32,"20, 20, 3, 12, 8, 15, 8, 17, 20, 20, 3, 12, 8, 15, 8, 17, ?",20,20,1,4.003452301025391,4.928540500158939,0.9561496155345954
2026-02-05T14:14:20.389328,LIMOUS,a1093b00-7714-4ec2-a1a7-92fdd4b46ec0,27,pattern,PAT-MIXED-32-3-10-12,integer,32,35,3,32,35,21,10,35,21,10,35,"11, 18, 25, 50, 57, 64, 128, 135, 142, ?",284,284,1,12.314958095550537,15.146202347903454,0.29505409577810177
2026-02-05T14:14:35.970661,LIMOUS,a1093b00-7714-4ec2-a1a7-92fdd4b46ec0,28,pattern,PAT-MIXED-35-4-13-12,integer,35,38,3,35,38,21,10,38,21,10,38,"3, 10, 15, 24, 34, 41, 46, 55, 65, 72, 77, 86, ?",96,96,1,15.5736722946167,16.011466498391563,0.2933635524712306
2026-02-05T14:14:44.067024,LIMOUS,a1093b00-7714-4ec2-a1a7-92fdd4b46ec0,29,logical,LOG-BOOL-10-3-2,boolean,10,11,1,10,11,21,11,38,21,11,38,"A is False.
B is True.
C is False.
What is: (NOT ((A OR B) OR B))?",False,f,1,8.087218999862671,5.440669855114173,0.5685804396732994
2026-02-05T14:15:00.261690,LIMOUS,a1093b00-7714-4ec2-a1a7-92fdd4b46ec0,30,pattern,PAT-MP-38-3-4,integer,38,41,3,38,41,21,11,41,21,11,41,"24, 96, 384, ?",1536,1536,1,16.18743872642517,11.343042465514321,0.3927173246789795
2026-02-05T14:15:09.368705,LIMOUS,a1093b00-7714-4ec2-a1a7-92fdd4b46ec0,31,numerical,NUM-SQUARE-21,integer,21,23,2,21,23,23,11,41,23,11,41,What is 31^2?,961,961,1,9.099571704864502,4.855289379077493,0.35920994176009996
2026-02-05T14:15:39.090717,LIMOUS,a1093b00-7714-4ec2-a1a7-92fdd4b46ec0,32,numerical,NUM-SQUARE-23,integer,23,25,2,23,25,25,11,41,25,11,41,What is 36^2?,1296,1296,1,29.71419930458069,5.062651520156049,0.35796159471424066
2026-02-05T14:15:42.021580,LIMOUS,a1093b00-7714-4ec2-a1a7-92fdd4b46ec0,33,pattern,PAT-CP-41-7-13,integer,41,44,3,41,44,25,11,44,25,11,44,"19, 11, 4, 3, 4, 13, 4, 19, 11, 4, 3, 4, 13, ?",4,4,1,2.92332124710083,6.179201176566632,0.9548808318008921
2026-02-05T14:15:54.373472,LIMOUS,a1093b00-7714-4ec2-a1a7-92fdd4b46ec0,34,pattern,PAT-MP-44-4-4,integer,44,47,3,44,47,25,11,47,25,11,47,"20, 80, 320, 1280, ?",5120,5120,1,12.344342947006226,12.701400142934492,0.3888409239024585
2026-02-05T14:15:58.485180,LIMOUS,a1093b00-7714-4ec2-a1a7-92fdd4b46ec0,35,logical,LOG-BOOL-11-3-2,boolean,11,13,2,11,13,25,13,47,25,13,47,"A is False.
B is False.
C is True.
What is: (NOT ((B AND B) OR B))?",True,t,1,4.104271650314331,5.5537241717742925,0.567914635754477
2026-02-05T14:16:05.548280,LIMOUS,a1093b00-7714-4ec2-a1a7-92fdd4b46ec0,36,pattern,PAT-MP-47-4-4,integer,47,51,4,47,51,25,13,51,25,13,51,"15, 60, 240, 960, ?",3840,3840,1,7.054003477096558,13.435648983604656,0.3869079487528952
2026-02-05T14:16:09.793297,LIMOUS,a1093b00-7714-4ec2-a1a7-92fdd4b46ec0,37,logical,LOG-BOOL-13-3-2,boolean,13,15,2,13,15,25,15,51,25,15,51,"A is True.
B is True.
C is False.
What is: (NOT ((B OR C) OR B))?",False,f,1,4.236532211303711,5.785821031265719,0.5665822938332857
2026-02-05T14:16:15.432970,LIMOUS,a1093b00-7714-4ec2-a1a7-92fdd4b46ec0,38,logical,LOG-COMP-15-7,yesno,15,18,3,15,18,25,18,51,25,18,51,"D is heavier than A.
 B is heavier than E.
 A is heavier than E.
 F is heavier than D.
 B is heavier than C.
 D is heavier than G.
 C is heavier than D.
 F is heavier than C.
 Is E heavier than D?",no,no,1,5.6315295696258545,7.307732156464425,0.20640938472273102
2026-02-05T14:16:18.435617,LIMOUS,a1093b00-7714-4ec2-a1a7-92fdd4b46ec0,39,numerical,NUM-RATIO-DIV-25,integer,25,28,3,25,28,28,18,51,28,18,51,"85 -> 17, 55 -> ?",11,11,1,2.993407964706421,5.4353189200208085,0.6114253239548489
2026-02-05T14:16:20.467671,LIMOUS,a1093b00-7714-4ec2-a1a7-92fdd4b46ec0,40,numerical,NUM-DIV-28,integer,28,31,3,28,31,31,18,51,31,18,51,What is 3600 divided by 200?,18,18,1,2.023742437362671,4.6943417025279315,0.6739049038588574
2026-02-05T14:16:45.674209,LIMOUS,a1093b00-7714-4ec2-a1a7-92fdd4b46ec0,41,pattern,PAT-MIXED-51-4-10-12,integer,51,54,3,51,54,31,18,54,31,18,54,"3, 14, 112, 336, 346, 357, 2856, 8568, 8578, ?",8589,8589,1,25.1989688873291,21.472722660930557,0.284443870537759
2026-02-05T14:16:49.461800,LIMOUS,a1093b00-7714-4ec2-a1a7-92fdd4b46ec0,42,logical,LOG-IMP-18-5-4,yesno,18,21,3,18,21,31,21,54,31,21,54,"B is True.
E is True.
If E is True, then B is True.
If E is True, then D is True.
If A is True, then E is True.
If B is True, then D is True.
Is D True?",yes,yes,1,3.778243064880371,5.384533301085949,0.5465310207181454
2026-02-05T14:17:01.516237,LIMOUS,a1093b00-7714-4ec2-a1a7-92fdd4b46ec0,43,pattern,PAT-AP-54-12-30,integer,54,56,2,54,56,31,21,56,31,21,56,"43, 20, -3, -26, -49, -72, -95, -118, -141, -164, -187, -210, ?",-233,-233,1,12.046576738357544,10.826138843023482,0.8211459401440445
2026-02-05T14:18:17.442960,LIMOUS,8708f5ea-ea10-4e7e-b07d-7a875c831315,0,pattern,PAT-CP-0-2-4,integer,0,3,3,0,3,0,0,3,0,0,3,"3, 19, 3, 19, ?",3,3,1,1.4607915878295898,2.517500415892593,0.9594390964142996
2026-02-05T14:18:19.867914,LIMOUS,8708f5ea-ea10-4e7e-b07d-7a875c831315,1,logical,LOG-IMP-0-3-2,yesno,0,3,3,0,3,0,3,3,0,3,3,"C is True.
If C is True, then A is True.
If B is True, then A is True.
Is B True?",no,no,1,2.4165596961975098,3.667678943762807,0.5586074010130689
2026-02-05T14:18:22.231168,LIMOUS,8708f5ea-ea10-4e7e-b07d-7a875c831315,2,logical,LOG-IMP-3-3-2,yesno,3,6,3,3,6,0,6,3,0,6,3,"A is True.
If A is True, then B is True.
If B is True, then A is True.
Is B True?",yes,yes,1,2.3549866676330566,3.9178167265678523,0.5565990857517573
2026-02-05T14:18:23.612110,LIMOUS,8708f5ea-ea10-4e7e-b07d-7a875c831315,3,numerical,NUM-DIV-0,integer,0,3,3,0,3,3,6,3,3,6,3,What is 80 divided by 40?,2,2,1,1.3733408451080322,2.498195953749046,0.690377705647113
2026-02-05T14:18:26.076504,LIMOUS,8708f5ea-ea10-4e7e-b07d-7a875c831315,4,logical,LOG-IMP-6-4-3,yesno,6,9,3,6,9,3,9,3,3,9,3,"D is True.
If A is True, then D is True.
If B is True, then A is True.
If A is True, then C is True.
Is B True?",no,no,1,2.4551455974578857,4.181359225322828,0.5545889188171972
2026-02-05T14:18:30.386339,LIMOUS,8708f5ea-ea10-4e7e-b07d-7a875c831315,5,logical,LOG-IMP-9-4-3,yesno,9,11,2,9,11,3,11,3,3,11,3,"B is True.
If B is True, then C is True.
If C is True, then A is True.
If C is True, then B is True.
Is A True?",yes,yes,1,4.301828622817993,4.459024789761568,0.5525769643558655
2026-02-05T14:18:31.908606,LIMOUS,8708f5ea-ea10-4e7e-b07d-7a875c831315,6,numerical,NUM-SQUARE-3,integer,3,7,4,3,7,7,11,3,7,11,3,What is 3^2?,9,9,1,1.5147180557250977,3.28075313503484,0.3705292738757056
2026-02-05T14:18:37.126170,LIMOUS,8708f5ea-ea10-4e7e-b07d-7a875c831315,7,pattern,PAT-MIXED-3-2-6-3,integer,3,7,4,3,7,7,11,7,7,11,7,"5, 15, 17, 51, 53, ?",159,159,1,5.2096168994903564,8.747963141595594,0.31168299978326847
2026-02-05T14:18:41.019346,LIMOUS,8708f5ea-ea10-4e7e-b07d-7a875c831315,8,logical,LOG-BOOL-11-3-2,boolean,11,14,3,11,14,7,14,7,7,14,7,"A is True.
B is False.
C is False.
What is: (NOT ((A OR A) AND C))?",True,t,1,3.8852360248565674,5.5537241717742925,0.567914635754477
2026-02-05T14:18:46.729535,LIMOUS,8708f5ea-ea10-4e7e-b07d-7a875c831315,9,logical,LOG-BOOL-14-3-2,boolean,14,16,2,14,16,7,16,7,7,16,7,"A is True.
B is True.
C is False.
What is: ((B AND (NOT A)) OR (NOT C))?",True,t,1,5.698354721069336,5.904933852901571,0.5659157604707293
2026-02-05T14:18:48.528907,LIMOUS,8708f5ea-ea10-4e7e-b07d-7a875c831315,10,numerical,NUM-SQUARE-7,integer,7,11,4,7,11,11,16,7,11,16,7,What is 7^2?,49,49,1,1.7918064594268799,3.5893234559361877,0.3680010362466317
2026-02-05T14:18:49.991549,LIMOUS,8708f5ea-ea10-4e7e-b07d-7a875c831315,11,numerical,NUM-SQUARE-11,integer,11,15,4,11,15,15,16,7,15,16,7,What is 9^2?,81,81,1,1.4532155990600586,3.920136508417146,0.365480033414297
2026-02-05T14:18:56.225807,LIMOUS,8708f5ea-ea10-4e7e-b07d-7a875c831315,12,numerical,NUM-NEARBOUNDARY-15,integer,15,16,1,15,16,16,16,7,16,16,7,What is 509 + 22?,531,531,1,6.226342678070068,4.2633294107558095,0.8818510931557756
2026-02-05T14:19:00.506588,LIMOUS,8708f5ea-ea10-4e7e-b07d-7a875c831315,13,numerical,NUM-NEARBOUNDARY-16,integer,16,18,2,16,18,18,16,7,18,16,7,What is 203 + 29?,232,232,1,4.272781610488892,4.355717644165665,0.8815680523806024
2026-02-05T14:19:06.313615,LIMOUS,8708f5ea-ea10-4e7e-b07d-7a875c831315,14,numerical,NUM-RATIO-DIV-18,integer,18,20,2,18,20,20,16,7,20,16,7,"66 -> 11, 84 -> ?",14,14,1,5.799048900604248,4.697314930257896,0.6159289120551348
2026-02-05T17:04:41.580166,LIMOUS,6cc287d0-9bf3-4aa8-8b0f-bcbb7f198b28,0,logical,LOG-BOOL-0-2-1,boolean,0,1,1,0,1,0,0,0,0,1,0,"A is False.
B is True.
What is: (B AND A)?",False,false,1,7.1020729541778564,4.395860344470146,0.5493938539667818
2026-02-05T17:04:47.079562,LIMOUS,6cc287d0-9bf3-4aa8-8b0f-bcbb7f198b28,1,numerical,NUM-RATIO-MUL-0,integer,0,1,1,0,1,0,1,0,1,1,0,"7 -> 14, 4 -> ?",8,8,1,5.487025022506714,3.149595263222631,0.6397175597350054
2026-02-05T17:04:57.931179,LIMOUS,6cc287d0-9bf3-4aa8-8b0f-bcbb7f198b28,2,logical,LOG-COMP-1-4,yesno,1,3,2,1,3,1,1,0,1,3,0,"B is larger than A.
 C is larger than D.
 A is larger than D.
 Is B larger than D?",yes,yes,1,10.83524465560913,5.473210042930056,0.18935312478675367
2026-02-05T17:05:03.276568,LIMOUS,6cc287d0-9bf3-4aa8-8b0f-bcbb7f198b28,3,logical,LOG-BOOL-3-2-1,boolean,3,5,2,3,5,1,3,0,1,5,0,"A is False.
B is True.
What is: (A OR B)?",True,true,1,5.332621335983276,4.681883115663746,0.5511024081144175
2026-02-05T17:05:09.302086,LIMOUS,6cc287d0-9bf3-4aa8-8b0f-bcbb7f198b28,4,logical,LOG-IMP-5-4-3,yesno,5,6,1,5,6,1,5,0,1,6,0,"D is True.
If A is True, then B is True.
If C is True, then A is True.
If D is True, then A is True.
Is A True?",yes,yes,1,6.012248754501343,3.953028565670939,0.6154954718698633
2026-02-05T17:05:21.437150,LIMOUS,6cc287d0-9bf3-4aa8-8b0f-bcbb7f198b28,5,pattern,PAT-MIXED-0-2-5-3,integer,0,3,3,0,3,1,6,0,1,6,3,"14, 16, 32, 34, ?",68,68,1,12.123859167098999,8.400230886668576,0.2881470965507511
2026-02-05T17:05:30.622781,LIMOUS,6cc287d0-9bf3-4aa8-8b0f-bcbb7f198b28,6,logical,LOG-CONSTRAINT-6-4-3,yesno,6,7,1,6,7,1,6,3,1,7,3,"C is left of B.
A is left of B.
D is left of A.
Is C left of B?",yes,yes,1,9.173702716827393,3.610593425377795,0.5531084184732643
2026-02-05T17:05:35.168073,LIMOUS,6cc287d0-9bf3-4aa8-8b0f-bcbb7f198b28,7,numerical,NUM-RATIO-MUL-1,integer,1,2,1,1,2,1,7,3,2,7,3,"8 -> 16, 7 -> ?",14,14,1,4.533961534500122,3.2216569270558555,0.6402477941857677
2026-02-05T17:05:40.444091,LIMOUS,6cc287d0-9bf3-4aa8-8b0f-bcbb7f198b28,8,numerical,NUM-DIV-2,integer,2,3,1,2,3,2,7,3,3,7,3,What is 720 divided by 80?,9,9,1,5.264515399932861,2.5073225202644847,0.6672371885906783
2026-02-05T17:05:49.512406,LIMOUS,6cc287d0-9bf3-4aa8-8b0f-bcbb7f198b28,9,numerical,NUM-SQUARE-3,integer,3,5,2,3,5,3,7,3,5,7,3,What is 7^2?,49,49,1,9.055129766464233,3.316705163700071,0.35653205562053275
2026-02-05T17:06:04.864472,LIMOUS,6cc287d0-9bf3-4aa8-8b0f-bcbb7f198b28,10,logical,LOG-COMP-7-4,yesno,7,9,2,7,9,5,7,3,5,9,3,"D is taller than A.
 C is taller than B.
 A is taller than C.
 Is C taller than D?",no,no,1,15.339799880981445,6.177660104335911,0.1914817135000011
2026-02-05T17:06:07.957101,LIMOUS,6cc287d0-9bf3-4aa8-8b0f-bcbb7f198b28,11,numerical,NUM-DIV-5,integer,5,7,2,5,7,5,9,3,7,9,3,What is 250 divided by 50?,5,5,1,3.0777413845062256,2.693238026351268,0.6687683105958543
2026-02-05T17:06:10.334660,LIMOUS,6cc287d0-9bf3-4aa8-8b0f-bcbb7f198b28,12,numerical,NUM-DIV-7,integer,7,9,2,7,9,7,9,3,9,9,3,What is 350 divided by 50?,7,7,1,2.3659250736236572,2.8226249928690836,0.6697870801539346
2026-02-05T17:06:16.534447,LIMOUS,6cc287d0-9bf3-4aa8-8b0f-bcbb7f198b28,13,pattern,PAT-AP-3-4-5,integer,3,4,1,3,4,9,9,3,9,9,4,"33, 29, 25, 21, ?",17,17,1,6.188344717025757,3.9274981192293357,0.836197517477742
2026-02-05T17:06:19.610531,LIMOUS,6cc287d0-9bf3-4aa8-8b0f-bcbb7f198b28,14,numerical,NUM-SQUARE-9,integer,9,12,3,9,12,9,9,4,12,9,4,What is 6^2?,36,36,1,3.04894757270813,3.786472589362508,0.3597060591610297
2026-02-05T17:06:24.382282,LIMOUS,6cc287d0-9bf3-4aa8-8b0f-bcbb7f198b28,15,pattern,PAT-AP-4-4-5,integer,4,6,2,4,6,12,9,4,12,9,6,"18, 15, 12, 9, ?",6,6,1,4.751217842102051,4.013068805159554,0.8365124878206133
2026-02-05T17:06:33.481673,LIMOUS,6cc287d0-9bf3-4aa8-8b0f-bcbb7f198b28,16,pattern,PAT-AP-6-5-7,integer,6,7,1,6,7,12,9,6,12,9,7,"12, 6, 0, -6, -12, ?",-18,-18,1,9.087179183959961,4.188694031862175,0.8371409664200331
2026-02-05T17:06:44.772695,LIMOUS,6cc287d0-9bf3-4aa8-8b0f-bcbb7f198b28,17,numerical,NUM-RATIO-MUL-12,integer,12,10,-2,12,10,12,9,7,10,9,7,"14 -> 84, 7 -> ?",42,41,0,11.280102968215942,4.101902067837062,0.6460575565754446
2026-02-05T17:06:55.437890,LIMOUS,6cc287d0-9bf3-4aa8-8b0f-bcbb7f198b28,18,pattern,PAT-CP-7-3-7,integer,7,8,1,7,8,10,9,7,10,9,8,"6, 2, 17, 6, 2, 17, 6, ?",2,2,1,10.651987075805664,3.013428128953713,0.9564352649450887
2026-02-05T17:07:04.081220,LIMOUS,6cc287d0-9bf3-4aa8-8b0f-bcbb7f198b28,19,logical,LOG-BOOL-9-3-2,boolean,9,10,1,9,10,10,9,8,10,10,8,"A is False.
B is True.
C is False.
What is: ((C OR B) AND A)?",False,false,1,8.631991624832153,5.300216660100761,0.554515861573859
2026-02-05T17:07:32.085064,LIMOUS,6cc287d0-9bf3-4aa8-8b0f-bcbb7f198b28,20,logical,LOG-CONSTRAINT-10-4-3,yesno,10,11,1,10,11,10,10,8,10,11,8,"A is above C.
B is above C.
A is above D.
Is D above C?",no,no,1,27.992360591888428,3.9393024417763067,0.5553826437769539
2026-02-05T17:07:43.376913,LIMOUS,6cc287d0-9bf3-4aa8-8b0f-bcbb7f198b28,21,pattern,PAT-CP-8-3-6,integer,8,9,1,8,9,10,11,8,10,11,9,"9, 10, 6, 9, 10, 6, ?",9,9,1,11.278846979141235,3.083125121142503,0.9565310529010327
2026-02-05T17:08:05.332038,LIMOUS,6cc287d0-9bf3-4aa8-8b0f-bcbb7f198b28,22,logical,LOG-IMP-11-5-4,yesno,11,12,1,11,12,10,11,9,10,12,9,"B is True.
If D is True, then B is True.
If C is True, then B is True.
If E is True, then C is True.
If D is True, then A is True.
Is C True?",no,no,1,21.943222045898438,4.492044178340987,0.6187580057214076
2026-02-05T17:08:19.918599,LIMOUS,6cc287d0-9bf3-4aa8-8b0f-bcbb7f198b28,23,pattern,PAT-MIXED-9-2-7-5,integer,9,8,-1,9,8,10,12,9,10,12,8,"8, 13, 39, 44, 132, 137, ?",411,401,0,14.574148893356323,9.975727216824145,0.29241404727321707
2026-02-05T17:08:27.528424,LIMOUS,6cc287d0-9bf3-4aa8-8b0f-bcbb7f198b28,24,pattern,PAT-MP-8-6-2,integer,8,10,2,8,10,10,12,8,10,12,10,"8, 16, 32, 64, 128, 256, ?",512,512,1,7.598639249801636,6.316593376457692,0.4008770821194968
2026-02-05T17:08:37.561211,LIMOUS,6cc287d0-9bf3-4aa8-8b0f-bcbb7f198b28,25,numerical,NUM-NEARBOUNDARY-10,integer,10,11,1,10,11,10,12,10,11,12,10,What is 107 - 8?,99,99,1,10.02086591720581,3.7953375722452636,0.8917765704960334
2026-02-05T17:08:50.283354,LIMOUS,6cc287d0-9bf3-4aa8-8b0f-bcbb7f198b28,26,logical,LOG-IMP-12-5-4,yesno,12,13,1,12,13,11,12,10,11,13,10,"C is True.
A is True.
If C is True, then A is True.
If A is True, then C is True.
If B is True, then C is True.
If D is True, then B is True.
Is D True?",no,no,1,12.709852457046509,4.587418742902608,0.6193007297869184
2026-02-05T17:09:00.483792,LIMOUS,6cc287d0-9bf3-4aa8-8b0f-bcbb7f198b28,27,numerical,NUM-RATIO-MUL-11,integer,11,12,1,11,12,11,13,10,12,13,10,"8 -> 56, 11 -> ?",77,77,1,10.189040660858154,4.014815040616472,0.6455311442504604
2026-02-05T17:09:10.784051,LIMOUS,6cc287d0-9bf3-4aa8-8b0f-bcbb7f198b28,28,logical,LOG-BOOL-13-3-2,boolean,13,14,1,13,14,12,13,10,12,14,10,"A is True.
B is False.
C is True.
What is: ((B OR (NOT A)) OR A)?",True,true,1,10.287217140197754,5.749386176987742,0.5567886637689141
2026-02-05T17:09:18.242398,LIMOUS,6cc287d0-9bf3-4aa8-8b0f-bcbb7f198b28,29,numerical,NUM-SQUARE-12,integer,12,10,-2,12,10,12,14,10,10,14,10,What is 16^2?,256,64,0,7.447737216949463,4.040193046685818,0.3612976957386449
2026-02-05T17:09:34.815304,LIMOUS,6cc287d0-9bf3-4aa8-8b0f-bcbb7f198b28,30,logical,LOG-COMP-14-6,yesno,14,16,2,14,16,10,14,10,10,16,10,"C is older than D.
 A is older than C.
 C is older than E.
 D is older than E.
 F is older than A.
 A is older than D.
 Is F older than E?",yes,yes,1,16.56273627281189,7.096983909019345,0.19398808796414382
2026-02-06T02:02:21.048194,LIMOUS,46333f02-e615-4df6-ada4-6b5e2368f9f8,0,pattern,PAT-MP-0-7-2,integer,0,3,3,0,3,0,0,0,0,0,3,"2, 4, 8, 16, 32, 64, 128, ?",256,256,1,5.15087890625,5.375163593882618,0.3964635177639644
2026-02-06T02:02:23.062820,LIMOUS,46333f02-e615-4df6-ada4-6b5e2368f9f8,1,pattern,PAT-AP-3-4-5,integer,3,1,-2,3,1,0,0,3,0,0,1,"9, 10, 11, 12, ?",13,14,0,2.0068557262420654,3.9274981192293357,0.836197517477742
2026-02-06T02:02:26.887535,LIMOUS,46333f02-e615-4df6-ada4-6b5e2368f9f8,2,numerical,NUM-RATIO-MUL-0,integer,0,2,2,0,2,0,0,1,2,0,1,"4 -> 12, 8 -> ?",24,24,1,3.8167073726654053,3.149595263222631,0.6397175597350054
2026-02-06T02:02:29.687404,LIMOUS,46333f02-e615-4df6-ada4-6b5e2368f9f8,3,logical,LOG-CONSTRAINT-0-3-2,yesno,0,2,2,0,2,2,0,1,2,2,1,"A is faster than C.
B is faster than C.
Is A faster than C?",yes,yes,1,2.791675090789795,3.158087626215922,0.5496929383439669
2026-02-06T02:02:31.520320,LIMOUS,46333f02-e615-4df6-ada4-6b5e2368f9f8,4,logical,LOG-IMP-2-3-2,yesno,2,5,3,2,5,2,2,1,2,5,1,"A is True.
If C is True, then A is True.
If B is True, then C is True.
Is B True?",no,no,1,1.8238575458526611,3.7036959188502427,0.6138602801976486
2026-02-06T02:02:34.095104,LIMOUS,46333f02-e615-4df6-ada4-6b5e2368f9f8,5,numerical,NUM-DIV-2,integer,2,4,2,2,4,2,5,1,4,5,1,What is 420 divided by 60?,7,7,1,2.5668158531188965,2.5073225202644847,0.6672371885906783
2026-02-06T02:02:44.774787,LIMOUS,46333f02-e615-4df6-ada4-6b5e2368f9f8,6,pattern,PAT-MIXED-1-2-6-3,integer,1,4,3,1,4,4,5,1,4,5,4,"20, 60, 63, 189, 192, ?",576,576,1,10.671630859375,8.563474826171175,0.2886193688666846
2026-02-06T02:02:47.175336,LIMOUS,46333f02-e615-4df6-ada4-6b5e2368f9f8,7,numerical,NUM-RATIO-MUL-4,integer,4,7,3,4,7,4,5,4,7,5,4,"4 -> 8, 3 -> ?",6,6,1,2.392031669616699,3.4454377397936513,0.6418364402946658
2026-02-06T02:02:50.254754,LIMOUS,46333f02-e615-4df6-ada4-6b5e2368f9f8,8,numerical,NUM-NEARBOUNDARY-7,integer,7,9,2,7,9,7,5,4,9,5,4,What is 98 + 9?,107,107,1,3.070716142654419,3.5539430005334234,0.8911084580951355
2026-02-06T02:02:53.575510,LIMOUS,46333f02-e615-4df6-ada4-6b5e2368f9f8,9,logical,LOG-COMP-5-4,yesno,5,4,-1,5,4,9,5,4,9,4,4,"D is taller than A.
 D is taller than C.
 C is taller than B.
 Is D taller than B?",yes,no,0,3.3104124069213867,5.934713001408367,0.19077016172439706
2026-02-06T02:03:01.158113,LIMOUS,46333f02-e615-4df6-ada4-6b5e2368f9f8,10,numerical,NUM-RATIO-MUL-9,integer,9,10,1,9,10,9,4,4,10,4,4,"9 -> 45, 8 -> ?",40,40,1,7.573049545288086,3.845075213412998,0.6444772624734497
2026-02-06T02:03:03.096045,LIMOUS,46333f02-e615-4df6-ada4-6b5e2368f9f8,11,pattern,PAT-CP-4-2-4,integer,4,7,3,4,7,10,4,4,10,4,7,"9, 7, 9, 7, ?",9,9,1,1.9291536808013916,2.811394434831233,0.9561466908926951
2026-02-06T02:03:06.862947,LIMOUS,46333f02-e615-4df6-ada4-6b5e2368f9f8,12,logical,LOG-COMP-4-4,yesno,4,8,4,4,8,10,4,7,10,8,7,"B is heavier than D.
 C is heavier than B.
 C is heavier than A.
 Is C heavier than D?",yes,yes,1,3.758326530456543,5.8163407684860955,0.19041514437396245
2026-02-06T02:03:11.198364,LIMOUS,46333f02-e615-4df6-ada4-6b5e2368f9f8,13,numerical,NUM-DIV-10,integer,10,11,1,10,11,10,8,7,11,8,7,What is 1080 divided by 90?,12,12,1,4.327063798904419,3.0252539943433048,0.671312249122158
2026-02-06T02:03:16.622018,LIMOUS,46333f02-e615-4df6-ada4-6b5e2368f9f8,14,logical,LOG-COMP-8-6,yesno,8,7,-1,8,7,11,8,7,11,7,7,"E is larger than B.
 C is larger than E.
 F is larger than C.
 B is larger than A.
 E is larger than A.
 F is larger than B.
 Is C larger than A?",yes,no,0,5.4145591259002686,6.302306990776135,0.1918382481980759
2026-02-06T02:03:26.989873,LIMOUS,46333f02-e615-4df6-ada4-6b5e2368f9f8,15,pattern,PAT-MIXED-7-2-6-5,integer,7,10,3,7,10,11,7,7,11,7,10,"3, 8, 10, 15, 17, ?",22,22,1,10.357778787612915,9.604224374520482,0.29146263597863137
2026-02-06T02:03:36.166011,LIMOUS,46333f02-e615-4df6-ada4-6b5e2368f9f8,16,pattern,PAT-MIXED-10-2-8-6,integer,10,13,3,10,13,11,7,10,11,7,13,"18, 21, 23, 26, 28, 31, 33, ?",36,36,1,9.168701887130737,10.166331146810732,0.29289043563995154
2026-02-06T02:03:44.279208,LIMOUS,46333f02-e615-4df6-ada4-6b5e2368f9f8,17,pattern,PAT-MIXED-13-2-8-6,integer,13,16,3,13,16,11,7,13,11,7,16,"20, 26, 52, 58, 116, 122, 244, ?",250,250,1,8.104248762130737,10.758233971343499,0.29432232427920896
2026-02-06T02:03:47.494543,LIMOUS,46333f02-e615-4df6-ada4-6b5e2368f9f8,18,numerical,NUM-SQUARE-11,integer,11,10,-1,11,10,11,7,16,10,7,16,What is 17^2?,289,249,0,3.2071971893310547,3.9541593629307226,0.36076680975033765
2026-02-06T02:03:57.390686,LIMOUS,46333f02-e615-4df6-ada4-6b5e2368f9f8,19,logical,LOG-BOOL-7-2-2,boolean,7,8,1,7,8,10,7,16,10,8,16,"A is True.
B is False.
What is: ((A OR A) OR B)?",True,t,1,9.888070583343506,5.086968977271269,0.5533785988177782
2026-02-06T02:03:59.678227,LIMOUS,46333f02-e615-4df6-ada4-6b5e2368f9f8,20,numerical,NUM-NEARBOUNDARY-10,integer,10,13,3,10,13,10,8,16,13,8,16,What is 108 - 9?,99,99,1,2.2789902687072754,3.7953375722452636,0.8917765704960334
2026-02-06T02:04:03.862337,LIMOUS,46333f02-e615-4df6-ada4-6b5e2368f9f8,21,logical,LOG-IMP-8-4-3,yesno,8,10,2,8,10,13,8,16,13,10,16,"A is True.
If D is True, then A is True.
If C is True, then A is True.
If D is True, then C is True.
Is C True?",no,no,1,4.176283836364746,4.215577791505912,0.6171280579082903
2026-02-06T02:04:11.709301,LIMOUS,46333f02-e615-4df6-ada4-6b5e2368f9f8,22,numerical,NUM-NEARBOUNDARY-13,integer,13,14,1,13,14,13,10,16,14,10,16,What is 196 + 12?,208,208,1,7.837336540222168,4.049527942948244,0.8924410784319518
2026-02-06T02:04:24.101302,LIMOUS,46333f02-e615-4df6-ada4-6b5e2368f9f8,23,logical,LOG-CONSTRAINT-10-5-4,yesno,10,11,1,10,11,14,10,16,14,11,16,"B is faster than E.
C is faster than D.
D is faster than B.
A is faster than B.
Is D faster than E?",yes,yes,1,12.384421110153198,3.9393024417763067,0.5553826437769539
2026-02-06T02:04:35.541407,LIMOUS,46333f02-e615-4df6-ada4-6b5e2368f9f8,24,pattern,PAT-AP-16-7-15,integer,16,17,1,16,17,14,11,16,14,11,17,"19, 11, 3, -5, -13, -21, -29, ?",-37,-37,1,11.43079924583435,5.163537521341344,0.8402541968393452
2026-02-06T02:04:39.518460,LIMOUS,46333f02-e615-4df6-ada4-6b5e2368f9f8,25,pattern,PAT-CP-17-5-10,integer,17,19,2,17,19,14,11,17,14,11,19,"8, 3, 15, 12, 2, 8, 3, 15, 12, 2, ?",8,8,1,3.9698619842529297,3.7674645508313267,0.9573841421824699
2026-02-06T02:04:43.798444,LIMOUS,46333f02-e615-4df6-ada4-6b5e2368f9f8,26,numerical,NUM-RATIO-MUL-14,integer,14,16,2,14,16,14,11,19,16,11,19,"11 -> 77, 9 -> ?",63,63,1,4.27022647857666,4.280639432533961,0.6471093189063999
2026-02-06T02:05:03.759287,LIMOUS,46333f02-e615-4df6-ada4-6b5e2368f9f8,27,pattern,PAT-MP-19-5-3,integer,19,17,-2,19,17,16,11,19,16,11,17,"8, 24, 72, 216, 648, ?",1944,2544,0,19.953087329864502,7.8421545193879645,0.4069719472753361
2026-02-06T02:05:07.902361,LIMOUS,46333f02-e615-4df6-ada4-6b5e2368f9f8,28,pattern,PAT-MP-17-4-2,integer,17,20,3,17,20,16,11,17,16,11,20,"11, 22, 44, 88, ?",176,176,1,4.1341516971588135,7.542868151282391,0.4058615985169219
2026-02-06T02:05:10.677455,LIMOUS,46333f02-e615-4df6-ada4-6b5e2368f9f8,29,logical,LOG-IMP-11-4-4,yesno,11,14,3,11,14,16,11,20,16,14,20,"C is True.
A is True.
If A is True, then C is True.
If D is True, then A is True.
If B is True, then A is True.
If A is True, then B is True.
Is D True?",no,no,1,2.766712188720703,4.492044178340987,0.6187580057214076
2026-02-06T02:05:18.620897,LIMOUS,46333f02-e615-4df6-ada4-6b5e2368f9f8,30,logical,LOG-CONSTRAINT-14-4-4,yesno,14,15,1,14,15,16,14,20,16,15,20,"A is faster than C.
C is faster than D.
A is faster than D.
A is faster than B.
Is C faster than B?",no,no,1,7.933709621429443,4.29144653637255,0.5576545514238508
2026-02-06T02:05:28.399685,LIMOUS,46333f02-e615-4df6-ada4-6b5e2368f9f8,31,pattern,PAT-AP-20-7-20,integer,20,21,1,20,21,16,15,20,16,15,21,"35, 49, 63, 77, 91, 105, 119, ?",133,133,1,9.770542621612549,5.602962595134187,0.841485926286492
2026-02-06T02:05:33.069418,LIMOUS,46333f02-e615-4df6-ada4-6b5e2368f9f8,32,logical,LOG-CONSTRAINT-15-5-4,yesno,15,17,2,15,17,16,15,21,16,17,21,"A is left of C.
B is left of C.
D is left of C.
E is left of C.
Is D left of B?",no,no,1,4.660867929458618,4.383337532314989,0.5582221553454679
2026-02-06T02:05:36.582708,LIMOUS,46333f02-e615-4df6-ada4-6b5e2368f9f8,33,logical,LOG-BOOL-17-4-2,boolean,17,20,3,17,20,16,17,21,16,20,21,"A is True.
B is True.
C is True.
D is True.
What is: ((C OR A) AND B)?",True,t,1,3.505730152130127,6.230578918754937,0.5590590909857804
2026-02-06T02:05:51.740504,LIMOUS,46333f02-e615-4df6-ada4-6b5e2368f9f8,34,logical,LOG-CONSTRAINT-20-6-6,yesno,20,21,1,20,21,16,20,21,16,21,21,"C is faster than E.
D is faster than B.
A is faster than D.
E is faster than B.
B is faster than F.
B is faster than C.
Is A faster than E?",yes,yes,1,15.149901866912842,4.867290640418676,0.5610578649091598
2026-02-06T02:06:01.981890,LIMOUS,46333f02-e615-4df6-ada4-6b5e2368f9f8,35,numerical,NUM-RATIO-MUL-16,integer,16,17,1,16,17,16,21,21,17,21,21,"11 -> 55, 17 -> ?",85,85,1,10.232483148574829,4.465638588444023,0.6481596579275241
2026-02-06T02:06:06.636162,LIMOUS,46333f02-e615-4df6-ada4-6b5e2368f9f8,36,pattern,PAT-MP-21-4-3,integer,21,24,3,21,24,17,21,21,17,21,24,"15, 45, 135, 405, ?",1215,1215,1,4.646017789840698,8.151925929349234,0.4080832472843492
2026-02-06T02:06:24.348583,LIMOUS,46333f02-e615-4df6-ada4-6b5e2368f9f8,37,pattern,PAT-MP-24-5-4,integer,24,25,1,24,25,17,21,24,17,21,25,"18, 72, 288, 1152, 4608, ?",18432,18432,1,17.704336881637573,8.637049533178917,0.4097519577755927
2026-02-06T02:06:34.763867,LIMOUS,46333f02-e615-4df6-ada4-6b5e2368f9f8,38,logical,LOG-CONSTRAINT-21-6-6,yesno,21,22,1,21,22,17,21,25,17,22,25,"C is faster than A.
A is faster than E.
D is faster than E.
E is faster than B.
C is faster than F.
C is faster than D.
Is A faster than F?",no,no,1,10.406874418258667,4.9691817162758705,0.5616245347491474
2026-02-06T02:06:38.707478,LIMOUS,46333f02-e615-4df6-ada4-6b5e2368f9f8,39,numerical,NUM-RATIO-MUL-17,integer,17,19,2,17,19,17,22,25,19,22,25,"11 -> 66, 20 -> ?",120,120,1,3.935274124145508,4.5605545948519515,0.648684291127518
2026-02-06T02:06:42.834795,LIMOUS,46333f02-e615-4df6-ada4-6b5e2368f9f8,40,numerical,NUM-NEARBOUNDARY-19,integer,19,21,2,19,21,19,22,25,21,22,25,What is 486 - 22?,464,464,1,4.119827508926392,4.599045144752245,0.8937593344621164
2026-02-06T02:06:51.027177,LIMOUS,46333f02-e615-4df6-ada4-6b5e2368f9f8,41,numerical,NUM-RATIO-DIV-21,integer,21,22,1,21,22,21,22,25,22,22,25,"96 -> 16, 90 -> ?",15,15,1,8.183722496032715,4.956990424878374,0.6507792247156103
2026-02-06T02:06:58.083543,LIMOUS,46333f02-e615-4df6-ada4-6b5e2368f9f8,42,numerical,NUM-NEARBOUNDARY-22,integer,22,23,1,22,23,22,22,25,23,22,25,What is 487 - 41?,446,446,1,7.046946048736572,4.895838298411482,0.8944131093968344
2026-02-06T02:07:13.213600,LIMOUS,46333f02-e615-4df6-ada4-6b5e2368f9f8,43,pattern,PAT-AP-25-9-25,integer,25,26,1,25,26,23,22,25,23,22,26,"30, 7, -16, -39, -62, -85, -108, -131, -154, ?",-177,-177,1,15.121766328811646,6.19655797187316,0.843014735016784
2026-02-06T02:07:18.556490,LIMOUS,46333f02-e615-4df6-ada4-6b5e2368f9f8,44,pattern,PAT-AP-26-9-25,integer,26,24,-2,26,24,23,22,26,23,22,24,"-36, -16, 4, 24, 44, 64, 84, 104, 124, ?",144,144\,0,5.3347742557525635,6.321533037736014,0.8433190529584697
2026-04-14T18:43:15.767633,LIMOUS,aef03576-02b7-42ce-b8e0-36d89f23d9cf,0,logical,LOG-CONSTRAINT-0-3-2,yesno,0,1,1,0,1,0,0,0,0,1,0,"C is faster than A.
A is faster than B.
Is A faster than C?",no,no,1,8.88444471359253,3.158087626215922,0.5496929383439669
2026-04-14T18:43:41.319198,LIMOUS,aef03576-02b7-42ce-b8e0-36d89f23d9cf,1,logical,LOG-COMP-1-4,yesno,1,0,-2,1,0,0,1,0,0,0,0,"A is faster than B.
 C is faster than D.
 D is faster than A.
 Is A faster than C?",no,yes,0,25.53390622138977,5.473210042930056,0.18935312478675367
2026-04-14T18:43:47.969160,LIMOUS,aef03576-02b7-42ce-b8e0-36d89f23d9cf,2,numerical,NUM-SQUARE-0,integer,0,2,2,0,2,0,0,0,2,0,0,What is 8^2?,64,64,1,6.640257358551025,3.099404675778474,0.3549497460276363
2026-04-14T18:43:55.620190,LIMOUS,aef03576-02b7-42ce-b8e0-36d89f23d9cf,3,pattern,PAT-AP-0-4-5,integer,0,1,1,0,1,2,0,0,2,0,1,"38, 41, 44, 47, ?",50,50,1,7.641529560089111,3.6794506605922725,0.8352496787022587
2026-04-14T18:44:18.373484,LIMOUS,aef03576-02b7-42ce-b8e0-36d89f23d9cf,4,logical,LOG-BOOL-0-2-1,boolean,0,1,1,0,1,2,0,1,2,1,1,"A is False.
B is True.
What is: (A AND A)?",False,False,1,22.74361801147461,4.395860344470146,0.5493938539667818
2026-04-14T18:44:40.602949,LIMOUS,aef03576-02b7-42ce-b8e0-36d89f23d9cf,5,logical,LOG-IMP-1-3-2,yesno,1,0,-2,1,0,2,1,1,2,0,1,"B is True.
If B is True, then A is True.
If C is True, then B is True.
Is C True?",no,yes,0,22.216307878494263,3.6234060800654797,0.6133146429432393
2026-04-14T18:44:47.002659,LIMOUS,aef03576-02b7-42ce-b8e0-36d89f23d9cf,6,numerical,NUM-DIV-2,integer,2,3,1,2,3,2,0,1,3,0,1,What is 280 divided by 40?,7,7,1,6.390173435211182,2.5073225202644847,0.6672371885906783
2026-04-14T18:45:19.345564,LIMOUS,aef03576-02b7-42ce-b8e0-36d89f23d9cf,7,pattern,PAT-MIXED-1-2-6-3,integer,1,3,2,1,3,3,0,1,3,0,3,"5, 8, 16, 19, 38, ?",41,41,1,32.331424713134766,8.563474826171175,0.2886193688666846
2026-04-14T18:45:25.871416,LIMOUS,aef03576-02b7-42ce-b8e0-36d89f23d9cf,8,pattern,PAT-CP-3-2-5,integer,3,4,1,3,4,3,0,3,3,0,4,"7, 5, 7, 5, 7, ?",5,5,1,6.514970779418945,2.746335755444377,0.9560500948747995
2026-04-14T18:45:30.240534,LIMOUS,aef03576-02b7-42ce-b8e0-36d89f23d9cf,9,numerical,NUM-RATIO-MUL-3,integer,3,2,-1,3,2,3,0,4,2,0,4,"3 -> 9, 5 -> ?",15,25,0,4.358785390853882,3.3695562445580967,0.6413072355347181
2026-04-14T18:45:35.326822,LIMOUS,aef03576-02b7-42ce-b8e0-36d89f23d9cf,10,numerical,NUM-DIV-2,integer,2,3,1,2,3,2,0,4,3,0,4,What is 540 divided by 60?,9,9,1,5.076722860336304,2.5073225202644847,0.6672371885906783
2026-04-14T18:45:48.479126,LIMOUS,aef03576-02b7-42ce-b8e0-36d89f23d9cf,11,logical,LOG-IMP-0-3-2,yesno,0,1,1,0,1,3,0,4,3,1,4,"C is True.
B is True.
If C is True, then A is True.
If C is True, then B is True.
Is A True?",yes,yes,1,13.14209532737732,3.5444867504129602,0.6127687210399336
2026-04-14T18:45:58.172884,LIMOUS,aef03576-02b7-42ce-b8e0-36d89f23d9cf,12,pattern,PAT-MIXED-4-2-5-3,integer,4,7,3,4,7,3,1,4,3,1,7,"10, 13, 26, 29, ?",58,58,1,9.684664487838745,9.07041373811411,0.29003894168677885
2026-04-14T18:46:09.304049,LIMOUS,aef03576-02b7-42ce-b8e0-36d89f23d9cf,13,numerical,NUM-RATIO-MUL-3,integer,3,4,1,3,4,3,1,7,4,1,7,"8 -> 24, 7 -> ?",21,21,1,11.121748685836792,3.3695562445580967,0.6413072355347181
2026-04-14T18:46:37.026265,LIMOUS,aef03576-02b7-42ce-b8e0-36d89f23d9cf,14,logical,LOG-IMP-1-3-2,yesno,1,2,1,1,2,4,1,7,4,2,7,"A is True.
B is True.
If C is True, then A is True.
If C is True, then B is True.
Is C True?",no,no,1,27.712074041366577,3.6234060800654797,0.6133146429432393
2026-04-14T18:46:41.944975,LIMOUS,aef03576-02b7-42ce-b8e0-36d89f23d9cf,15,numerical,NUM-SQUARE-4,integer,4,6,2,4,6,4,2,7,6,2,7,What is 8^2?,64,64,1,4.906799554824829,3.391668849708358,0.3570601908087763
2026-04-14T18:46:56.529356,LIMOUS,aef03576-02b7-42ce-b8e0-36d89f23d9cf,16,logical,LOG-COMP-2-4,yesno,2,4,2,2,4,6,2,7,6,4,7,"A is faster than C.
 D is faster than B.
 D is faster than A.
 Is C faster than B?",no,no,1,14.57475996017456,5.585623484831184,0.18970662604843086
2026-04-14T18:47:03.894844,LIMOUS,aef03576-02b7-42ce-b8e0-36d89f23d9cf,17,pattern,PAT-AP-7-5-7,integer,7,8,1,7,8,6,4,7,6,4,8,"11, 18, 25, 32, 39, ?",46,46,1,7.355787992477417,4.2788006329496096,0.8374544752780784
2026-04-14T18:47:30.179530,LIMOUS,aef03576-02b7-42ce-b8e0-36d89f23d9cf,18,logical,LOG-IMP-4-3-2,yesno,4,5,1,4,5,6,4,8,6,5,8,"C is True.
B is True.
If A is True, then C is True.
If A is True, then B is True.
Is A True?",no,no,1,26.275440216064453,3.8684827379016866,0.6149506958779278
2026-04-14T18:47:44.785564,LIMOUS,aef03576-02b7-42ce-b8e0-36d89f23d9cf,19,logical,LOG-IMP-5-4-3,yesno,5,3,-2,5,3,6,5,8,6,3,8,"C is True.
If D is True, then C is True.
If C is True, then D is True.
If A is True, then D is True.
Is D True?",yes,ye,0,14.596900463104248,3.953028565670939,0.6154954718698633
2026-04-14T18:47:52.821878,LIMOUS,aef03576-02b7-42ce-b8e0-36d89f23d9cf,20,numerical,NUM-RATIO-MUL-6,integer,6,7,1,6,7,6,3,8,7,3,8,"7 -> 35, 4 -> ?",20,20,1,8.026103734970093,3.601176877074214,0.6428938126639693
2026-04-14T18:47:57.700817,LIMOUS,aef03576-02b7-42ce-b8e0-36d89f23d9cf,21,numerical,NUM-SQUARE-7,integer,7,9,2,7,9,7,3,8,9,3,8,What is 9^2?,81,81,1,4.865265846252441,3.624461623125021,0.35864667758437613
2026-04-14T18:48:04.974336,LIMOUS,aef03576-02b7-42ce-b8e0-36d89f23d9cf,22,logical,LOG-IMP-3-3-2,yesno,3,4,1,3,4,9,3,8,9,4,8,"C is True.
A is True.
If C is True, then A is True.
If C is True, then B is True.
Is B True?",yes,yes,1,7.264205694198608,3.7853800669603057,0.6144056315820009
2026-04-14T18:48:10.536207,LIMOUS,aef03576-02b7-42ce-b8e0-36d89f23d9cf,23,numerical,NUM-DIV-9,integer,9,10,1,9,10,9,4,8,10,4,8,What is 270 divided by 90?,3,3,1,5.552465915679932,2.956544834599716,0.6708042586871988
2026-04-14T18:50:03.556874,LIMOUS,c8b0cc3c-4bb6-46c6-bc03-dc465767ca05,0,pattern,PAT-MP-0-9-2,integer,0,3,3,0,3,0,0,0,0,0,3,"10, 20, 40, 80, 160, 320, 640, 1280, 2560, ?",5120,5120,1,4.579123020172119,5.375163593882618,0.3964635177639644
2026-04-14T18:50:06.956425,LIMOUS,c8b0cc3c-4bb6-46c6-bc03-dc465767ca05,1,logical,LOG-CONSTRAINT-0-3-2,yesno,0,2,2,0,2,0,0,3,0,2,3,"C is left of B.
A is left of C.
Is C left of A?",no,no,1,3.3890788555145264,3.158087626215922,0.5496929383439669
2026-04-14T18:50:09.422727,LIMOUS,c8b0cc3c-4bb6-46c6-bc03-dc465767ca05,2,numerical,NUM-NEARBOUNDARY-0,integer,0,2,2,0,2,0,2,3,2,2,3,What is 49 + 3?,52,52,1,2.456177234649658,3.0368926701136703,0.8895354368322907
2026-04-14T18:50:10.802359,LIMOUS,c8b0cc3c-4bb6-46c6-bc03-dc465767ca05,3,numerical,NUM-DIV-2,integer,2,5,3,2,5,2,2,3,5,2,3,What is 150 divided by 50?,3,3,1,1.3701095581054688,2.5073225202644847,0.6672371885906783
2026-04-14T18:50:14.065473,LIMOUS,c8b0cc3c-4bb6-46c6-bc03-dc465767ca05,4,pattern,PAT-AP-3-4-5,integer,3,5,2,3,5,5,2,3,5,2,5,"29, 25, 21, 17, ?",13,13,1,3.25319504737854,3.9274981192293357,0.836197517477742
2026-04-14T18:50:15.395994,LIMOUS,c8b0cc3c-4bb6-46c6-bc03-dc465767ca05,5,numerical,NUM-SQUARE-5,integer,5,9,4,5,9,5,2,5,9,2,5,What is 9^2?,81,81,1,1.3214728832244873,3.4679343513391725,0.35758867357109403
2026-04-14T18:50:18.605332,LIMOUS,c8b0cc3c-4bb6-46c6-bc03-dc465767ca05,6,pattern,PAT-CP-5-3-6,integer,5,7,2,5,7,9,2,5,9,2,7,"7, 12, 20, 7, 12, 20, ?",7,7,1,3.1998291015625,2.877582919990947,0.9562430843223264
2026-04-14T18:50:20.356510,LIMOUS,c8b0cc3c-4bb6-46c6-bc03-dc465767ca05,7,numerical,NUM-DIV-9,integer,9,12,3,9,12,9,2,7,12,2,7,What is 1440 divided by 120?,12,12,1,1.741943597793579,2.956544834599716,0.6708042586871988
2026-04-14T18:50:22.984546,LIMOUS,c8b0cc3c-4bb6-46c6-bc03-dc465767ca05,8,pattern,PAT-CP-7-3-6,integer,7,9,2,7,9,12,2,7,12,2,9,"15, 14, 6, 15, 14, 6, ?",15,15,1,2.615802526473999,3.013428128953713,0.9564352649450887
2026-04-14T18:50:28.506370,LIMOUS,c8b0cc3c-4bb6-46c6-bc03-dc465767ca05,9,pattern,PAT-MIXED-9-2-6-5,integer,9,13,4,9,13,12,2,9,12,2,13,"14, 16, 48, 50, 150, ?",152,152,1,5.512505531311035,9.975727216824145,0.29241404727321707
2026-04-14T18:50:31.207191,LIMOUS,c8b0cc3c-4bb6-46c6-bc03-dc465767ca05,10,pattern,PAT-CP-13-3-8,integer,13,15,2,13,15,12,2,13,12,2,15,"13, 7, 19, 13, 7, 19, 13, 7, ?",19,19,1,2.6900734901428223,3.4501912917646154,0.9570069843346315
2026-04-14T18:50:42.087706,LIMOUS,c8b0cc3c-4bb6-46c6-bc03-dc465767ca05,11,pattern,PAT-MIXED-15-2-9-8,integer,15,18,3,15,18,12,2,15,12,2,18,"5, 8, 13, 16, 21, 24, 29, 32, ?",37,37,1,10.870383501052856,11.170165781398506,0.29527918013417626
2026-04-14T18:50:47.476961,LIMOUS,c8b0cc3c-4bb6-46c6-bc03-dc465767ca05,12,numerical,NUM-RATIO-MUL-12,integer,12,14,2,12,14,12,2,18,14,2,18,"9 -> 36, 8 -> ?",32,32,1,5.38027024269104,4.101902067837062,0.6460575565754446
2026-04-14T18:50:56.989039,LIMOUS,c8b0cc3c-4bb6-46c6-bc03-dc465767ca05,13,pattern,PAT-MIXED-18-2-9-8,integer,18,21,3,18,21,14,2,18,14,2,21,"15, 20, 40, 45, 90, 95, 190, 195, ?",390,390,1,9.502511739730835,11.815279687329843,0.29671784652472677
2026-04-14T18:51:06.143240,LIMOUS,c8b0cc3c-4bb6-46c6-bc03-dc465767ca05,14,logical,LOG-COMP-2-4,yesno,2,4,2,2,4,14,2,21,14,4,21,"B is faster than C.
 A is faster than C.
 C is faster than D.
 Is B faster than D?",yes,yes,1,9.14170789718628,5.585623484831184,0.18970662604843086
2026-04-14T18:51:14.874959,LIMOUS,c8b0cc3c-4bb6-46c6-bc03-dc465767ca05,15,pattern,PAT-MP-21-5-4,integer,21,20,-1,21,20,14,4,21,14,4,20,"20, 80, 320, 1280, 5120, ?",20480,2480,0,8.722107648849487,8.151925929349234,0.4080832472843492
2026-04-14T18:51:22.752895,LIMOUS,c8b0cc3c-4bb6-46c6-bc03-dc465767ca05,16,logical,LOG-COMP-4-4,yesno,4,7,3,4,7,14,4,20,14,7,20,"D is older than C.
 C is older than B.
 A is older than C.
 Is D older than A?",no,no,1,7.8645429611206055,5.8163407684860955,0.19041514437396245
2026-04-14T18:51:26.422627,LIMOUS,c8b0cc3c-4bb6-46c6-bc03-dc465767ca05,17,numerical,NUM-RATIO-MUL-14,integer,14,16,2,14,16,14,7,20,16,7,20,"8 -> 40, 6 -> ?",30,30,1,3.659379005432129,4.280639432533961,0.6471093189063999
2026-04-14T18:51:50.025472,LIMOUS,c8b0cc3c-4bb6-46c6-bc03-dc465767ca05,18,numerical,NUM-SQUARE-16,integer,16,14,-2,16,14,16,7,20,14,7,20,What is 27^2?,729,729\,0,23.5932936668396,4.399530066019496,0.3634246190789094
2026-04-14T18:51:59.768564,LIMOUS,c8b0cc3c-4bb6-46c6-bc03-dc465767ca05,19,pattern,PAT-MIXED-20-2-10-10,integer,20,23,3,20,23,14,7,20,14,7,23,"19, 27, 37, 45, 55, 63, 73, 81, 91, ?",99,99,1,9.733105897903442,12.264243483324087,0.29767920510734036
2026-04-14T18:52:05.282032,LIMOUS,c8b0cc3c-4bb6-46c6-bc03-dc465767ca05,20,logical,LOG-COMP-7-4,yesno,7,10,3,7,10,14,7,23,14,10,23,"D is faster than B.
 C is faster than B.
 D is faster than A.
 Is A faster than C?",no,no,1,5.502082347869873,6.177660104335911,0.1914817135000011
2026-04-14T18:52:12.845905,LIMOUS,c8b0cc3c-4bb6-46c6-bc03-dc465767ca05,21,logical,LOG-BOOL-10-3-2,boolean,10,11,1,10,11,14,10,23,14,11,23,"A is False.
B is False.
C is False.
What is: ((A OR C) OR C)?",False,f,1,7.553614616394043,5.409625907566518,0.5550842797131101
2026-04-14T18:52:19.293297,LIMOUS,c8b0cc3c-4bb6-46c6-bc03-dc465767ca05,22,numerical,NUM-RATIO-DIV-14,integer,14,15,1,14,15,14,11,23,15,11,23,"24 -> 6, 56 -> ?",14,14,1,6.438460111618042,4.280639432533961,0.6471093189063999
2026-04-14T18:52:23.269871,LIMOUS,c8b0cc3c-4bb6-46c6-bc03-dc465767ca05,23,numerical,NUM-RATIO-DIV-15,integer,15,14,-1,15,14,15,11,23,14,11,23,"48 -> 12, 32 -> ?",8,4,0,3.9663290977478027,4.372342752851568,0.6476346668453883
2026-04-14T18:52:36.492970,LIMOUS,c8b0cc3c-4bb6-46c6-bc03-dc465767ca05,24,logical,LOG-BOOL-11-3-2,boolean,11,12,1,11,12,14,11,23,14,12,23,"A is True.
B is True.
C is True.
What is: (NOT ((C OR (NOT B)) OR A))?",False,f,1,13.209503650665283,5.520935150552561,0.5556525537580815
2026-04-14T18:52:49.609111,LIMOUS,c8b0cc3c-4bb6-46c6-bc03-dc465767ca05,25,logical,LOG-COMP-12-6,yesno,12,14,2,12,14,14,12,23,14,14,23,"B is larger than D.
 F is larger than D.
 E is larger than F.
 D is larger than C.
 F is larger than C.
 E is larger than B.
 Is D larger than B?",no,no,1,13.106424331665039,6.822919833185094,0.1932694488020936
2026-04-14T18:52:56.034482,LIMOUS,c8b0cc3c-4bb6-46c6-bc03-dc465767ca05,26,logical,LOG-IMP-14-4-4,yesno,14,16,2,14,16,14,14,23,14,16,23,"B is True.
A is True.
If B is True, then C is True.
If B is True, then D is True.
If D is True, then C is True.
If C is True, then D is True.
Is C True?",yes,yes,1,6.414229154586792,4.783165444482841,0.6203852829484864
2026-04-14T18:53:03.200291,LIMOUS,c8b0cc3c-4bb6-46c6-bc03-dc465767ca05,27,logical,LOG-CONSTRAINT-16-5-5,yesno,16,17,1,16,17,14,16,23,14,17,23,"E is faster than A.
B is faster than A.
C is faster than B.
D is faster than C.
E is faster than D.
Is B faster than E?",no,no,1,7.15504264831543,4.476824302697792,0.558789607183736
2026-04-14T18:53:09.077589,LIMOUS,c8b0cc3c-4bb6-46c6-bc03-dc465767ca05,28,pattern,PAT-CP-23-6-12,integer,23,24,1,23,24,14,17,23,14,17,24,"20, 7, 11, 16, 9, 16, 20, 7, 11, 16, 9, 16, ?",20,20,1,5.868061065673828,4.286286074203863,0.9579439565928263
2026-04-14T18:53:13.025913,LIMOUS,c8b0cc3c-4bb6-46c6-bc03-dc465767ca05,29,logical,LOG-BOOL-17-3-2,boolean,17,20,3,17,20,14,17,24,14,20,24,"A is False.
B is False.
C is True.
What is: ((B AND A) OR A)?",False,f,1,3.939116954803467,6.230578918754937,0.5590590909857804
2026-04-14T18:53:19.653945,LIMOUS,c8b0cc3c-4bb6-46c6-bc03-dc465767ca05,30,logical,LOG-BOOL-20-5-3,boolean,20,22,2,20,22,14,20,24,14,22,24,"A is False.
B is False.
C is True.
D is True.
E is False.
What is: (((A AND B) AND (NOT C)) AND (NOT A))?",False,f,1,6.617141246795654,6.613856114169343,0.5607602972676051
2026-04-14T18:53:27.811308,LIMOUS,c8b0cc3c-4bb6-46c6-bc03-dc465767ca05,31,logical,LOG-BOOL-22-5-4,boolean,22,24,2,22,24,14,22,24,14,24,24,"A is False.
B is True.
C is True.
D is False.
E is False.
What is: ((((E OR E) OR D) OR (NOT B)) OR (NOT A))?",True,t,1,8.14794373512268,6.880595961177999,0.5618936445890982
2026-04-14T18:53:33.944982,LIMOUS,c8b0cc3c-4bb6-46c6-bc03-dc465767ca05,32,logical,LOG-BOOL-24-4-3,boolean,24,26,2,24,26,14,24,24,14,26,24,"A is True.
B is False.
C is True.
D is False.
What is: (NOT (((C OR (NOT C)) OR A) AND B))?",True,t,1,6.124676465988159,7.15668063226992,0.5630263463738189
2026-04-14T18:53:36.686411,LIMOUS,c8b0cc3c-4bb6-46c6-bc03-dc465767ca05,33,numerical,NUM-DIV-14,integer,14,16,2,14,16,14,26,24,16,26,24,What is 1320 divided by 120?,11,11,1,2.7265501022338867,3.3122316475781153,0.6733401983253544
2026-04-14T18:53:43.134403,LIMOUS,c8b0cc3c-4bb6-46c6-bc03-dc465767ca05,34,logical,LOG-IMP-26-7-7,yesno,26,28,2,26,28,16,26,24,16,28,24,"B is True.
If G is True, then D is True.
If B is True, then A is True.
If B is True, then D is True.
If D is True, then G is True.
If C is True, then A is True.
If E is True, then G is True.
If B is True, then G is True.
Is D True?",yes,yes,1,6.438791275024414,6.110366642585946,0.626867046984038
2026-04-14T18:53:45.554983,LIMOUS,c8b0cc3c-4bb6-46c6-bc03-dc465767ca05,35,numerical,NUM-SQUARE-16,integer,16,20,4,16,20,16,28,24,20,28,24,What is 15^2?,225,225,1,2.4113705158233643,4.399530066019496,0.3634246190789094
2026-04-14T18:53:58.157011,LIMOUS,c8b0cc3c-4bb6-46c6-bc03-dc465767ca05,36,pattern,PAT-MP-24-5-4,integer,24,23,-1,24,23,20,28,24,20,28,23,"18, 72, 288, 1152, 4608, ?",18432,1872,0,12.591029167175293,8.637049533178917,0.4097519577755927
2026-04-14T18:54:04.416863,LIMOUS,c8b0cc3c-4bb6-46c6-bc03-dc465767ca05,37,numerical,NUM-DIV-20,integer,20,21,1,20,21,20,28,23,21,28,23,What is 2200 divided by 200?,11,11,1,6.250697612762451,3.7815122407902058,0.6763699899514309
2026-04-14T18:54:16.254585,LIMOUS,c8b0cc3c-4bb6-46c6-bc03-dc465767ca05,38,pattern,PAT-AP-23-8-15,integer,23,24,1,23,24,21,28,23,21,28,24,"33, 19, 5, -9, -23, -37, -51, -65, ?",-79,-79,1,11.82837963104248,5.952971220076355,0.8424046563188532
2026-04-14T18:54:20.049145,LIMOUS,c8b0cc3c-4bb6-46c6-bc03-dc465767ca05,39,numerical,NUM-RATIO-DIV-21,integer,21,23,2,21,23,21,28,24,23,28,24,"120 -> 20, 114 -> ?",19,19,1,3.7847304344177246,4.956990424878374,0.6507792247156103
2026-04-14T18:54:26.577178,LIMOUS,c8b0cc3c-4bb6-46c6-bc03-dc465767ca05,40,logical,LOG-BOOL-28-6-3,boolean,28,30,2,28,30,23,28,24,23,30,24,"A is True.
B is False.
C is False.
D is False.
E is True.
F is False.
What is: (NOT (((E OR (NOT D)) OR (NOT A)) AND A))?",False,f,1,6.518503189086914,7.738205442710244,0.5652897676161788
2026-04-14T18:54:32.236459,LIMOUS,c8b0cc3c-4bb6-46c6-bc03-dc465767ca05,41,pattern,PAT-AP-24-8-20,integer,24,26,2,24,26,23,30,24,23,30,26,"-49, -32, -15, 2, 19, 36, 53, 70, ?",87,87,1,5.64836311340332,6.073716170588494,0.8427099362473938
2026-04-14T18:54:47.352598,LIMOUS,c8b0cc3c-4bb6-46c6-bc03-dc465767ca05,42,numerical,NUM-DIV-23,integer,23,24,1,23,24,23,30,26,24,30,26,What is 2700 divided by 180?,15,15,1,15.105513095855713,4.0349697608701165,0.6778793767092561
2026-04-14T18:54:50.200515,LIMOUS,c8b0cc3c-4bb6-46c6-bc03-dc465767ca05,43,numerical,NUM-DIV-24,integer,24,23,-1,24,23,24,30,26,23,30,26,What is 1620 divided by 180?,9,19,0,2.838566780090332,4.122406793954759,0.6783816839047428
2026-04-14T18:54:58.677376,LIMOUS,c8b0cc3c-4bb6-46c6-bc03-dc465767ca05,44,pattern,PAT-MP-26-4-5,integer,26,28,2,26,28,23,30,26,23,30,28,"20, 100, 500, 2500, ?",12500,12500,1,8.46696949005127,8.974668878691784,0.41086558961485675
2026-04-14T18:55:08.153328,LIMOUS,c8b0cc3c-4bb6-46c6-bc03-dc465767ca05,45,logical,LOG-BOOL-30-4-5,boolean,30,32,2,30,32,23,30,28,23,32,28,"A is True.
B is False.
C is True.
D is True.
What is: (NOT (((((D OR (NOT C)) AND A) OR C) AND (NOT B)) AND C))?",False,f,1,9.464906692504883,8.044335155167131,0.5664204642838113
