task_id,skill,difficulty,question,answer,answer_type,comparison_objects,comparison_edges,comparison_depth,query_distance,noise_edges,boolean_var_count,boolean_op_count,boolean_not_count,imp_var_count,imp_edge_count,imp_base_true_count,imp_chain_depth,constraint_objects,constraint_count,constraint_depth,ap_length,ap_step,ap_abs_step,mp_multiplier,mp_length,cycle_len,cycle_offset,cycle_total_len,mixed_op_len,mixed_seq_len,division_base,division_steps,ratio_k,ratio_mode,square_base,square_offset,square_mode,near_boundary_anchor,near_boundary_op,crossed_boundary
NUM-SQUARE-0,numerical,0,What is 5^2?,25,integer,,,,,,,,,,,,,,,,,,,,,,,,,,,,,,5,0,exact,,,
LOG-BOOL-0-2-1,logical,0,"A is True.
B is False.
What is: (B AND A)?",FALSE,boolean,,,,,,2,1,0,,,,,,,,,,,,,,,,,,,,,,,,,,,
LOG-COMP-3-4,logical,3,"D is larger than B.
 B is larger than A.
 C is larger than D.
 Is B larger than C?",no,yesno,4,3,4,,0,,,,,,,,,,,,,,,,,,,,,,,,,,,,,,
LOG-BOOL-5-2-2,logical,5,"A is False.
B is True.
What is: ((A OR B) OR B)?",TRUE,boolean,,,,,,2,2,0,,,,,,,,,,,,,,,,,,,,,,,,,,,
PAT-AP-0-4-5,pattern,0,"37, 42, 47, 52, ?",57,integer,,,,,,,,,,,,,,,,4,5,5,,,,,,,,,,,,,,,,,
PAT-AP-1-4-5,pattern,1,"38, 35, 32, 29, ?",26,integer,,,,,,,,,,,,,,,,4,-3,3,,,,,,,,,,,,,,,,,
LOG-COMP-7-4,logical,7,"B is heavier than D.
 A is heavier than B.
 C is heavier than D.
 Is C heavier than B?",no,yesno,4,3,3,,0,,,,,,,,,,,,,,,,,,,,,,,,,,,,,,
NUM-NEARBOUNDARY-3,numerical,3,What is 9 + 3?,12,integer,,,,,,,,,,,,,,,,,,,,,,,,,,,,,,,,,10,+,TRUE
LOG-IMP-10-4-4,logical,10,"C is True.
B is True.
If C is True, then B is True.
If C is True, then A is True.
If C is True, then D is True.
If B is True, then D is True.
Is D True?",yes,yesno,,,,,,,,,4,4,2,1,,,,,,,,,,,,,,,,,,,,,,,
PAT-CP-2-2-4,pattern,2,"7, 6, 7, 6, ?",7,integer,,,,,,,,,,,,,,,,,,,,,2,0,4,,,,,,,,,,,,
NUM-DIV-6,numerical,6,What is 500 divided by 50?,10,integer,,,,,,,,,,,,,,,,,,,,,,,,,,5,1,,,,,,,,
NUM-NEARBOUNDARY-8,numerical,8,What is 48 + 7?,55,integer,,,,,,,,,,,,,,,,,,,,,,,,,,,,,,,,,50,+,TRUE
NUM-DIV-11,numerical,11,What is 540 divided by 90?,6,integer,,,,,,,,,,,,,,,,,,,,,,,,,,9,2,,,,,,,,
PAT-AP-4-4-5,pattern,4,"6, 2, -2, -6, ?",-10,integer,,,,,,,,,,,,,,,,4,-4,4,,,,,,,,,,,,,,,,,
LOG-CONSTRAINT-11-5-3,logical,11,"C is faster than A.
E is faster than B.
C is faster than D.
Is E faster than B?",yes,yesno,,,,,,,,,,,,,5,3,2,,,,,,,,,,,,,,,,,,,,
PAT-AP-5-5-7,pattern,5,"18, 11, 4, -3, -10, ?",-17,integer,,,,,,,,,,,,,,,,5,-7,7,,,,,,,,,,,,,,,,,
PAT-CP-6-3-7,pattern,6,"16, 7, 16, 16, 7, 16, 16, ?",7,integer,,,,,,,,,,,,,,,,,,,,,3,0,7,,,,,,,,,,,,
LOG-BOOL-13-3-2,logical,13,"A is True.
B is True.
C is False.
What is: (NOT ((B AND A) OR (NOT C)))?",FALSE,boolean,,,,,,3,2,2,,,,,,,,,,,,,,,,,,,,,,,,,,,
PAT-CP-7-3-6,pattern,7,"17, 14, 2, 17, 14, 2, ?",17,integer,,,,,,,,,,,,,,,,,,,,,3,0,6,,,,,,,,,,,,
LOG-COMP-15-8,logical,15,"C is taller than B.
 B is taller than G.
 E is taller than A.
 B is taller than E.
 D is taller than E.
 H is taller than E.
 B is taller than D.
 F is taller than C.
 F is taller than G.
 Is C taller than A?",yes,yesno,8,9,4,3,2,,,,,,,,,,,,,,,,,,,,,,,,,,,,,,
NUM-DIV-14,numerical,14,What is 810 divided by 90?,9,integer,,,,,,,,,,,,,,,,,,,,,,,,,,9,2,,,,,,,,
NUM-SQUARE-16,numerical,16,What is 22^2?,484,integer,,,,,,,,,,,,,,,,,,,,,,,,,,,,,,23,1,near,,,
NUM-DIV-19,numerical,19,What is 1800 divided by 200?,9,integer,,,,,,,,,,,,,,,,,,,,,,,,,,20,2,,,,,,,,
LOG-CONSTRAINT-17-6-4,logical,17,"A is left of D.
E is left of B.
D is left of E.
F is left of A.
Is F left of A?",yes,yesno,,,,,,,,,,,,,6,4,5,,,,,,,,,,,,,,,,,,,,
PAT-MIXED-8-2-6-5,pattern,8,"12, 16, 19, 23, 26, ?",30,integer,,,,,,,,,,,,,,,,,,,,,,,,2,6,,,,,,,,,,
LOG-IMP-19-6-5,logical,19,"B is True.
A is True.
If B is True, then E is True.
If D is True, then E is True.
If F is True, then E is True.
If B is True, then C is True.
If C is True, then B is True.
Is E True?",yes,yesno,,,,,,,,,6,5,2,1,,,,,,,,,,,,,,,,,,,,,,,
LOG-BOOL-21-5-4,logical,21,"A is False.
B is False.
C is True.
D is False.
E is True.
What is: (NOT ((((D OR B) OR (NOT A)) AND D) OR (NOT A)))?",FALSE,boolean,,,,,,5,4,3,,,,,,,,,,,,,,,,,,,,,,,,,,,
NUM-NEARBOUNDARY-22,numerical,22,What is 1002 + 43?,1045,integer,,,,,,,,,,,,,,,,,,,,,,,,,,,,,,,,,1000,+,FALSE
LOG-BOOL-22-4-4,logical,22,"A is False.
B is True.
C is True.
D is False.
What is: ((((C AND C) OR (NOT A)) OR B) AND A)?",FALSE,boolean,,,,,,4,4,1,,,,,,,,,,,,,,,,,,,,,,,,,,,
NUM-NEARBOUNDARY-24,numerical,24,What is 973 + 23?,996,integer,,,,,,,,,,,,,,,,,,,,,,,,,,,,,,,,,1000,+,FALSE
NUM-DIV-26,numerical,26,What is 3780 divided by 420?,9,integer,,,,,,,,,,,,,,,,,,,,,,,,,,42,3,,,,,,,,
NUM-SQUARE-27,numerical,27,What is 40^2?,1600,integer,,,,,,,,,,,,,,,,,,,,,,,,,,,,,,37,3,decompose,,,
NUM-SQUARE-31,numerical,31,What is 37^2?,1369,integer,,,,,,,,,,,,,,,,,,,,,,,,,,,,,,39,2,decompose,,,
LOG-CONSTRAINT-24-7-5,logical,24,"D is faster than E.
G is faster than F.
E is faster than F.
B is faster than D.
E is faster than A.
Is G faster than E?",no,yesno,,,,,,,,,,,,,7,5,4,,,,,,,,,,,,,,,,,,,,
LOG-IMP-25-8-7,logical,25,"E is True.
H is True.
If E is True, then C is True.
If F is True, then D is True.
If G is True, then C is True.
If A is True, then D is True.
If H is True, then D is True.
If E is True, then F is True.
If E is True, then D is True.
Is F True?",yes,yesno,,,,,,,,,8,7,2,1,,,,,,,,,,,,,,,,,,,,,,,
NUM-DIV-29,numerical,29,What is 3600 divided by 240?,15,integer,,,,,,,,,,,,,,,,,,,,,,,,,,24,3,,,,,,,,
NUM-NEARBOUNDARY-31,numerical,31,What is 2044 + 37?,2081,integer,,,,,,,,,,,,,,,,,,,,,,,,,,,,,,,,,2000,+,FALSE
NUM-RATIO-MUL-33,numerical,33,"12 -> 96, 14 -> ?",112,integer,,,,,,,,,,,,,,,,,,,,,,,,,,,,8,multiply,,,,,,
LOG-IMP-26-7-8,logical,26,"A is True.
B is True.
If B is True, then E is True.
If F is True, then A is True.
If G is True, then E is True.
If E is True, then B is True.
If D is True, then E is True.
If G is True, then F is True.
If E is True, then D is True.
If C is True, then E is True.
Is F True?",no,yesno,,,,,,,,,7,8,2,,,,,,,,,,,,,,,,,,,,,,,,
NUM-SQUARE-34,numerical,34,What is 31^2?,961,integer,,,,,,,,,,,,,,,,,,,,,,,,,,,,,,26,5,decompose,,,
LOG-BOOL-28-4-5,logical,28,"A is False.
B is False.
C is True.
D is False.
What is: (((((D AND C) OR (NOT D)) OR A) OR C) OR (NOT D))?",TRUE,boolean,,,,,,4,5,2,,,,,,,,,,,,,,,,,,,,,,,,,,,
LOG-CONSTRAINT-30-8-8,logical,30,"F is above C.
H is above D.
D is above F.
C is above A.
B is above H.
F is above E.
B is above C.
B is above G.
Is E above H?",no,yesno,,,,,,,,,,,,,8,8,6,,,,,,,,,,,,,,,,,,,,
PAT-MP-0-8-2,pattern,0,"6, 12, 24, 48, 96, 192, 384, 768, ?",1536,integer,,,,,,,,,,,,,,,,,,,2,8,,,,,,,,,,,,,,,
PAT-MP-1-7-2,pattern,1,"4, 8, 16, 32, 64, 128, 256, ?",512,integer,,,,,,,,,,,,,,,,,,,2,7,,,,,,,,,,,,,,,
PAT-MP-3-7-2,pattern,3,"9, 18, 36, 72, 144, 288, 576, ?",1152,integer,,,,,,,,,,,,,,,,,,,2,7,,,,,,,,,,,,,,,
PAT-MP-4-9-2,pattern,4,"10, 20, 40, 80, 160, 320, 640, 1280, 2560, ?",5120,integer,,,,,,,,,,,,,,,,,,,2,9,,,,,,,,,,,,,,,
NUM-NEARBOUNDARY-0,numerical,0,What is 49 + 5?,54,integer,,,,,,,,,,,,,,,,,,,,,,,,,,,,,,,,,50,+,True
LOG-COMP-0-4,logical,0,"D is taller than B.
 B is taller than A.
 D is taller than C.
 Is B taller than C?",no,yesno,4,3,3,,0,,,,,,,,,,,,,,,,,,,,,,,,,,,,,,
NUM-RATIO-MUL-3,numerical,3,"8 -> 24, 5 -> ?",15,integer,,,,,,,,,,,,,,,,,,,,,,,,,,,,3,multiply,,,,,,
LOG-CONSTRAINT-3-3-2,logical,3,"A is faster than B.
C is faster than A.
Is A faster than B?",yes,yesno,,,,,,,,,,,,,3,2,3,,,,,,,,,,,,,,,,,,,,
LOG-IMP-5-4-3,logical,5,"C is True.
A is True.
If A is True, then C is True.
If B is True, then C is True.
If A is True, then D is True.
Is B True?",no,yesno,,,,,,,,,4,3,2,,,,,,,,,,,,,,,,,,,,,,,,
LOG-COMP-7-4,logical,7,"C is larger than A.
 C is larger than B.
 D is larger than A.
 Is D larger than B?",no,yesno,4,3,2,,0,,,,,,,,,,,,,,,,,,,,,,,,,,,,,,
NUM-DIV-5,numerical,5,What is 480 divided by 80?,6,integer,,,,,,,,,,,,,,,,,,,,,,,,,,8,1,,,,,,,,
LOG-IMP-10-5-4,logical,10,"C is True.
If D is True, then C is True.
If D is True, then B is True.
If E is True, then D is True.
If B is True, then D is True.
Is E True?",no,yesno,,,,,,,,,5,4,1,,,,,,,,,,,,,,,,,,,,,,,,
PAT-MP-5-6-2,pattern,5,"9, 18, 36, 72, 144, 288, ?",576,integer,,,,,,,,,,,,,,,,,,,2,6,,,,,,,,,,,,,,,
NUM-SQUARE-7,numerical,7,What is 7^2?,49,integer,,,,,,,,,,,,,,,,,,,,,,,,,,,,,,8,1,near,,,
PAT-CP-6-3-7,pattern,6,"11, 10, 12, 11, 10, 12, 11, ?",10,integer,,,,,,,,,,,,,,,,,,,,,3,0,7,,,,,,,,,,,,
LOG-COMP-13-5,logical,13,"E is faster than D.
 A is faster than B.
 E is faster than C.
 D is faster than A.
 C is faster than B.
 Is B faster than E?",no,yesno,5,5,4,,1,,,,,,,,,,,,,,,,,,,,,,,,,,,,,,
LOG-CONSTRAINT-17-5-5,logical,17,"D is above C.
C is above B.
A is above D.
D is above B.
A is above E.
Is D above C?",yes,yesno,,,,,,,,,,,,,5,5,4,,,,,,,,,,,,,,,,,,,,
PAT-MP-7-6-2,pattern,7,"10, 20, 40, 80, 160, 320, ?",640,integer,,,,,,,,,,,,,,,,,,,2,6,,,,,,,,,,,,,,,
NUM-NEARBOUNDARY-10,numerical,10,What is 199 + 8?,207,integer,,,,,,,,,,,,,,,,,,,,,,,,,,,,,,,,,200,+,True
NUM-NEARBOUNDARY-12,numerical,12,What is 215 - 16?,199,integer,,,,,,,,,,,,,,,,,,,,,,,,,,,,,,,,,200,-,True
NUM-NEARBOUNDARY-15,numerical,15,What is 193 - 5?,188,integer,,,,,,,,,,,,,,,,,,,,,,,,,,,,,,,,,200,-,False
NUM-RATIO-MUL-17,numerical,17,"12 -> 48, 16 -> ?",64,integer,,,,,,,,,,,,,,,,,,,,,,,,,,,,4,multiply,,,,,,
NUM-NEARBOUNDARY-18,numerical,18,What is 483 + 37?,520,integer,,,,,,,,,,,,,,,,,,,,,,,,,,,,,,,,,500,+,True
LOG-CONSTRAINT-18-6-5,logical,18,"D is faster than E.
A is faster than C.
E is faster than F.
B is faster than A.
E is faster than C.
Is B faster than D?",no,yesno,,,,,,,,,,,,,6,5,3,,,,,,,,,,,,,,,,,,,,
LOG-CONSTRAINT-19-5-5,logical,19,"C is above B.
E is above B.
A is above E.
C is above E.
B is above A.
Is D above C?",no,yesno,,,,,,,,,,,,,5,5,5,,,,,,,,,,,,,,,,,,,,
LOG-IMP-20-6-6,logical,20,"C is True.
A is True.
If C is True, then E is True.
If C is True, then A is True.
If F is True, then E is True.
If D is True, then F is True.
If F is True, then B is True.
If B is True, then F is True.
Is D True?",no,yesno,,,,,,,,,6,6,2,,,,,,,,,,,,,,,,,,,,,,,,
NUM-DIV-20,numerical,20,What is 2200 divided by 200?,11,integer,,,,,,,,,,,,,,,,,,,,,,,,,,20,2,,,,,,,,
PAT-MIXED-9-2-6-5,pattern,9,"12, 17, 51, 56, 168, ?",173,integer,,,,,,,,,,,,,,,,,,,,,,,,2,6,,,,,,,,,,
PAT-AP-11-6-10,pattern,11,"14, 9, 4, -1, -6, -11, ?",-16,integer,,,,,,,,,,,,,,,,6,-5,5,,,,,,,,,,,,,,,,,
LOG-CONSTRAINT-22-7-6,logical,22,"C is faster than G.
E is faster than B.
A is faster than D.
A is faster than G.
E is faster than D.
D is faster than G.
Is E faster than A?",no,yesno,,,,,,,,,,,,,7,6,3,,,,,,,,,,,,,,,,,,,,
NUM-RATIO-MUL-23,numerical,23,"19 -> 133, 25 -> ?",175,integer,,,,,,,,,,,,,,,,,,,,,,,,,,,,7,multiply,,,,,,
LOG-CONSTRAINT-24-7-5,logical,24,"C is left of D.
E is left of B.
G is left of E.
D is left of A.
B is left of A.
Is C left of F?",no,yesno,,,,,,,,,,,,,7,5,4,,,,,,,,,,,,,,,,,,,,
NUM-NEARBOUNDARY-24,numerical,24,What is 1010 - 41?,969,integer,,,,,,,,,,,,,,,,,,,,,,,,,,,,,,,,,1000,-,True
NUM-NEARBOUNDARY-25,numerical,25,What is 964 - 58?,906,integer,,,,,,,,,,,,,,,,,,,,,,,,,,,,,,,,,1000,-,False
LOG-BOOL-26-4-3,logical,26,"A is False.
B is True.
C is True.
D is False.
What is: (NOT (((B OR C) OR (NOT B)) OR D))?",False,boolean,,,,,,4,3,2,,,,,,,,,,,,,,,,,,,,,,,,,,,
LOG-CONSTRAINT-28-7-6,logical,28,"G is faster than A.
D is faster than C.
A is faster than E.
D is faster than F.
C is faster than E.
F is faster than A.
Is D faster than F?",yes,yesno,,,,,,,,,,,,,7,6,4,,,,,,,,,,,,,,,,,,,,
LOG-BOOL-29-4-5,logical,29,"A is True.
B is True.
C is False.
D is True.
What is: (((((D OR C) OR (NOT C)) OR D) OR (NOT B)) AND A)?",True,boolean,,,,,,4,5,2,,,,,,,,,,,,,,,,,,,,,,,,,,,
NUM-NEARBOUNDARY-27,numerical,27,What is 1032 - 13?,1019,integer,,,,,,,,,,,,,,,,,,,,,,,,,,,,,,,,,1000,-,False
LOG-BOOL-31-6-3,logical,31,"A is True.
B is True.
C is False.
D is True.
E is False.
F is False.
What is: (NOT (((B AND F) OR B) AND F))?",True,boolean,,,,,,6,3,1,,,,,,,,,,,,,,,,,,,,,,,,,,,
PAT-AP-12-6-10,pattern,12,"32, 33, 34, 35, 36, 37, ?",38,integer,,,,,,,,,,,,,,,,6,1,1,,,,,,,,,,,,,,,,,
NUM-NEARBOUNDARY-29,numerical,29,What is 1964 + 98?,2062,integer,,,,,,,,,,,,,,,,,,,,,,,,,,,,,,,,,2000,+,True
NUM-NEARBOUNDARY-30,numerical,30,What is 1015 + 43?,1058,integer,,,,,,,,,,,,,,,,,,,,,,,,,,,,,,,,,1000,+,False
PAT-AP-14-5-10,pattern,14,"29, 39, 49, 59, 69, ?",79,integer,,,,,,,,,,,,,,,,5,10,10,,,,,,,,,,,,,,,,,
LOG-IMP-33-7-8,logical,33,"D is True.
G is True.
If C is True, then A is True.
If F is True, then E is True.
If D is True, then B is True.
If E is True, then D is True.
If A is True, then E is True.
If B is True, then D is True.
If G is True, then F is True.
If F is True, then G is True.
Is B True?",yes,yesno,,,,,,,,,7,8,2,1,,,,,,,,,,,,,,,,,,,,,,,
NUM-SQUARE-32,numerical,32,What is 20^2?,400,integer,,,,,,,,,,,,,,,,,,,,,,,,,,,,,,25,5,decompose,,,
LOG-COMP-36-9,logical,36,"H is older than B.
 E is older than F.
 F is older than H.
 G is older than A.
 H is older than D.
 I is older than H.
 C is older than E.
 G is older than I.
 A is older than F.
 G is older than B.
 F is older than I.
 Is C older than D?",yes,yesno,9,11,5,4,3,,,,,,,,,,,,,,,,,,,,,,,,,,,,,,
NUM-DIV-0,numerical,0,What is 450 divided by 50?,9,integer,,,,,,,,,,,,,,,,,,,,,,,,,,5,1,,,,,,,,
PAT-MP-0-9-2,pattern,0,"8, 16, 32, 64, 128, 256, 512, 1024, 2048, ?",4096,integer,,,,,,,,,,,,,,,,,,,2,9,,,,,,,,,,,,,,,
NUM-RATIO-MUL-3,numerical,3,"7 -> 21, 8 -> ?",24,integer,,,,,,,,,,,,,,,,,,,,,,,,,,,,3,multiply,,,,,,
LOG-COMP-0-4,logical,0,"A is larger than D.
 C is larger than A.
 C is larger than B.
 Is C larger than D?",yes,yesno,4,3,3,2,0,,,,,,,,,,,,,,,,,,,,,,,,,,,,,,
NUM-DIV-5,numerical,5,What is 360 divided by 60?,6,integer,,,,,,,,,,,,,,,,,,,,,,,,,,6,1,,,,,,,,
LOG-CONSTRAINT-2-3-2,logical,2,"C is left of A.
B is left of A.
Is A left of C?",no,yesno,,,,,,,,,,,,,3,2,2,,,,,,,,,,,,,,,,,,,,
PAT-AP-1-4-5,pattern,1,"3, 6, 9, 12, ?",15,integer,,,,,,,,,,,,,,,,4,3,3,,,,,,,,,,,,,,,,,
PAT-MP-3-9-2,pattern,3,"8, 16, 32, 64, 128, 256, 512, 1024, 2048, ?",4096,integer,,,,,,,,,,,,,,,,,,,2,9,,,,,,,,,,,,,,,
LOG-CONSTRAINT-5-4-3,logical,5,"C is above A.
B is above D.
C is above B.
Is D above A?",no,yesno,,,,,,,,,,,,,4,3,3,,,,,,,,,,,,,,,,,,,,
PAT-MIXED-5-2-6-5,pattern,5,"19, 38, 41, 82, 85, ?",170,integer,,,,,,,,,,,,,,,,,,,,,,,,2,6,,,,,,,,,,
LOG-CONSTRAINT-8-4-3,logical,8,"B is faster than D.
C is faster than B.
B is faster than A.
Is B faster than A?",yes,yesno,,,,,,,,,,,,,4,3,3,,,,,,,,,,,,,,,,,,,,
LOG-BOOL-10-3-2,logical,10,"A is True.
B is True.
C is True.
What is: ((A OR C) AND (NOT B))?",False,boolean,,,,,,3,2,1,,,,,,,,,,,,,,,,,,,,,,,,,,,
NUM-RATIO-MUL-8,numerical,8,"8 -> 40, 4 -> ?",20,integer,,,,,,,,,,,,,,,,,,,,,,,,,,,,5,multiply,,,,,,
NUM-SQUARE-10,numerical,10,What is 15^2?,225,integer,,,,,,,,,,,,,,,,,,,,,,,,,,,,,,13,2,near,,,
LOG-COMP-12-6,logical,12,"B is heavier than E.
 B is heavier than F.
 A is heavier than C.
 E is heavier than D.
 B is heavier than C.
 D is heavier than A.
 Is B heavier than A?",yes,yesno,6,6,5,3,1,,,,,,,,,,,,,,,,,,,,,,,,,,,,,,
PAT-MIXED-7-2-6-5,pattern,7,"20, 25, 29, 34, 38, ?",43,integer,,,,,,,,,,,,,,,,,,,,,,,,2,6,,,,,,,,,,
NUM-RATIO-MUL-14,numerical,14,"9 -> 45, 10 -> ?",50,integer,,,,,,,,,,,,,,,,,,,,,,,,,,,,5,multiply,,,,,,
PAT-MIXED-10-3-8-6,pattern,10,"2, 5, 8, 10, 13, 16, 18, ?",21,integer,,,,,,,,,,,,,,,,,,,,,,,,3,8,,,,,,,,,,
PAT-MP-12-6-3,pattern,12,"3, 9, 27, 81, 243, 729, ?",2187,integer,,,,,,,,,,,,,,,,,,,3,6,,,,,,,,,,,,,,,
LOG-COMP-14-5,logical,14,"A is larger than D.
 E is larger than C.
 A is larger than E.
 D is larger than B.
 C is larger than B.
 Is B larger than A?",no,yesno,5,5,4,,1,,,,,,,,,,,,,,,,,,,,,,,,,,,,,,
NUM-RATIO-DIV-16,numerical,16,"80 -> 16, 45 -> ?",9,integer,,,,,,,,,,,,,,,,,,,,,,,,,,,,5,divide,,,,,,
PAT-AP-13-5-10,pattern,13,"-41, -31, -21, -11, -1, ?",9,integer,,,,,,,,,,,,,,,,5,10,10,,,,,,,,,,,,,,,,,
NUM-DIV-18,numerical,18,What is 1950 divided by 150?,13,integer,,,,,,,,,,,,,,,,,,,,,,,,,,15,2,,,,,,,,
LOG-BOOL-18-3-2,logical,18,"A is False.
B is False.
C is True.
What is: ((A AND (NOT C)) OR (NOT A))?",True,boolean,,,,,,3,2,2,,,,,,,,,,,,,,,,,,,,,,,,,,,
LOG-COMP-20-7,logical,20,"C is heavier than F.
 G is heavier than C.
 F is heavier than B.
 A is heavier than D.
 A is heavier than C.
 D is heavier than B.
 C is heavier than E.
 B is heavier than E.
 Is G heavier than B?",yes,yesno,7,8,5,3,2,,,,,,,,,,,,,,,,,,,,,,,,,,,,,,
LOG-IMP-22-7-6,logical,22,"E is True.
F is True.
If G is True, then C is True.
If F is True, then A is True.
If D is True, then C is True.
If G is True, then A is True.
If F is True, then G is True.
If C is True, then B is True.
Is B True?",yes,yesno,,,,,,,,,7,6,2,3,,,,,,,,,,,,,,,,,,,,,,,
NUM-NEARBOUNDARY-20,numerical,20,What is 529 + 29?,558,integer,,,,,,,,,,,,,,,,,,,,,,,,,,,,,,,,,500,+,False
LOG-BOOL-23-5-4,logical,23,"A is True.
B is True.
C is True.
D is False.
E is False.
What is: ((((C AND (NOT D)) OR C) AND B) AND (NOT A))?",False,boolean,,,,,,5,4,2,,,,,,,,,,,,,,,,,,,,,,,,,,,
LOG-CONSTRAINT-25-8-7,logical,25,"B is left of H.
E is left of C.
F is left of G.
D is left of B.
H is left of A.
F is left of B.
H is left of D.
Is F left of A?",yes,yesno,,,,,,,,,,,,,8,7,4,,,,,,,,,,,,,,,,,,,,
LOG-BOOL-27-4-5,logical,27,"A is True.
B is True.
C is False.
D is False.
What is: (NOT (((((B OR (NOT B)) AND (NOT D)) OR D) AND A) AND (NOT D)))?",False,boolean,,,,,,4,5,4,,,,,,,,,,,,,,,,,,,,,,,,,,,
PAT-CP-15-5-10,pattern,15,"19, 16, 9, 9, 6, 19, 16, 9, 9, 6, ?",19,integer,,,,,,,,,,,,,,,,,,,,,5,0,10,,,,,,,,,,,,
PAT-CP-17-5-10,pattern,17,"15, 8, 12, 7, 10, 15, 8, 12, 7, 10, ?",15,integer,,,,,,,,,,,,,,,,,,,,,5,0,10,,,,,,,,,,,,
PAT-MIXED-19-3-9-8,pattern,19,"19, 25, 33, 99, 105, 113, 339, 345, ?",353,integer,,,,,,,,,,,,,,,,,,,,,,,,3,9,,,,,,,,,,
PAT-AP-21-8-20,pattern,21,"-49, -41, -33, -25, -17, -9, -1, 7, ?",15,integer,,,,,,,,,,,,,,,,8,8,8,,,,,,,,,,,,,,,,,
PAT-AP-22-7-15,pattern,22,"25, 36, 47, 58, 69, 80, 91, ?",102,integer,,,,,,,,,,,,,,,,7,11,11,,,,,,,,,,,,,,,,,
NUM-RATIO-DIV-22,numerical,22,"184 -> 23, 80 -> ?",10,integer,,,,,,,,,,,,,,,,,,,,,,,,,,,,8,divide,,,,,,
PAT-MIXED-23-4-8-10,pattern,23,"14, 19, 27, 81, 83, 88, 96, ?",288,integer,,,,,,,,,,,,,,,,,,,,,,,,4,8,,,,,,,,,,
PAT-MP-24-5-4,pattern,24,"13, 52, 208, 832, 3328, ?",13312,integer,,,,,,,,,,,,,,,,,,,4,5,,,,,,,,,,,,,,,
LOG-CONSTRAINT-28-9-8,logical,28,"G is left of C.
A is left of F.
H is left of B.
E is left of F.
I is left of C.
B is left of F.
C is left of B.
A is left of G.
Is H left of A?",no,yesno,,,,,,,,,,,,,9,8,5,,,,,,,,,,,,,,,,,,,,
LOG-BOOL-29-6-3,logical,29,"A is False.
B is True.
C is True.
D is True.
E is True.
F is True.
What is: (NOT (((C OR B) AND (NOT B)) OR B))?",False,boolean,,,,,,6,3,2,,,,,,,,,,,,,,,,,,,,,,,,,,,
PAT-AP-21-7-20,pattern,21,"-40, -53, -66, -79, -92, -105, -118, ?",-131,integer,,,,,,,,,,,,,,,,7,-13,13,,,,,,,,,,,,,,,,,
LOG-BOOL-0-2-1,logical,0,"A is True.
B is False.
What is: (B OR B)?",False,boolean,,,,,,2,1,0,,,,,,,,,,,,,,,,,,,,,,,,,,,
PAT-AP-0-4-5,pattern,0,"29, 32, 35, 38, ?",41,integer,,,,,,,,,,,,,,,,4,3,3,,,,,,,,,,,,,,,,,
LOG-BOOL-2-2-1,logical,2,"A is False.
B is False.
What is: (B OR A)?",False,boolean,,,,,,2,1,0,,,,,,,,,,,,,,,,,,,,,,,,,,,
NUM-RATIO-MUL-0,numerical,0,"6 -> 12, 5 -> ?",10,integer,,,,,,,,,,,,,,,,,,,,,,,,,,,,2,multiply,,,,,,
LOG-CONSTRAINT-4-3-2,logical,4,"B is left of C.
A is left of B.
Is B left of A?",no,yesno,,,,,,,,,,,,,3,2,3,,,,,,,,,,,,,,,,,,,,
PAT-AP-1-4-5,pattern,1,"20, 19, 18, 17, ?",16,integer,,,,,,,,,,,,,,,,4,-1,1,,,,,,,,,,,,,,,,,
PAT-AP-3-4-5,pattern,3,"0, 1, 2, 3, ?",4,integer,,,,,,,,,,,,,,,,4,1,1,,,,,,,,,,,,,,,,,
NUM-RATIO-MUL-2,numerical,2,"8 -> 16, 5 -> ?",10,integer,,,,,,,,,,,,,,,,,,,,,,,,,,,,2,multiply,,,,,,
PAT-MIXED-6-2-7-5,pattern,6,"3, 9, 14, 42, 47, 141, ?",146,integer,,,,,,,,,,,,,,,,,,,,,,,,2,7,,,,,,,,,,
NUM-RATIO-MUL-0,numerical,0,"3 -> 6, 8 -> ?",16,integer,,,,,,,,,,,,,,,,,,,,,,,,,,,,2,multiply,,,,,,
NUM-SQUARE-2,numerical,2,What is 5^2?,25,integer,,,,,,,,,,,,,,,,,,,,,,,,,,,,,,5,0,exact,,,
PAT-CP-8-3-6,pattern,8,"4, 18, 9, 4, 18, 9, ?",4,integer,,,,,,,,,,,,,,,,,,,,,3,0,6,,,,,,,,,,,,
LOG-COMP-6-4,logical,6,"B is older than A.
 C is older than B.
 D is older than C.
 Is A older than C?",no,yesno,4,3,4,,0,,,,,,,,,,,,,,,,,,,,,,,,,,,,,,
PAT-CP-9-3-6,pattern,9,"19, 11, 12, 19, 11, 12, ?",19,integer,,,,,,,,,,,,,,,,,,,,,3,0,6,,,,,,,,,,,,
PAT-AP-10-5-10,pattern,10,"45, 39, 33, 27, 21, ?",15,integer,,,,,,,,,,,,,,,,5,-6,6,,,,,,,,,,,,,,,,,
PAT-AP-11-6-10,pattern,11,"38, 41, 44, 47, 50, 53, ?",56,integer,,,,,,,,,,,,,,,,6,3,3,,,,,,,,,,,,,,,,,
NUM-NEARBOUNDARY-5,numerical,5,What is 99 + 5?,104,integer,,,,,,,,,,,,,,,,,,,,,,,,,,,,,,,,,100,+,True
NUM-NEARBOUNDARY-8,numerical,8,What is 99 + 7?,106,integer,,,,,,,,,,,,,,,,,,,,,,,,,,,,,,,,,100,+,True
LOG-BOOL-10-3-2,logical,10,"A is False.
B is False.
C is False.
What is: (NOT ((C AND B) AND (NOT B)))?",True,boolean,,,,,,3,2,2,,,,,,,,,,,,,,,,,,,,,,,,,,,
PAT-AP-13-5-10,pattern,13,"34, 35, 36, 37, 38, ?",39,integer,,,,,,,,,,,,,,,,5,1,1,,,,,,,,,,,,,,,,,
PAT-AP-15-7-15,pattern,15,"3, 13, 23, 33, 43, 53, 63, ?",73,integer,,,,,,,,,,,,,,,,7,10,10,,,,,,,,,,,,,,,,,
LOG-CONSTRAINT-12-4-3,logical,12,"A is left of D.
A is left of B.
C is left of A.
Is C left of B?",yes,yesno,,,,,,,,,,,,,4,3,3,,,,,,,,,,,,,,,,,,,,
LOG-BOOL-14-3-2,logical,14,"A is True.
B is True.
C is True.
What is: (NOT ((A AND (NOT A)) OR B))?",False,boolean,,,,,,3,2,2,,,,,,,,,,,,,,,,,,,,,,,,,,,
PAT-MP-16-6-2,pattern,16,"12, 24, 48, 96, 192, 384, ?",768,integer,,,,,,,,,,,,,,,,,,,2,6,,,,,,,,,,,,,,,
NUM-RATIO-MUL-11,numerical,11,"10 -> 50, 15 -> ?",75,integer,,,,,,,,,,,,,,,,,,,,,,,,,,,,5,multiply,,,,,,
LOG-CONSTRAINT-16-5-5,logical,16,"C is left of D.
A is left of C.
C is left of E.
E is left of B.
B is left of C.
Is A left of D?",yes,yesno,,,,,,,,,,,,,5,5,5,,,,,,,,,,,,,,,,,,,,
NUM-RATIO-DIV-12,numerical,12,"63 -> 9, 56 -> ?",8,integer,,,,,,,,,,,,,,,,,,,,,,,,,,,,7,divide,,,,,,
NUM-SQUARE-14,numerical,14,What is 9^2?,81,integer,,,,,,,,,,,,,,,,,,,,,,,,,,,,,,11,2,near,,,
NUM-DIV-18,numerical,18,What is 1440 divided by 120?,12,integer,,,,,,,,,,,,,,,,,,,,,,,,,,12,2,,,,,,,,
PAT-MIXED-17-3-9-8,pattern,17,"2, 8, 32, 64, 70, 280, 560, 566, ?",2264,integer,,,,,,,,,,,,,,,,,,,,,,,,3,9,,,,,,,,,,
NUM-NEARBOUNDARY-20,numerical,20,What is 1027 - 46?,981,integer,,,,,,,,,,,,,,,,,,,,,,,,,,,,,,,,,1000,-,True
LOG-IMP-18-5-5,logical,18,"C is True.
If B is True, then E is True.
If E is True, then B is True.
If E is True, then A is True.
If A is True, then E is True.
If C is True, then A is True.
Is B True?",yes,yesno,,,,,,,,,5,5,1,3,,,,,,,,,,,,,,,,,,,,,,,
PAT-MP-18-6-3,pattern,18,"10, 30, 90, 270, 810, 2430, ?",7290,integer,,,,,,,,,,,,,,,,,,,3,6,,,,,,,,,,,,,,,
NUM-DIV-22,numerical,22,What is 1800 divided by 180?,10,integer,,,,,,,,,,,,,,,,,,,,,,,,,,18,2,,,,,,,,
LOG-COMP-19-8,logical,19,"A is older than F.
 D is older than E.
 H is older than C.
 G is older than D.
 F is older than E.
 H is older than G.
 C is older than F.
 B is older than E.
 B is older than H.
 Is B older than D?",yes,yesno,8,9,5,3,2,,,,,,,,,,,,,,,,,,,,,,,,,,,,,,
PAT-MIXED-19-2-8-8,pattern,19,"12, 19, 25, 32, 38, 45, 51, ?",58,integer,,,,,,,,,,,,,,,,,,,,,,,,2,8,,,,,,,,,,
LOG-CONSTRAINT-22-7-5,logical,22,"A is left of F.
A is left of B.
G is left of E.
E is left of C.
G is left of C.
Is F left of B?",no,yesno,,,,,,,,,,,,,7,5,3,,,,,,,,,,,,,,,,,,,,
LOG-CONSTRAINT-25-7-7,logical,25,"A is left of C.
C is left of G.
G is left of E.
G is left of D.
E is left of B.
G is left of F.
B is left of F.
Is C left of F?",yes,yesno,,,,,,,,,,,,,7,7,6,,,,,,,,,,,,,,,,,,,,
PAT-MP-21-5-3,pattern,21,"9, 27, 81, 243, 729, ?",2187,integer,,,,,,,,,,,,,,,,,,,3,5,,,,,,,,,,,,,,,
LOG-BOOL-27-6-3,logical,27,"A is True.
B is False.
C is False.
D is False.
E is True.
F is True.
What is: (NOT (((C AND A) OR E) AND C))?",True,boolean,,,,,,6,3,1,,,,,,,,,,,,,,,,,,,,,,,,,,,
PAT-AP-22-7-15,pattern,22,"38, 50, 62, 74, 86, 98, 110, ?",122,integer,,,,,,,,,,,,,,,,7,12,12,,,,,,,,,,,,,,,,,
NUM-RATIO-DIV-25,numerical,25,"60 -> 10, 84 -> ?",14,integer,,,,,,,,,,,,,,,,,,,,,,,,,,,,6,divide,,,,,,
LOG-COMP-29-10,logical,29,"C is larger than B.
 G is larger than J.
 J is larger than I.
 C is larger than J.
 H is larger than C.
 I is larger than D.
 E is larger than C.
 H is larger than E.
 G is larger than F.
 A is larger than D.
 B is larger than G.
 B is larger than D.
 Is A larger than G?",no,yesno,10,12,6,,3,,,,,,,,,,,,,,,,,,,,,,,,,,,,,,
LOG-BOOL-31-6-3,logical,31,"A is True.
B is False.
C is False.
D is False.
E is True.
F is False.
What is: (NOT (((E OR (NOT F)) OR (NOT A)) OR (NOT A)))?",False,boolean,,,,,,6,3,4,,,,,,,,,,,,,,,,,,,,,,,,,,,
NUM-NEARBOUNDARY-23,numerical,23,What is 507 + 10?,517,integer,,,,,,,,,,,,,,,,,,,,,,,,,,,,,,,,,500,+,False
NUM-NEARBOUNDARY-0,numerical,0,What is 9 + 4?,13,integer,,,,,,,,,,,,,,,,,,,,,,,,,,,,,,,,,10,+,True
PAT-AP-0-4-5,pattern,0,"19, 14, 9, 4, ?",-1,integer,,,,,,,,,,,,,,,,4,-5,5,,,,,,,,,,,,,,,,,
PAT-AP-1-4-5,pattern,1,"48, 47, 46, 45, ?",44,integer,,,,,,,,,,,,,,,,4,-1,1,,,,,,,,,,,,,,,,,
PAT-AP-2-4-5,pattern,2,"39, 35, 31, 27, ?",23,integer,,,,,,,,,,,,,,,,4,-4,4,,,,,,,,,,,,,,,,,
NUM-DIV-2,numerical,2,What is 180 divided by 60?,3,integer,,,,,,,,,,,,,,,,,,,,,,,,,,6,1,,,,,,,,
LOG-COMP-0-4,logical,0,"A is taller than D.
 A is taller than C.
 B is taller than A.
 Is D taller than C?",no,yesno,4,3,3,,0,,,,,,,,,,,,,,,,,,,,,,,,,,,,,,
LOG-CONSTRAINT-0-3-2,logical,0,"A is faster than C.
A is faster than B.
Is C faster than B?",no,yesno,,,,,,,,,,,,,3,2,2,,,,,,,,,,,,,,,,,,,,
PAT-AP-3-4-5,pattern,3,"41, 44, 47, 50, ?",53,integer,,,,,,,,,,,,,,,,4,3,3,,,,,,,,,,,,,,,,,
NUM-NEARBOUNDARY-4,numerical,4,What is 9 + 3?,12,integer,,,,,,,,,,,,,,,,,,,,,,,,,,,,,,,,,10,+,True
NUM-NEARBOUNDARY-7,numerical,7,What is 48 + 7?,55,integer,,,,,,,,,,,,,,,,,,,,,,,,,,,,,,,,,50,+,True
PAT-MIXED-4-2-6-3,pattern,4,"16, 19, 21, 24, 26, ?",29,integer,,,,,,,,,,,,,,,,,,,,,,,,2,6,,,,,,,,,,
PAT-AP-7-5-7,pattern,7,"3, -3, -9, -15, -21, ?",-27,integer,,,,,,,,,,,,,,,,5,-6,6,,,,,,,,,,,,,,,,,
NUM-RATIO-MUL-10,numerical,10,"11 -> 33, 8 -> ?",24,integer,,,,,,,,,,,,,,,,,,,,,,,,,,,,3,multiply,,,,,,
LOG-CONSTRAINT-0-3-2,logical,0,"C is faster than B.
C is faster than A.
Is C faster than B?",yes,yesno,,,,,,,,,,,,,3,2,2,,,,,,,,,,,,,,,,,,,,
PAT-AP-8-5-7,pattern,8,"35, 29, 23, 17, 11, ?",5,integer,,,,,,,,,,,,,,,,5,-6,6,,,,,,,,,,,,,,,,,
LOG-CONSTRAINT-1-3-2,logical,1,"B is left of C.
A is left of B.
Is A left of B?",yes,yesno,,,,,,,,,,,,,3,2,3,,,,,,,,,,,,,,,,,,,,
PAT-MIXED-9-2-6-5,pattern,9,"17, 51, 53, 159, 161, ?",483,integer,,,,,,,,,,,,,,,,,,,,,,,,2,6,,,,,,,,,,
LOG-BOOL-2-2-1,logical,2,"A is True.
B is False.
What is: (B AND A)?",False,boolean,,,,,,2,1,0,,,,,,,,,,,,,,,,,,,,,,,,,,,
LOG-COMP-3-4,logical,3,"A is larger than D.
 B is larger than D.
 A is larger than B.
 Is C larger than A?",no,yesno,4,3,3,,0,,,,,,,,,,,,,,,,,,,,,,,,,,,,,,
PAT-MP-10-5-2,pattern,10,"10, 20, 40, 80, 160, ?",320,integer,,,,,,,,,,,,,,,,,,,2,5,,,,,,,,,,,,,,,
LOG-CONSTRAINT-4-3-2,logical,4,"A is above C.
B is above A.
Is C above A?",no,yesno,,,,,,,,,,,,,3,2,3,,,,,,,,,,,,,,,,,,,,
NUM-SQUARE-11,numerical,11,What is 10^2?,100,integer,,,,,,,,,,,,,,,,,,,,,,,,,,,,,,11,1,near,,,
PAT-AP-11-6-10,pattern,11,"-12, -2, 8, 18, 28, 38, ?",48,integer,,,,,,,,,,,,,,,,6,10,10,,,,,,,,,,,,,,,,,
NUM-NEARBOUNDARY-10,numerical,10,What is 95 + 12?,107,integer,,,,,,,,,,,,,,,,,,,,,,,,,,,,,,,,,100,+,True
PAT-AP-12-5-10,pattern,12,"30, 27, 24, 21, 18, ?",15,integer,,,,,,,,,,,,,,,,5,-3,3,,,,,,,,,,,,,,,,,
LOG-CONSTRAINT-5-4-3,logical,5,"C is above B.
A is above B.
B is above D.
Is D above A?",no,yesno,,,,,,,,,,,,,4,3,3,,,,,,,,,,,,,,,,,,,,
NUM-NEARBOUNDARY-11,numerical,11,What is 198 + 7?,205,integer,,,,,,,,,,,,,,,,,,,,,,,,,,,,,,,,,200,+,True
PAT-CP-14-3-9,pattern,14,"14, 7, 14, 14, 7, 14, 14, 7, 14, ?",14,integer,,,,,,,,,,,,,,,,,,,,,3,0,9,,,,,,,,,,,,
PAT-MP-15-5-3,pattern,15,"6, 18, 54, 162, 486, ?",1458,integer,,,,,,,,,,,,,,,,,,,3,5,,,,,,,,,,,,,,,
NUM-DIV-13,numerical,13,What is 400 divided by 80?,5,integer,,,,,,,,,,,,,,,,,,,,,,,,,,8,2,,,,,,,,
PAT-MIXED-0-2-6-3,pattern,0,"14, 16, 48, 50, 150, ?",152,integer,,,,,,,,,,,,,,,,,,,,,,,,2,6,,,,,,,,,,
LOG-BOOL-0-2-1,logical,0,"A is True.
B is False.
What is: (A OR B)?",True,boolean,,,,,,2,1,0,,,,,,,,,,,,,,,,,,,,,,,,,,,
NUM-SQUARE-0,numerical,0,What is 2^2?,4,integer,,,,,,,,,,,,,,,,,,,,,,,,,,,,,,2,0,exact,,,
PAT-MIXED-2-2-5-3,pattern,2,"12, 15, 17, 20, ?",22,integer,,,,,,,,,,,,,,,,,,,,,,,,2,5,,,,,,,,,,
NUM-NEARBOUNDARY-4,numerical,4,What is 49 + 5?,54,integer,,,,,,,,,,,,,,,,,,,,,,,,,,,,,,,,,50,+,True
NUM-NEARBOUNDARY-6,numerical,6,What is 47 + 7?,54,integer,,,,,,,,,,,,,,,,,,,,,,,,,,,,,,,,,50,+,True
PAT-MP-0-7-2,pattern,0,"3, 6, 12, 24, 48, 96, 192, ?",384,integer,,,,,,,,,,,,,,,,,,,2,7,,,,,,,,,,,,,,,
NUM-DIV-8,numerical,8,What is 300 divided by 60?,5,integer,,,,,,,,,,,,,,,,,,,,,,,,,,6,2,,,,,,,,
PAT-MP-1-8-2,pattern,1,"9, 18, 36, 72, 144, 288, 576, 1152, ?",2304,integer,,,,,,,,,,,,,,,,,,,2,8,,,,,,,,,,,,,,,
LOG-CONSTRAINT-4-3-2,logical,4,"C is left of A.
C is left of B.
Is A left of B?",no,yesno,,,,,,,,,,,,,3,2,2,,,,,,,,,,,,,,,,,,,,
LOG-BOOL-6-2-2,logical,6,"A is False.
B is False.
What is: ((B AND A) OR A)?",False,boolean,,,,,,2,2,0,,,,,,,,,,,,,,,,,,,,,,,,,,,
PAT-AP-3-4-5,pattern,3,"12, 16, 20, 24, ?",28,integer,,,,,,,,,,,,,,,,4,4,4,,,,,,,,,,,,,,,,,
LOG-COMP-10-6,logical,10,"A is heavier than C.
 B is heavier than F.
 B is heavier than C.
 F is heavier than D.
 E is heavier than C.
 D is heavier than E.
 Is A heavier than D?",no,yesno,6,6,3,,1,,,,,,,,,,,,,,,,,,,,,,,,,,,,,,
PAT-MIXED-5-2-7-5,pattern,5,"2, 5, 15, 18, 54, 57, ?",171,integer,,,,,,,,,,,,,,,,,,,,,,,,2,7,,,,,,,,,,
NUM-DIV-11,numerical,11,What is 360 divided by 90?,4,integer,,,,,,,,,,,,,,,,,,,,,,,,,,9,2,,,,,,,,
PAT-MP-7-6-2,pattern,7,"6, 12, 24, 48, 96, 192, ?",384,integer,,,,,,,,,,,,,,,,,,,2,6,,,,,,,,,,,,,,,
NUM-DIV-14,numerical,14,What is 240 divided by 80?,3,integer,,,,,,,,,,,,,,,,,,,,,,,,,,8,2,,,,,,,,
LOG-BOOL-14-3-2,logical,14,"A is False.
B is False.
C is True.
What is: ((A OR (NOT B)) AND C)?",True,boolean,,,,,,3,2,1,,,,,,,,,,,,,,,,,,,,,,,,,,,
PAT-MP-9-7-2,pattern,9,"5, 10, 20, 40, 80, 160, 320, ?",640,integer,,,,,,,,,,,,,,,,,,,2,7,,,,,,,,,,,,,,,
PAT-MP-12-7-3,pattern,12,"5, 15, 45, 135, 405, 1215, 3645, ?",10935,integer,,,,,,,,,,,,,,,,,,,3,7,,,,,,,,,,,,,,,
LOG-BOOL-17-4-3,logical,17,"A is True.
B is False.
C is False.
D is True.
What is: (NOT (((B AND (NOT A)) AND A) AND (NOT C)))?",True,boolean,,,,,,4,3,3,,,,,,,,,,,,,,,,,,,,,,,,,,,
NUM-NEARBOUNDARY-16,numerical,16,What is 187 + 26?,213,integer,,,,,,,,,,,,,,,,,,,,,,,,,,,,,,,,,200,+,True
PAT-MIXED-13-3-8-6,pattern,13,"18, 54, 216, 222, 666, 2664, 2670, ?",8010,integer,,,,,,,,,,,,,,,,,,,,,,,,3,8,,,,,,,,,,
NUM-DIV-17,numerical,17,What is 2100 divided by 150?,14,integer,,,,,,,,,,,,,,,,,,,,,,,,,,15,2,,,,,,,,
NUM-DIV-18,numerical,18,What is 2100 divided by 150?,14,integer,,,,,,,,,,,,,,,,,,,,,,,,,,15,2,,,,,,,,
PAT-MP-15-6-2,pattern,15,"12, 24, 48, 96, 192, 384, ?",768,integer,,,,,,,,,,,,,,,,,,,2,6,,,,,,,,,,,,,,,
NUM-DIV-21,numerical,21,What is 2250 divided by 150?,15,integer,,,,,,,,,,,,,,,,,,,,,,,,,,15,2,,,,,,,,
NUM-DIV-22,numerical,22,What is 1320 divided by 120?,11,integer,,,,,,,,,,,,,,,,,,,,,,,,,,12,2,,,,,,,,
PAT-CP-16-4-10,pattern,16,"14, 2, 16, 18, 14, 2, 16, 18, 14, 2, ?",16,integer,,,,,,,,,,,,,,,,,,,,,4,0,10,,,,,,,,,,,,
PAT-AP-18-7-15,pattern,18,"-1, 11, 23, 35, 47, 59, 71, ?",83,integer,,,,,,,,,,,,,,,,7,12,12,,,,,,,,,,,,,,,,,
LOG-CONSTRAINT-20-6-5,logical,20,"A is left of E.
F is left of B.
D is left of E.
B is left of A.
D is left of C.
Is C left of F?",no,yesno,,,,,,,,,,,,,6,5,4,,,,,,,,,,,,,,,,,,,,
NUM-NEARBOUNDARY-24,numerical,24,What is 512 - 57?,455,integer,,,,,,,,,,,,,,,,,,,,,,,,,,,,,,,,,500,-,True
NUM-DIV-25,numerical,25,What is 4200 divided by 300?,14,integer,,,,,,,,,,,,,,,,,,,,,,,,,,30,3,,,,,,,,
PAT-MIXED-20-4-8-10,pattern,20,"10, 40, 50, 57, 66, 264, 274, ?",281,integer,,,,,,,,,,,,,,,,,,,,,,,,4,8,,,,,,,,,,
PAT-AP-22-7-20,pattern,22,"40, 22, 4, -14, -32, -50, -68, ?",-86,integer,,,,,,,,,,,,,,,,7,-18,18,,,,,,,,,,,,,,,,,
LOG-COMP-24-8,logical,24,"C is faster than B.
 B is faster than E.
 C is faster than F.
 F is faster than E.
 F is faster than A.
 E is faster than H.
 G is faster than H.
 A is faster than H.
 G is faster than C.
 Is D faster than F?",no,yesno,8,9,5,,2,,,,,,,,,,,,,,,,,,,,,,,,,,,,,,
LOG-CONSTRAINT-28-8-7,logical,28,"C is faster than F.
B is faster than G.
E is faster than B.
A is faster than D.
H is faster than F.
C is faster than B.
H is faster than E.
Is F faster than A?",no,yesno,,,,,,,,,,,,,8,7,4,,,,,,,,,,,,,,,,,,,,
LOG-CONSTRAINT-32-8-6,logical,32,"H is above D.
A is above B.
A is above E.
F is above B.
B is above D.
C is above G.
Is E above D?",no,yesno,,,,,,,,,,,,,8,6,3,,,,,,,,,,,,,,,,,,,,
NUM-NEARBOUNDARY-27,numerical,27,What is 1994 + 18?,2012,integer,,,,,,,,,,,,,,,,,,,,,,,,,,,,,,,,,2000,+,True
PAT-MP-23-3-3,pattern,23,"5, 15, 45, ?",135,integer,,,,,,,,,,,,,,,,,,,3,3,,,,,,,,,,,,,,,
NUM-RATIO-DIV-28,numerical,28,"104 -> 13, 80 -> ?",10,integer,,,,,,,,,,,,,,,,,,,,,,,,,,,,8,divide,,,,,,
PAT-CP-25-8-13,pattern,25,"6, 14, 9, 1, 2, 12, 8, 4, 6, 14, 9, 1, 2, ?",12,integer,,,,,,,,,,,,,,,,,,,,,8,7,13,,,,,,,,,,,,
NUM-DIV-29,numerical,29,What is 2880 divided by 240?,12,integer,,,,,,,,,,,,,,,,,,,,,,,,,,24,3,,,,,,,,
LOG-COMP-36-10,logical,36,"E is faster than I.
 H is faster than J.
 F is faster than B.
 B is faster than J.
 C is faster than G.
 D is faster than G.
 I is faster than F.
 I is faster than A.
 A is faster than F.
 A is faster than H.
 E is faster than D.
 G is faster than A.
 Is C faster than B?",yes,yesno,10,12,6,4,3,,,,,,,,,,,,,,,,,,,,,,,,,,,,,,
LOG-CONSTRAINT-35-7-7,logical,35,"C is above A.
A is above B.
G is above A.
F is above G.
A is above D.
F is above C.
E is above D.
Is C above A?",yes,yesno,,,,,,,,,,,,,7,7,4,,,,,,,,,,,,,,,,,,,,
NUM-RATIO-MUL-31,numerical,31,"17 -> 119, 13 -> ?",91,integer,,,,,,,,,,,,,,,,,,,,,,,,,,,,7,multiply,,,,,,
LOG-IMP-38-9-6,logical,38,"I is True.
If D is True, then I is True.
If C is True, then D is True.
If E is True, then H is True.
If H is True, then F is True.
If C is True, then E is True.
If C is True, then B is True.
Is B True?",no,yesno,,,,,,,,,9,6,1,,,,,,,,,,,,,,,,,,,,,,,,
LOG-CONSTRAINT-0-3-2,logical,0,"B is faster than C.
C is faster than A.
Is B faster than A?",yes,yesno,,,,,,,,,,,,,3,2,3,,,,,,,,,,,,,,,,,,,,
PAT-CP-0-2-4,pattern,0,"1, 3, 1, 3, ?",1,integer,,,,,,,,,,,,,,,,,,,,,2,0,4,,,,,,,,,,,,
LOG-COMP-0-4,logical,0,"B is faster than C.
 A is faster than C.
 B is faster than D.
 Is D faster than A?",no,yesno,4,3,2,,0,,,,,,,,,,,,,,,,,,,,,,,,,,,,,,
LOG-CONSTRAINT-4-3-2,logical,4,"B is left of C.
A is left of B.
Is B left of A?",no,yesno,,,,,,,,,,,,,3,2,3,,,,,,,,,,,,,,,,,,,,
PAT-CP-3-2-4,pattern,3,"2, 11, 2, 11, ?",2,integer,,,,,,,,,,,,,,,,,,,,,2,0,4,,,,,,,,,,,,
NUM-NEARBOUNDARY-0,numerical,0,What is 49 + 5?,54,integer,,,,,,,,,,,,,,,,,,,,,,,,,,,,,,,,,50,+,True
LOG-BOOL-6-3-2,logical,6,"A is False.
B is False.
C is True.
What is: ((A AND A) OR B)?",False,boolean,,,,,,3,2,0,,,,,,,,,,,,,,,,,,,,,,,,,,,
NUM-RATIO-MUL-2,numerical,2,"7 -> 14, 2 -> ?",4,integer,,,,,,,,,,,,,,,,,,,,,,,,,,,,2,multiply,,,,,,
NUM-RATIO-MUL-4,numerical,4,"5 -> 10, 2 -> ?",4,integer,,,,,,,,,,,,,,,,,,,,,,,,,,,,2,multiply,,,,,,
PAT-MIXED-6-2-7-5,pattern,6,"16, 20, 23, 27, 30, 34, ?",37,integer,,,,,,,,,,,,,,,,,,,,,,,,2,7,,,,,,,,,,
PAT-MP-8-8-2,pattern,8,"6, 12, 24, 48, 96, 192, 384, 768, ?",1536,integer,,,,,,,,,,,,,,,,,,,2,8,,,,,,,,,,,,,,,
NUM-SQUARE-7,numerical,7,What is 7^2?,49,integer,,,,,,,,,,,,,,,,,,,,,,,,,,,,,,7,0,near,,,
PAT-CP-9-3-6,pattern,9,"15, 12, 3, 15, 12, 3, ?",15,integer,,,,,,,,,,,,,,,,,,,,,3,0,6,,,,,,,,,,,,
PAT-CP-11-4-7,pattern,11,"7, 10, 17, 13, 7, 10, 17, ?",13,integer,,,,,,,,,,,,,,,,,,,,,4,0,7,,,,,,,,,,,,
PAT-CP-13-4-8,pattern,13,"2, 18, 15, 12, 2, 18, 15, 12, ?",2,integer,,,,,,,,,,,,,,,,,,,,,4,0,8,,,,,,,,,,,,
PAT-AP-15-7-15,pattern,15,"-47, -37, -27, -17, -7, 3, 13, ?",23,integer,,,,,,,,,,,,,,,,7,10,10,,,,,,,,,,,,,,,,,
PAT-AP-17-6-15,pattern,17,"-38, -35, -32, -29, -26, -23, ?",-20,integer,,,,,,,,,,,,,,,,6,3,3,,,,,,,,,,,,,,,,,
LOG-CONSTRAINT-10-5-4,logical,10,"A is above C.
C is above D.
A is above B.
D is above E.
Is C above D?",yes,yesno,,,,,,,,,,,,,5,4,4,,,,,,,,,,,,,,,,,,,,
LOG-BOOL-13-3-2,logical,13,"A is False.
B is True.
C is True.
What is: ((C OR (NOT C)) AND (NOT B))?",False,boolean,,,,,,3,2,2,,,,,,,,,,,,,,,,,,,,,,,,,,,
PAT-AP-19-7-15,pattern,19,"-13, -20, -27, -34, -41, -48, -55, ?",-62,integer,,,,,,,,,,,,,,,,7,-7,7,,,,,,,,,,,,,,,,,
NUM-NEARBOUNDARY-11,numerical,11,What is 99 + 8?,107,integer,,,,,,,,,,,,,,,,,,,,,,,,,,,,,,,,,100,+,True
LOG-IMP-16-6-5,logical,16,"C is True.
If D is True, then A is True.
If A is True, then E is True.
If F is True, then B is True.
If D is True, then C is True.
If F is True, then A is True.
Is D True?",no,yesno,,,,,,,,,6,5,1,,,,,,,,,,,,,,,,,,,,,,,,
LOG-CONSTRAINT-20-7-6,logical,20,"F is faster than G.
C is faster than B.
A is faster than D.
A is faster than B.
E is faster than F.
D is faster than E.
Is D faster than F?",yes,yesno,,,,,,,,,,,,,7,6,5,,,,,,,,,,,,,,,,,,,,
PAT-MP-21-4-4,pattern,21,"5, 20, 80, 320, ?",1280,integer,,,,,,,,,,,,,,,,,,,4,4,,,,,,,,,,,,,,,
NUM-NEARBOUNDARY-14,numerical,14,What is 111 - 12?,99,integer,,,,,,,,,,,,,,,,,,,,,,,,,,,,,,,,,100,-,True
NUM-SQUARE-16,numerical,16,What is 21^2?,441,integer,,,,,,,,,,,,,,,,,,,,,,,,,,,,,,22,1,near,,,
NUM-RATIO-DIV-19,numerical,19,"105 -> 15, 77 -> ?",11,integer,,,,,,,,,,,,,,,,,,,,,,,,,,,,7,divide,,,,,,
NUM-DIV-20,numerical,20,What is 2640 divided by 240?,11,integer,,,,,,,,,,,,,,,,,,,,,,,,,,24,2,,,,,,,,
LOG-IMP-23-6-6,logical,23,"E is True.
F is True.
If C is True, then B is True.
If F is True, then B is True.
If D is True, then C is True.
If B is True, then F is True.
If C is True, then A is True.
If D is True, then A is True.
Is C True?",no,yesno,,,,,,,,,6,6,2,,,,,,,,,,,,,,,,,,,,,,,,
PAT-CP-22-5-10,pattern,22,"13, 13, 6, 18, 9, 13, 13, 6, 18, 9, ?",13,integer,,,,,,,,,,,,,,,,,,,,,5,2,10,,,,,,,,,,,,
PAT-AP-24-7-20,pattern,24,"-22, -4, 14, 32, 50, 68, 86, ?",104,integer,,,,,,,,,,,,,,,,7,18,18,,,,,,,,,,,,,,,,,
PAT-MP-25-4-5,pattern,25,"15, 75, 375, 1875, ?",9375,integer,,,,,,,,,,,,,,,,,,,5,4,,,,,,,,,,,,,,,
PAT-AP-23-7-20,pattern,23,"46, 29, 12, -5, -22, -39, -56, ?",-73,integer,,,,,,,,,,,,,,,,7,-17,17,,,,,,,,,,,,,,,,,
LOG-BOOL-25-6-3,logical,25,"A is False.
B is True.
C is False.
D is True.
E is False.
F is True.
What is: (NOT (((A OR B) OR C) OR (NOT C)))?",False,boolean,,,,,,6,3,2,,,,,,,,,,,,,,,,,,,,,,,,,,,
NUM-SQUARE-22,numerical,22,What is 37^2?,1369,integer,,,,,,,,,,,,,,,,,,,,,,,,,,,,,,32,5,decompose,,,
PAT-MIXED-24-4-10-10,pattern,24,"1, 5, 12, 16, 32, 36, 43, 47, 94, ?",98,integer,,,,,,,,,,,,,,,,,,,,,,,,4,10,,,,,,,,,,
NUM-SQUARE-24,numerical,24,What is 36^2?,1296,integer,,,,,,,,,,,,,,,,,,,,,,,,,,,,,,37,1,decompose,,,
NUM-RATIO-MUL-26,numerical,26,"15 -> 75, 11 -> ?",55,integer,,,,,,,,,,,,,,,,,,,,,,,,,,,,5,multiply,,,,,,
LOG-BOOL-29-6-5,logical,29,"A is False.
B is True.
C is True.
D is False.
E is True.
F is False.
What is: (((((F AND F) OR B) AND (NOT F)) OR (NOT F)) AND D)?",False,boolean,,,,,,6,5,2,,,,,,,,,,,,,,,,,,,,,,,,,,,
NUM-RATIO-DIV-29,numerical,29,"80 -> 16, 70 -> ?",14,integer,,,,,,,,,,,,,,,,,,,,,,,,,,,,5,divide,,,,,,
LOG-BOOL-32-6-5,logical,32,"A is True.
B is True.
C is False.
D is False.
E is False.
F is False.
What is: (NOT (((((D AND (NOT B)) AND (NOT C)) OR A) OR (NOT F)) OR (NOT D)))?",False,boolean,,,,,,6,5,5,,,,,,,,,,,,,,,,,,,,,,,,,,,
PAT-MP-26-3-5,pattern,26,"9, 45, 225, ?",1125,integer,,,,,,,,,,,,,,,,,,,5,3,,,,,,,,,,,,,,,
PAT-CP-0-2-5,pattern,0,"11, 2, 11, 2, 11, ?",2,integer,,,,,,,,,,,,,,,,,,,,,2,0,5,,,,,,,,,,,,
PAT-MP-3-7-2,pattern,3,"2, 4, 8, 16, 32, 64, 128, ?",256,integer,,,,,,,,,,,,,,,,,,,2,7,,,,,,,,,,,,,,,
PAT-MP-6-8-2,pattern,6,"4, 8, 16, 32, 64, 128, 256, 512, ?",1024,integer,,,,,,,,,,,,,,,,,,,2,8,,,,,,,,,,,,,,,
PAT-MP-9-7-2,pattern,9,"3, 6, 12, 24, 48, 96, 192, ?",384,integer,,,,,,,,,,,,,,,,,,,2,7,,,,,,,,,,,,,,,
NUM-RATIO-MUL-0,numerical,0,"6 -> 12, 2 -> ?",4,integer,,,,,,,,,,,,,,,,,,,,,,,,,,,,2,multiply,,,,,,
NUM-DIV-2,numerical,2,What is 200 divided by 50?,4,integer,,,,,,,,,,,,,,,,,,,,,,,,,,5,1,,,,,,,,
NUM-SQUARE-5,numerical,5,What is 5^2?,25,integer,,,,,,,,,,,,,,,,,,,,,,,,,,,,,,6,1,near,,,
LOG-BOOL-0-2-1,logical,0,"A is True.
B is True.
What is: (A AND B)?",True,boolean,,,,,,2,1,0,,,,,,,,,,,,,,,,,,,,,,,,,,,
PAT-MP-11-7-3,pattern,11,"10, 30, 90, 270, 810, 2430, 7290, ?",21870,integer,,,,,,,,,,,,,,,,,,,3,7,,,,,,,,,,,,,,,
NUM-SQUARE-9,numerical,9,What is 15^2?,225,integer,,,,,,,,,,,,,,,,,,,,,,,,,,,,,,15,0,near,,,
PAT-AP-12-6-10,pattern,12,"1, 10, 19, 28, 37, 46, ?",55,integer,,,,,,,,,,,,,,,,6,9,9,,,,,,,,,,,,,,,,,
NUM-NEARBOUNDARY-11,numerical,11,What is 95 + 9?,104,integer,,,,,,,,,,,,,,,,,,,,,,,,,,,,,,,,,100,+,True
NUM-DIV-14,numerical,14,What is 1200 divided by 150?,8,integer,,,,,,,,,,,,,,,,,,,,,,,,,,15,2,,,,,,,,
LOG-COMP-4-4,logical,4,"B is taller than D.
 A is taller than D.
 C is taller than B.
 Is C taller than D?",yes,yesno,4,3,3,2,0,,,,,,,,,,,,,,,,,,,,,,,,,,,,,,
PAT-CP-13-3-7,pattern,13,"10, 1, 17, 10, 1, 17, 10, ?",1,integer,,,,,,,,,,,,,,,,,,,,,3,0,7,,,,,,,,,,,,
LOG-CONSTRAINT-7-4-3,logical,7,"D is faster than C.
B is faster than D.
A is faster than B.
Is C faster than B?",no,yesno,,,,,,,,,,,,,4,3,4,,,,,,,,,,,,,,,,,,,,
PAT-AP-14-6-10,pattern,14,"-28, -20, -12, -4, 4, 12, ?",20,integer,,,,,,,,,,,,,,,,6,8,8,,,,,,,,,,,,,,,,,
LOG-COMP-10-5,logical,10,"C is older than A.
 A is older than D.
 E is older than B.
 A is older than E.
 D is older than B.
 Is E older than D?",no,yesno,5,5,4,,1,,,,,,,,,,,,,,,,,,,,,,,,,,,,,,
NUM-DIV-16,numerical,16,What is 840 divided by 120?,7,integer,,,,,,,,,,,,,,,,,,,,,,,,,,12,2,,,,,,,,
PAT-MIXED-16-2-8-8,pattern,16,"8, 13, 15, 20, 22, 27, 29, ?",34,integer,,,,,,,,,,,,,,,,,,,,,,,,2,8,,,,,,,,,,
LOG-CONSTRAINT-13-4-3,logical,13,"A is faster than D.
B is faster than D.
C is faster than D.
Is C faster than D?",yes,yesno,,,,,,,,,,,,,4,3,2,,,,,,,,,,,,,,,,,,,,
PAT-MIXED-18-2-9-8,pattern,18,"5, 11, 15, 21, 25, 31, 35, 41, ?",45,integer,,,,,,,,,,,,,,,,,,,,,,,,2,9,,,,,,,,,,
NUM-NEARBOUNDARY-19,numerical,19,What is 484 - 20?,464,integer,,,,,,,,,,,,,,,,,,,,,,,,,,,,,,,,,500,-,False
NUM-DIV-21,numerical,21,What is 750 divided by 150?,5,integer,,,,,,,,,,,,,,,,,,,,,,,,,,15,2,,,,,,,,
PAT-CP-20-5-13,pattern,20,"5, 15, 7, 6, 19, 5, 15, 7, 6, 19, 5, 15, 7, ?",6,integer,,,,,,,,,,,,,,,,,,,,,5,3,13,,,,,,,,,,,,
NUM-NEARBOUNDARY-24,numerical,24,What is 491 - 14?,477,integer,,,,,,,,,,,,,,,,,,,,,,,,,,,,,,,,,500,-,False
LOG-COMP-16-7,logical,16,"B is faster than D.
 B is faster than F.
 G is faster than A.
 C is faster than G.
 C is faster than B.
 F is faster than G.
 E is faster than C.
 F is faster than D.
 Is E faster than A?",yes,yesno,7,8,4,3,2,,,,,,,,,,,,,,,,,,,,,,,,,,,,,,
PAT-MP-22-4-4,pattern,22,"6, 24, 96, 384, ?",1536,integer,,,,,,,,,,,,,,,,,,,4,4,,,,,,,,,,,,,,,
PAT-AP-23-8-15,pattern,23,"-31, -20, -9, 2, 13, 24, 35, 46, ?",57,integer,,,,,,,,,,,,,,,,8,11,11,,,,,,,,,,,,,,,,,
PAT-AP-25-13-25,pattern,25,"-18, -8, 2, 12, 22, 32, 42, 52, 62, 72, 82, 92, 102, ?",112,integer,,,,,,,,,,,,,,,,13,10,10,,,,,,,,,,,,,,,,,
LOG-COMP-14-6,logical,14,"E is taller than D.
 A is taller than F.
 F is taller than C.
 B is taller than A.
 E is taller than A.
 E is taller than C.
 Is E taller than F?",yes,yesno,6,6,4,,1,,,,,,,,,,,,,,,,,,,,,,,,,,,,,,
NUM-RATIO-MUL-25,numerical,25,"20 -> 100, 21 -> ?",105,integer,,,,,,,,,,,,,,,,,,,,,,,,,,,,5,multiply,,,,,,
LOG-BOOL-18-4-2,logical,18,"A is False.
B is True.
C is True.
D is True.
What is: (NOT ((A AND (NOT A)) OR C))?",False,boolean,,,,,,4,2,2,,,,,,,,,,,,,,,,,,,,,,,,,,,
PAT-MIXED-27-3-10-12,pattern,27,"3, 10, 12, 24, 31, 33, 66, 73, 75, ?",150,integer,,,,,,,,,,,,,,,,,,,,,,,,3,10,,,,,,,,,,
NUM-DIV-26,numerical,26,What is 4500 divided by 300?,15,integer,,,,,,,,,,,,,,,,,,,,,,,,,,30,3,,,,,,,,
NUM-SQUARE-29,numerical,29,What is 35^2?,1225,integer,,,,,,,,,,,,,,,,,,,,,,,,,,,,,,38,3,decompose,,,
PAT-MP-29-4-3,pattern,29,"15, 45, 135, 405, ?",1215,integer,,,,,,,,,,,,,,,,,,,3,4,,,,,,,,,,,,,,,
LOG-COMP-21-8,logical,21,"H is heavier than F.
 A is heavier than C.
 C is heavier than G.
 C is heavier than B.
 F is heavier than B.
 B is heavier than G.
 D is heavier than B.
 H is heavier than D.
 A is heavier than B.
 Is C heavier than H?",no,yesno,8,9,4,,2,,,,,,,,,,,,,,,,,,,,,,,,,,,,,,
NUM-RATIO-MUL-31,numerical,31,"20 -> 160, 16 -> ?",128,integer,,,,,,,,,,,,,,,,,,,,,,,,,,,,8,multiply,,,,,,
PAT-AP-31-11-35,pattern,31,"-17, 16, 49, 82, 115, 148, 181, 214, 247, 280, 313, ?",346,integer,,,,,,,,,,,,,,,,11,33,33,,,,,,,,,,,,,,,,,
LOG-BOOL-23-5-4,logical,23,"A is True.
B is True.
C is False.
D is False.
E is True.
What is: ((((E AND E) OR C) AND E) AND (NOT C))?",True,boolean,,,,,,5,4,1,,,,,,,,,,,,,,,,,,,,,,,,,,,
NUM-DIV-32,numerical,32,What is 1600 divided by 200?,8,integer,,,,,,,,,,,,,,,,,,,,,,,,,,20,3,,,,,,,,
LOG-BOOL-25-6-3,logical,25,"A is True.
B is True.
C is True.
D is False.
E is False.
F is True.
What is: (((A AND E) OR D) OR C)?",True,boolean,,,,,,6,3,0,,,,,,,,,,,,,,,,,,,,,,,,,,,
PAT-MP-29-4-5,pattern,29,"7, 35, 175, 875, ?",4375,integer,,,,,,,,,,,,,,,,,,,5,4,,,,,,,,,,,,,,,
PAT-MIXED-0-2-6-3,pattern,0,"2, 4, 8, 10, 20, ?",22,integer,,,,,,,,,,,,,,,,,,,,,,,,2,6,,,,,,,,,,
LOG-CONSTRAINT-0-3-2,logical,0,"A is left of B.
A is left of C.
Is B left of A?",no,yesno,,,,,,,,,,,,,3,2,2,,,,,,,,,,,,,,,,,,,,
NUM-NEARBOUNDARY-0,numerical,0,What is 9 + 4?,13,integer,,,,,,,,,,,,,,,,,,,,,,,,,,,,,,,,,10,+,True
NUM-NEARBOUNDARY-3,numerical,3,What is 49 + 3?,52,integer,,,,,,,,,,,,,,,,,,,,,,,,,,,,,,,,,50,+,True
LOG-COMP-3-4,logical,3,"A is faster than B.
 C is faster than A.
 D is faster than C.
 Is B faster than C?",no,yesno,4,3,4,,0,,,,,,,,,,,,,,,,,,,,,,,,,,,,,,
NUM-RATIO-MUL-6,numerical,6,"5 -> 25, 7 -> ?",35,integer,,,,,,,,,,,,,,,,,,,,,,,,,,,,5,multiply,,,,,,
NUM-SQUARE-8,numerical,8,What is 9^2?,81,integer,,,,,,,,,,,,,,,,,,,,,,,,,,,,,,9,0,near,,,
NUM-RATIO-MUL-12,numerical,12,"7 -> 42, 14 -> ?",84,integer,,,,,,,,,,,,,,,,,,,,,,,,,,,,6,multiply,,,,,,
NUM-DIV-13,numerical,13,What is 720 divided by 80?,9,integer,,,,,,,,,,,,,,,,,,,,,,,,,,8,2,,,,,,,,
PAT-MP-0-8-2,pattern,0,"5, 10, 20, 40, 80, 160, 320, 640, ?",1280,integer,,,,,,,,,,,,,,,,,,,2,8,,,,,,,,,,,,,,,
PAT-AP-2-4-5,pattern,2,"36, 31, 26, 21, ?",16,integer,,,,,,,,,,,,,,,,4,-5,5,,,,,,,,,,,,,,,,,
NUM-DIV-16,numerical,16,What is 1080 divided by 120?,9,integer,,,,,,,,,,,,,,,,,,,,,,,,,,12,2,,,,,,,,
LOG-CONSTRAINT-7-4-3,logical,7,"D is left of C.
A is left of D.
A is left of C.
Is A left of C?",yes,yesno,,,,,,,,,,,,,4,3,3,,,,,,,,,,,,,,,,,,,,
NUM-DIV-18,numerical,18,What is 720 divided by 120?,6,integer,,,,,,,,,,,,,,,,,,,,,,,,,,12,2,,,,,,,,
LOG-BOOL-10-3-2,logical,10,"A is False.
B is True.
C is False.
What is: ((A AND B) OR B)?",True,boolean,,,,,,3,2,0,,,,,,,,,,,,,,,,,,,,,,,,,,,
NUM-RATIO-MUL-21,numerical,21,"18 -> 144, 15 -> ?",120,integer,,,,,,,,,,,,,,,,,,,,,,,,,,,,8,multiply,,,,,,
NUM-DIV-22,numerical,22,What is 2800 divided by 200?,14,integer,,,,,,,,,,,,,,,,,,,,,,,,,,20,2,,,,,,,,
NUM-SQUARE-24,numerical,24,What is 38^2?,1444,integer,,,,,,,,,,,,,,,,,,,,,,,,,,,,,,37,1,decompose,,,
PAT-CP-4-2-5,pattern,4,"2, 7, 2, 7, 2, ?",7,integer,,,,,,,,,,,,,,,,,,,,,2,0,5,,,,,,,,,,,,
PAT-MP-5-7-2,pattern,5,"3, 6, 12, 24, 48, 96, 192, ?",384,integer,,,,,,,,,,,,,,,,,,,2,7,,,,,,,,,,,,,,,
PAT-MP-3-9-2,pattern,3,"9, 18, 36, 72, 144, 288, 576, 1152, 2304, ?",4608,integer,,,,,,,,,,,,,,,,,,,2,9,,,,,,,,,,,,,,,
NUM-RATIO-MUL-26,numerical,26,"12 -> 48, 10 -> ?",40,integer,,,,,,,,,,,,,,,,,,,,,,,,,,,,4,multiply,,,,,,
NUM-DIV-29,numerical,29,What is 1440 divided by 240?,6,integer,,,,,,,,,,,,,,,,,,,,,,,,,,24,3,,,,,,,,
LOG-COMP-14-5,logical,14,"C is taller than B.
 C is taller than A.
 E is taller than B.
 B is taller than A.
 B is taller than D.
 Is C taller than D?",yes,yesno,5,5,3,2,1,,,,,,,,,,,,,,,,,,,,,,,,,,,,,,
LOG-COMP-17-7,logical,17,"C is faster than B.
 E is faster than G.
 G is faster than B.
 G is faster than A.
 D is faster than F.
 G is faster than F.
 D is faster than E.
 B is faster than A.
 Is D faster than B?",yes,yesno,7,8,4,3,2,,,,,,,,,,,,,,,,,,,,,,,,,,,,,,
LOG-COMP-19-8,logical,19,"D is faster than H.
 C is faster than B.
 D is faster than B.
 A is faster than H.
 B is faster than G.
 A is faster than C.
 E is faster than A.
 D is faster than F.
 G is faster than F.
 Is C faster than F?",yes,yesno,8,9,4,3,2,,,,,,,,,,,,,,,,,,,,,,,,,,,,,,
NUM-DIV-31,numerical,31,What is 3120 divided by 240?,13,integer,,,,,,,,,,,,,,,,,,,,,,,,,,24,3,,,,,,,,
NUM-DIV-33,numerical,33,What is 2600 divided by 200?,13,integer,,,,,,,,,,,,,,,,,,,,,,,,,,20,3,,,,,,,,
NUM-SQUARE-36,numerical,36,What is 27^2?,729,integer,,,,,,,,,,,,,,,,,,,,,,,,,,,,,,25,2,decompose,,,
PAT-MP-4-9-2,pattern,4,"10, 20, 40, 80, 160, 320, 640, 1280, 2560, ?",5120,integer,,,,,,,,,,,,,,,,,,,2,9,,,,,,,,,,,,,,,
LOG-CONSTRAINT-21-6-5,logical,21,"F is faster than E.
A is faster than D.
F is faster than B.
C is faster than B.
A is faster than B.
Is C faster than B?",yes,yesno,,,,,,,,,,,,,6,5,2,,,,,,,,,,,,,,,,,,,,
PAT-AP-6-5-7,pattern,6,"0, 4, 8, 12, 16, ?",20,integer,,,,,,,,,,,,,,,,5,4,4,,,,,,,,,,,,,,,,,
LOG-CONSTRAINT-25-7-8,logical,25,"D is faster than F.
G is faster than B.
C is faster than E.
E is faster than D.
D is faster than C.
C is faster than B.
G is faster than E.
A is faster than B.
Is D faster than C?",yes,yesno,,,,,,,,,,,,,7,8,5,,,,,,,,,,,,,,,,,,,,
NUM-SQUARE-38,numerical,38,What is 29^2?,841,integer,,,,,,,,,,,,,,,,,,,,,,,,,,,,,,28,1,decompose,,,
PAT-AP-8-5-7,pattern,8,"23, 16, 9, 2, -5, ?",-12,integer,,,,,,,,,,,,,,,,5,-7,7,,,,,,,,,,,,,,,,,
NUM-SQUARE-36,numerical,36,What is 38^2?,1444,integer,,,,,,,,,,,,,,,,,,,,,,,,,,,,,,33,5,decompose,,,
NUM-DIV-39,numerical,39,What is 3060 divided by 180?,17,integer,,,,,,,,,,,,,,,,,,,,,,,,,,18,3,,,,,,,,
LOG-CONSTRAINT-27-8-7,logical,27,"C is left of E.
A is left of H.
H is left of G.
A is left of F.
B is left of E.
F is left of D.
A is left of B.
Is C left of E?",yes,yesno,,,,,,,,,,,,,8,7,3,,,,,,,,,,,,,,,,,,,,
PAT-MIXED-9-2-6-5,pattern,9,"5, 8, 32, 35, 140, ?",143,integer,,,,,,,,,,,,,,,,,,,,,,,,2,6,,,,,,,,,,
PAT-MIXED-7-2-6-5,pattern,7,"5, 7, 12, 14, 19, ?",21,integer,,,,,,,,,,,,,,,,,,,,,,,,2,6,,,,,,,,,,
LOG-IMP-30-9-7,logical,30,"B is True.
If D is True, then I is True.
If A is True, then F is True.
If D is True, then H is True.
If B is True, then F is True.
If A is True, then G is True.
If F is True, then A is True.
If C is True, then F is True.
Is F True?",yes,yesno,,,,,,,,,9,7,1,1,,,,,,,,,,,,,,,,,,,,,,,
PAT-MIXED-10-3-7-6,pattern,10,"5, 7, 12, 17, 19, 24, ?",29,integer,,,,,,,,,,,,,,,,,,,,,,,,3,7,,,,,,,,,,
NUM-SQUARE-41,numerical,41,What is 30^2?,900,integer,,,,,,,,,,,,,,,,,,,,,,,,,,,,,,29,1,decompose,,,
LOG-CONSTRAINT-33-8-6,logical,33,"B is above C.
G is above E.
E is above B.
A is above F.
D is above C.
C is above F.
Is D above C?",yes,yesno,,,,,,,,,,,,,8,6,5,,,,,,,,,,,,,,,,,,,,
PAT-AP-12-6-10,pattern,12,"17, 11, 5, -1, -7, -13, ?",-19,integer,,,,,,,,,,,,,,,,6,-6,6,,,,,,,,,,,,,,,,,
LOG-COMP-0-4,logical,0,"B is heavier than A.
 A is heavier than D.
 C is heavier than A.
 Is B heavier than D?",yes,yesno,4,3,3,2,0,,,,,,,,,,,,,,,,,,,,,,,,,,,,,,
PAT-CP-0-2-5,pattern,0,"7, 5, 7, 5, 7, ?",5,integer,,,,,,,,,,,,,,,,,,,,,2,0,5,,,,,,,,,,,,
LOG-IMP-0-3-2,logical,0,"B is True.
C is True.
If C is True, then A is True.
If A is True, then C is True.
Is A True?",yes,yesno,,,,,,,,,3,2,2,1,,,,,,,,,,,,,,,,,,,,,,,
NUM-RATIO-MUL-0,numerical,0,"7 -> 21, 6 -> ?",18,integer,,,,,,,,,,,,,,,,,,,,,,,,,,,,3,multiply,,,,,,
LOG-IMP-3-3-2,logical,3,"A is True.
C is True.
If B is True, then C is True.
If B is True, then A is True.
Is B True?",no,yesno,,,,,,,,,3,2,2,,,,,,,,,,,,,,,,,,,,,,,,
LOG-BOOL-6-2-2,logical,6,"A is False.
B is True.
What is: ((A OR A) OR B)?",True,boolean,,,,,,2,2,0,,,,,,,,,,,,,,,,,,,,,,,,,,,
LOG-IMP-10-5-3,logical,10,"B is True.
C is True.
If E is True, then D is True.
If A is True, then C is True.
If D is True, then C is True.
Is D True?",no,yesno,,,,,,,,,5,3,2,,,,,,,,,,,,,,,,,,,,,,,,
LOG-COMP-13-6,logical,13,"A is taller than F.
 F is taller than E.
 B is taller than C.
 C is taller than A.
 B is taller than F.
 D is taller than A.
 Is C taller than F?",yes,yesno,6,6,4,2,1,,,,,,,,,,,,,,,,,,,,,,,,,,,,,,
LOG-BOOL-12-3-2,logical,12,"A is False.
B is False.
C is True.
What is: (NOT ((A OR (NOT C)) AND B))?",True,boolean,,,,,,3,2,2,,,,,,,,,,,,,,,,,,,,,,,,,,,
LOG-IMP-14-4-3,logical,14,"D is True.
A is True.
If C is True, then A is True.
If A is True, then B is True.
If B is True, then A is True.
Is B True?",yes,yesno,,,,,,,,,4,3,2,1,,,,,,,,,,,,,,,,,,,,,,,
LOG-COMP-18-8,logical,18,"D is taller than F.
 A is taller than F.
 B is taller than A.
 C is taller than A.
 G is taller than D.
 D is taller than B.
 B is taller than H.
 A is taller than E.
 D is taller than C.
 Is C taller than G?",no,yesno,8,9,5,,2,,,,,,,,,,,,,,,,,,,,,,,,,,,,,,
LOG-BOOL-21-4-4,logical,21,"A is True.
B is False.
C is True.
D is False.
What is: (NOT ((((B AND B) AND (NOT A)) OR (NOT B)) AND C))?",False,boolean,,,,,,4,4,3,,,,,,,,,,,,,,,,,,,,,,,,,,,
LOG-IMP-24-7-6,logical,24,"F is True.
If F is True, then E is True.
If E is True, then C is True.
If D is True, then A is True.
If G is True, then C is True.
If C is True, then D is True.
If A is True, then E is True.
Is A True?",yes,yesno,,,,,,,,,7,6,1,4,,,,,,,,,,,,,,,,,,,,,,,
PAT-AP-2-4-5,pattern,2,"12, 17, 22, 27, ?",32,integer,,,,,,,,,,,,,,,,4,5,5,,,,,,,,,,,,,,,,,
LOG-IMP-26-9-7,logical,26,"C is True.
If C is True, then H is True.
If C is True, then I is True.
If F is True, then G is True.
If B is True, then C is True.
If C is True, then E is True.
If B is True, then I is True.
If D is True, then A is True.
Is F True?",no,yesno,,,,,,,,,9,7,1,,,,,,,,,,,,,,,,,,,,,,,,
PAT-MP-4-9-2,pattern,4,"5, 10, 20, 40, 80, 160, 320, 640, 1280, ?",2560,integer,,,,,,,,,,,,,,,,,,,2,9,,,,,,,,,,,,,,,
NUM-SQUARE-2,numerical,2,What is 4^2?,16,integer,,,,,,,,,,,,,,,,,,,,,,,,,,,,,,4,0,exact,,,
PAT-MIXED-5-2-6-5,pattern,5,"6, 10, 30, 34, 102, ?",106,integer,,,,,,,,,,,,,,,,,,,,,,,,2,6,,,,,,,,,,
LOG-BOOL-30-6-5,logical,30,"A is True.
B is False.
C is False.
D is False.
E is False.
F is True.
What is: (((((C AND C) AND D) OR (NOT F)) AND (NOT D)) OR (NOT C))?",True,boolean,,,,,,6,5,3,,,,,,,,,,,,,,,,,,,,,,,,,,,
PAT-MIXED-8-2-7-5,pattern,8,"15, 20, 22, 27, 29, 34, ?",36,integer,,,,,,,,,,,,,,,,,,,,,,,,2,7,,,,,,,,,,
LOG-IMP-33-8-7,logical,33,"G is True.
If G is True, then D is True.
If A is True, then D is True.
If C is True, then A is True.
If E is True, then D is True.
If A is True, then B is True.
If E is True, then F is True.
If A is True, then C is True.
Is A True?",no,yesno,,,,,,,,,8,7,1,,,,,,,,,,,,,,,,,,,,,,,,
PAT-CP-10-3-8,pattern,10,"16, 20, 7, 16, 20, 7, 16, 20, ?",7,integer,,,,,,,,,,,,,,,,,,,,,3,0,8,,,,,,,,,,,,
NUM-RATIO-MUL-5,numerical,5,"10 -> 50, 9 -> ?",45,integer,,,,,,,,,,,,,,,,,,,,,,,,,,,,5,multiply,,,,,,
LOG-CONSTRAINT-35-9-7,logical,35,"D is above C.
E is above B.
C is above B.
A is above G.
G is above C.
G is above E.
B is above H.
Is H above I?",no,yesno,,,,,,,,,,,,,9,7,5,,,,,,,,,,,,,,,,,,,,
LOG-COMP-38-10,logical,38,"C is larger than G.
 H is larger than E.
 E is larger than B.
 A is larger than H.
 I is larger than C.
 E is larger than C.
 F is larger than H.
 A is larger than B.
 A is larger than C.
 I is larger than G.
 D is larger than C.
 D is larger than E.
 Is F larger than G?",yes,yesno,10,12,5,4,3,,,,,,,,,,,,,,,,,,,,,,,,,,,,,,
PAT-MP-12-7-2,pattern,12,"4, 8, 16, 32, 64, 128, 256, ?",512,integer,,,,,,,,,,,,,,,,,,,2,7,,,,,,,,,,,,,,,
PAT-MP-14-5-2,pattern,14,"4, 8, 16, 32, 64, ?",128,integer,,,,,,,,,,,,,,,,,,,2,5,,,,,,,,,,,,,,,
LOG-COMP-36-9,logical,36,"G is heavier than C.
 F is heavier than A.
 F is heavier than E.
 I is heavier than B.
 E is heavier than A.
 H is heavier than D.
 D is heavier than G.
 A is heavier than I.
 G is heavier than F.
 A is heavier than C.
 G is heavier than B.
 Is H heavier than E?",yes,yesno,9,11,7,4,3,,,,,,,,,,,,,,,,,,,,,,,,,,,,,,
PAT-AP-17-6-15,pattern,17,"-20, -27, -34, -41, -48, -55, ?",-62,integer,,,,,,,,,,,,,,,,6,-7,7,,,,,,,,,,,,,,,,,
LOG-BOOL-38-6-3,logical,38,"A is True.
B is True.
C is False.
D is True.
E is False.
F is True.
What is: (((A OR (NOT C)) OR (NOT D)) AND (NOT A))?",False,boolean,,,,,,6,3,3,,,,,,,,,,,,,,,,,,,,,,,,,,,
LOG-COMP-42-9,logical,42,"E is taller than F.
 H is taller than C.
 F is taller than A.
 B is taller than A.
 B is taller than E.
 A is taller than G.
 I is taller than C.
 D is taller than H.
 D is taller than A.
 F is taller than I.
 B is taller than H.
 Is B taller than C?",yes,yesno,9,11,5,4,3,,,,,,,,,,,,,,,,,,,,,,,,,,,,,,
NUM-RATIO-MUL-7,numerical,7,"6 -> 24, 7 -> ?",28,integer,,,,,,,,,,,,,,,,,,,,,,,,,,,,4,multiply,,,,,,
LOG-COMP-45-10,logical,45,"E is faster than H.
 C is faster than H.
 A is faster than F.
 D is faster than I.
 E is faster than D.
 A is faster than G.
 H is faster than F.
 F is faster than D.
 J is faster than D.
 B is faster than H.
 A is faster than C.
 I is faster than G.
 Is B faster than G?",yes,yesno,10,12,6,5,3,,,,,,,,,,,,,,,,,,,,,,,,,,,,,,
PAT-MP-0-8-2,pattern,0,"8, 16, 32, 64, 128, 256, 512, 1024, ?",2048,integer,,,,,,,,,,,,,,,,,,,2,8,,,,,,,,,,,,,,,
NUM-RATIO-MUL-0,numerical,0,"8 -> 24, 3 -> ?",9,integer,,,,,,,,,,,,,,,,,,,,,,,,,,,,3,multiply,,,,,,
LOG-BOOL-0-2-1,logical,0,"A is True.
B is True.
What is: (B OR A)?",True,boolean,,,,,,2,1,0,,,,,,,,,,,,,,,,,,,,,,,,,,,
PAT-MP-2-9-2,pattern,2,"3, 6, 12, 24, 48, 96, 192, 384, 768, ?",1536,integer,,,,,,,,,,,,,,,,,,,2,9,,,,,,,,,,,,,,,
PAT-CP-3-2-4,pattern,3,"15, 4, 15, 4, ?",15,integer,,,,,,,,,,,,,,,,,,,,,2,0,4,,,,,,,,,,,,
PAT-CP-5-3-7,pattern,5,"7, 2, 19, 7, 2, 19, 7, ?",2,integer,,,,,,,,,,,,,,,,,,,,,3,0,7,,,,,,,,,,,,
PAT-AP-7-5-7,pattern,7,"28, 21, 14, 7, 0, ?",-7,integer,,,,,,,,,,,,,,,,5,-7,7,,,,,,,,,,,,,,,,,
PAT-AP-9-5-7,pattern,9,"6, -1, -8, -15, -22, ?",-29,integer,,,,,,,,,,,,,,,,5,-7,7,,,,,,,,,,,,,,,,,
PAT-CP-10-3-8,pattern,10,"4, 19, 9, 4, 19, 9, 4, 19, ?",9,integer,,,,,,,,,,,,,,,,,,,,,3,0,8,,,,,,,,,,,,
NUM-RATIO-MUL-2,numerical,2,"5 -> 10, 6 -> ?",12,integer,,,,,,,,,,,,,,,,,,,,,,,,,,,,2,multiply,,,,,,
PAT-CP-11-4-7,pattern,11,"12, 4, 12, 13, 12, 4, 12, ?",13,integer,,,,,,,,,,,,,,,,,,,,,4,0,7,,,,,,,,,,,,
NUM-SQUARE-4,numerical,4,What is 3^2?,9,integer,,,,,,,,,,,,,,,,,,,,,,,,,,,,,,3,0,exact,,,
PAT-AP-12-5-10,pattern,12,"-31, -38, -45, -52, -59, ?",-66,integer,,,,,,,,,,,,,,,,5,-7,7,,,,,,,,,,,,,,,,,
LOG-CONSTRAINT-4-3-2,logical,4,"A is above B.
A is above C.
Is A above C?",yes,yesno,,,,,,,,,,,,,3,2,2,,,,,,,,,,,,,,,,,,,,
PAT-MIXED-14-2-7-6,pattern,14,"14, 20, 22, 28, 30, 36, ?",38,integer,,,,,,,,,,,,,,,,,,,,,,,,2,7,,,,,,,,,,
LOG-CONSTRAINT-7-4-3,logical,7,"A is left of D.
D is left of B.
C is left of A.
Is B left of D?",no,yesno,,,,,,,,,,,,,4,3,4,,,,,,,,,,,,,,,,,,,,
LOG-COMP-10-6,logical,10,"A is heavier than F.
 A is heavier than C.
 C is heavier than D.
 E is heavier than C.
 F is heavier than C.
 F is heavier than B.
 Is B heavier than D?",no,yesno,6,6,3,,1,,,,,,,,,,,,,,,,,,,,,,,,,,,,,,
LOG-COMP-14-6,logical,14,"F is faster than E.
 D is faster than B.
 C is faster than D.
 E is faster than C.
 E is faster than D.
 B is faster than A.
 Is C faster than B?",yes,yesno,6,6,5,2,1,,,,,,,,,,,,,,,,,,,,,,,,,,,,,,
PAT-MIXED-16-2-9-8,pattern,16,"7, 28, 36, 144, 152, 608, 616, 2464, ?",2472,integer,,,,,,,,,,,,,,,,,,,,,,,,2,9,,,,,,,,,,
LOG-IMP-17-6-4,logical,17,"D is True.
If F is True, then A is True.
If E is True, then C is True.
If D is True, then C is True.
If D is True, then F is True.
Is F True?",yes,yesno,,,,,,,,,6,4,1,1,,,,,,,,,,,,,,,,,,,,,,,
LOG-CONSTRAINT-20-6-6,logical,20,"B is above D.
E is above C.
A is above F.
A is above B.
A is above E.
F is above C.
Is F above E?",no,yesno,,,,,,,,,,,,,6,6,3,,,,,,,,,,,,,,,,,,,,
NUM-DIV-8,numerical,8,What is 640 divided by 80?,8,integer,,,,,,,,,,,,,,,,,,,,,,,,,,8,2,,,,,,,,
LOG-COMP-22-8,logical,22,"C is heavier than F.
 D is heavier than H.
 H is heavier than C.
 G is heavier than F.
 E is heavier than D.
 B is heavier than A.
 G is heavier than D.
 F is heavier than B.
 E is heavier than H.
 Is B heavier than C?",no,yesno,8,9,7,,2,,,,,,,,,,,,,,,,,,,,,,,,,,,,,,
LOG-BOOL-24-4-4,logical,24,"A is False.
B is False.
C is False.
D is True.
What is: ((((C OR (NOT D)) OR D) AND (NOT C)) OR D)?",True,boolean,,,,,,4,4,2,,,,,,,,,,,,,,,,,,,,,,,,,,,
LOG-BOOL-27-6-5,logical,27,"A is True.
B is True.
C is True.
D is False.
E is False.
F is False.
What is: (((((B AND (NOT A)) AND F) AND E) OR E) AND E)?",False,boolean,,,,,,6,5,1,,,,,,,,,,,,,,,,,,,,,,,,,,,
PAT-MP-18-4-3,pattern,18,"13, 39, 117, 351, ?",1053,integer,,,,,,,,,,,,,,,,,,,3,4,,,,,,,,,,,,,,,
NUM-NEARBOUNDARY-10,numerical,10,What is 98 + 15?,113,integer,,,,,,,,,,,,,,,,,,,,,,,,,,,,,,,,,100,+,True
LOG-COMP-30-9,logical,30,"A is larger than I.
 H is larger than G.
 D is larger than F.
 C is larger than A.
 D is larger than B.
 F is larger than H.
 B is larger than I.
 G is larger than A.
 H is larger than C.
 F is larger than I.
 I is larger than E.
 Is A larger than D?",no,yesno,9,11,5,,3,,,,,,,,,,,,,,,,,,,,,,,,,,,,,,
NUM-SQUARE-12,numerical,12,What is 22^2?,484,integer,,,,,,,,,,,,,,,,,,,,,,,,,,,,,,20,2,near,,,
NUM-DIV-14,numerical,14,What is 1050 divided by 150?,7,integer,,,,,,,,,,,,,,,,,,,,,,,,,,15,2,,,,,,,,
PAT-MP-20-4-3,pattern,20,"7, 21, 63, 189, ?",567,integer,,,,,,,,,,,,,,,,,,,3,4,,,,,,,,,,,,,,,
LOG-BOOL-33-4-5,logical,33,"A is False.
B is False.
C is True.
D is True.
What is: (((((A AND (NOT C)) AND D) AND (NOT A)) AND (NOT D)) AND (NOT D))?",False,boolean,,,,,,4,5,4,,,,,,,,,,,,,,,,,,,,,,,,,,,
LOG-CONSTRAINT-36-7-7,logical,36,"F is left of C.
B is left of F.
D is left of C.
C is left of A.
G is left of D.
B is left of G.
E is left of A.
Is A left of D?",no,yesno,,,,,,,,,,,,,7,7,5,,,,,,,,,,,,,,,,,,,,
PAT-CP-21-5-11,pattern,21,"2, 8, 19, 4, 3, 2, 8, 19, 4, 3, 2, ?",8,integer,,,,,,,,,,,,,,,,,,,,,5,4,11,,,,,,,,,,,,
NUM-SQUARE-16,numerical,16,What is 21^2?,441,integer,,,,,,,,,,,,,,,,,,,,,,,,,,,,,,23,2,near,,,
PAT-AP-23-8-20,pattern,23,"-12, -21, -30, -39, -48, -57, -66, -75, ?",-84,integer,,,,,,,,,,,,,,,,8,-9,9,,,,,,,,,,,,,,,,,
NUM-DIV-19,numerical,19,What is 1320 divided by 120?,11,integer,,,,,,,,,,,,,,,,,,,,,,,,,,12,2,,,,,,,,
PAT-MIXED-25-4-13-12,pattern,25,"10, 22, 28, 140, 148, 160, 166, 830, 838, 850, 856, 4280, ?",4288,integer,,,,,,,,,,,,,,,,,,,,,,,,4,13,,,,,,,,,,
NUM-DIV-22,numerical,22,What is 1260 divided by 180?,7,integer,,,,,,,,,,,,,,,,,,,,,,,,,,18,2,,,,,,,,
NUM-RATIO-MUL-24,numerical,24,"20 -> 160, 18 -> ?",144,integer,,,,,,,,,,,,,,,,,,,,,,,,,,,,8,multiply,,,,,,
LOG-IMP-40-8-8,logical,40,"E is True.
If H is True, then D is True.
If F is True, then A is True.
If E is True, then D is True.
If D is True, then H is True.
If G is True, then C is True.
If G is True, then D is True.
If C is True, then F is True.
If E is True, then A is True.
Is C True?",no,yesno,,,,,,,,,8,8,1,,,,,,,,,,,,,,,,,,,,,,,,
PAT-CP-0-2-4,pattern,0,"19, 14, 19, 14, ?",19,integer,,,,,,,,,,,,,,,,,,,,,2,0,4,,,,,,,,,,,,
PAT-MP-1-7-2,pattern,1,"5, 10, 20, 40, 80, 160, 320, ?",640,integer,,,,,,,,,,,,,,,,,,,2,7,,,,,,,,,,,,,,,
NUM-DIV-0,numerical,0,What is 150 divided by 50?,3,integer,,,,,,,,,,,,,,,,,,,,,,,,,,5,1,,,,,,,,
LOG-COMP-0-4,logical,0,"D is taller than C.
 A is taller than B.
 C is taller than B.
 Is D taller than B?",yes,yesno,4,3,3,2,0,,,,,,,,,,,,,,,,,,,,,,,,,,,,,,
PAT-MIXED-4-2-6-3,pattern,4,"3, 6, 12, 15, 30, ?",33,integer,,,,,,,,,,,,,,,,,,,,,,,,2,6,,,,,,,,,,
PAT-CP-2-2-5,pattern,2,"1, 6, 1, 6, 1, ?",6,integer,,,,,,,,,,,,,,,,,,,,,2,0,5,,,,,,,,,,,,
PAT-AP-5-5-7,pattern,5,"42, 49, 56, 63, 70, ?",77,integer,,,,,,,,,,,,,,,,5,7,7,,,,,,,,,,,,,,,,,
LOG-COMP-4-4,logical,4,"D is larger than B.
 A is larger than D.
 A is larger than C.
 Is C larger than D?",no,yesno,4,3,3,,0,,,,,,,,,,,,,,,,,,,,,,,,,,,,,,
PAT-MP-7-6-2,pattern,7,"10, 20, 40, 80, 160, 320, ?",640,integer,,,,,,,,,,,,,,,,,,,2,6,,,,,,,,,,,,,,,
NUM-NEARBOUNDARY-3,numerical,3,What is 49 + 5?,54,integer,,,,,,,,,,,,,,,,,,,,,,,,,,,,,,,,,50,+,True
NUM-NEARBOUNDARY-5,numerical,5,What is 48 + 5?,53,integer,,,,,,,,,,,,,,,,,,,,,,,,,,,,,,,,,50,+,True
NUM-RATIO-MUL-7,numerical,7,"10 -> 50, 6 -> ?",30,integer,,,,,,,,,,,,,,,,,,,,,,,,,,,,5,multiply,,,,,,
NUM-RATIO-MUL-9,numerical,9,"7 -> 35, 9 -> ?",45,integer,,,,,,,,,,,,,,,,,,,,,,,,,,,,5,multiply,,,,,,
NUM-NEARBOUNDARY-11,numerical,11,What is 95 + 13?,108,integer,,,,,,,,,,,,,,,,,,,,,,,,,,,,,,,,,100,+,True
PAT-MP-10-5-2,pattern,10,"10, 20, 40, 80, 160, ?",320,integer,,,,,,,,,,,,,,,,,,,2,5,,,,,,,,,,,,,,,
NUM-NEARBOUNDARY-13,numerical,13,What is 199 + 8?,207,integer,,,,,,,,,,,,,,,,,,,,,,,,,,,,,,,,,200,+,True
NUM-RATIO-DIV-15,numerical,15,"60 -> 10, 96 -> ?",16,integer,,,,,,,,,,,,,,,,,,,,,,,,,,,,6,divide,,,,,,
NUM-SQUARE-16,numerical,16,What is 21^2?,441,integer,,,,,,,,,,,,,,,,,,,,,,,,,,,,,,23,2,near,,,
PAT-CP-13-3-8,pattern,13,"3, 20, 1, 3, 20, 1, 3, 20, ?",1,integer,,,,,,,,,,,,,,,,,,,,,3,0,8,,,,,,,,,,,,
PAT-MIXED-15-2-8-8,pattern,15,"12, 18, 22, 28, 32, 38, 42, ?",48,integer,,,,,,,,,,,,,,,,,,,,,,,,2,8,,,,,,,,,,
PAT-MP-17-4-2,pattern,17,"11, 22, 44, 88, ?",176,integer,,,,,,,,,,,,,,,,,,,2,4,,,,,,,,,,,,,,,
NUM-RATIO-DIV-20,numerical,20,"150 -> 25, 96 -> ?",16,integer,,,,,,,,,,,,,,,,,,,,,,,,,,,,6,divide,,,,,,
LOG-IMP-8-4-3,logical,8,"B is True.
If B is True, then D is True.
If B is True, then A is True.
If B is True, then C is True.
Is A True?",yes,yesno,,,,,,,,,4,3,1,1,,,,,,,,,,,,,,,,,,,,,,,
PAT-MIXED-20-2-10-10,pattern,20,"5, 15, 23, 33, 41, 51, 59, 69, 77, ?",87,integer,,,,,,,,,,,,,,,,,,,,,,,,2,10,,,,,,,,,,
NUM-NEARBOUNDARY-21,numerical,21,What is 508 - 13?,495,integer,,,,,,,,,,,,,,,,,,,,,,,,,,,,,,,,,500,-,True
PAT-CP-22-5-12,pattern,22,"16, 6, 15, 20, 2, 16, 6, 15, 20, 2, 16, 6, ?",15,integer,,,,,,,,,,,,,,,,,,,,,5,1,12,,,,,,,,,,,,
NUM-RATIO-DIV-22,numerical,22,"119 -> 17, 154 -> ?",22,integer,,,,,,,,,,,,,,,,,,,,,,,,,,,,7,divide,,,,,,
LOG-IMP-10-5-3,logical,10,"D is True.
If E is True, then C is True.
If E is True, then D is True.
If C is True, then E is True.
Is E True?",no,yesno,,,,,,,,,5,3,1,,,,,,,,,,,,,,,,,,,,,,,,
NUM-RATIO-DIV-23,numerical,23,"114 -> 19, 144 -> ?",24,integer,,,,,,,,,,,,,,,,,,,,,,,,,,,,6,divide,,,,,,
LOG-IMP-13-4-4,logical,13,"D is True.
If D is True, then A is True.
If B is True, then C is True.
If A is True, then B is True.
If C is True, then A is True.
Is C True?",yes,yesno,,,,,,,,,4,4,1,3,,,,,,,,,,,,,,,,,,,,,,,
LOG-COMP-16-7,logical,16,"F is older than E.
 D is older than A.
 D is older than G.
 G is older than A.
 A is older than F.
 D is older than B.
 B is older than G.
 C is older than D.
 Is D older than E?",yes,yesno,7,8,5,,2,,,,,,,,,,,,,,,,,,,,,,,,,,,,,,
LOG-CONSTRAINT-18-5-5,logical,18,"C is left of A.
A is left of E.
A is left of B.
D is left of C.
A is left of D.
Is B left of C?",no,yesno,,,,,,,,,,,,,5,5,4,,,,,,,,,,,,,,,,,,,,
NUM-DIV-24,numerical,24,What is 750 divided by 150?,5,integer,,,,,,,,,,,,,,,,,,,,,,,,,,15,2,,,,,,,,
LOG-BOOL-22-4-4,logical,22,"A is True.
B is False.
C is True.
D is False.
What is: (NOT ((((B OR B) AND A) OR (NOT A)) OR (NOT A)))?",True,boolean,,,,,,4,4,3,,,,,,,,,,,,,,,,,,,,,,,,,,,
LOG-COMP-24-8,logical,24,"F is heavier than G.
 F is heavier than H.
 A is heavier than G.
 D is heavier than E.
 D is heavier than C.
 H is heavier than A.
 D is heavier than H.
 A is heavier than C.
 G is heavier than B.
 Is G heavier than C?",no,yesno,8,9,5,,2,,,,,,,,,,,,,,,,,,,,,,,,,,,,,,
PAT-CP-25-6-20,pattern,25,"3, 19, 6, 1, 9, 19, 3, 19, 6, 1, 9, 19, 3, 19, 6, 1, 9, 19, 3, 19, ?",6,integer,,,,,,,,,,,,,,,,,,,,,6,1,20,,,,,,,,,,,,
PAT-MIXED-27-3-12-12,pattern,27,"14, 26, 104, 108, 120, 480, 484, 496, 1984, 1988, 2000, ?",8000,integer,,,,,,,,,,,,,,,,,,,,,,,,3,12,,,,,,,,,,
LOG-COMP-27-10,logical,27,"F is faster than D.
 I is faster than J.
 J is faster than D.
 A is faster than G.
 B is faster than D.
 I is faster than G.
 A is faster than E.
 G is faster than J.
 G is faster than F.
 C is faster than D.
 B is faster than C.
 G is faster than B.
 Is H faster than A?",no,yesno,10,12,5,,3,,,,,,,,,,,,,,,,,,,,,,,,,,,,,,
LOG-CONSTRAINT-31-9-8,logical,31,"G is left of A.
E is left of I.
H is left of A.
C is left of D.
E is left of B.
H is left of E.
H is left of C.
I is left of A.
Is H left of B?",yes,yesno,,,,,,,,,,,,,9,8,4,,,,,,,,,,,,,,,,,,,,
PAT-AP-29-13-35,pattern,29,"-14, -44, -74, -104, -134, -164, -194, -224, -254, -284, -314, -344, -374, ?",-404,integer,,,,,,,,,,,,,,,,13,-30,30,,,,,,,,,,,,,,,,,
PAT-AP-31-11-25,pattern,31,"-27, -4, 19, 42, 65, 88, 111, 134, 157, 180, 203, ?",226,integer,,,,,,,,,,,,,,,,11,23,23,,,,,,,,,,,,,,,,,
NUM-SQUARE-27,numerical,27,What is 33^2?,1089,integer,,,,,,,,,,,,,,,,,,,,,,,,,,,,,,35,2,decompose,,,
LOG-IMP-34-9-7,logical,34,"B is True.
If B is True, then G is True.
If I is True, then F is True.
If A is True, then H is True.
If D is True, then B is True.
If H is True, then D is True.
If H is True, then I is True.
If H is True, then F is True.
Is A True?",no,yesno,,,,,,,,,9,7,1,,,,,,,,,,,,,,,,,,,,,,,,
LOG-COMP-38-10,logical,38,"H is taller than I.
 I is taller than J.
 C is taller than G.
 E is taller than A.
 H is taller than J.
 D is taller than E.
 C is taller than D.
 G is taller than J.
 G is taller than D.
 B is taller than H.
 B is taller than C.
 C is taller than I.
 Is G taller than I?",no,yesno,10,12,5,,3,,,,,,,,,,,,,,,,,,,,,,,,,,,,,,
LOG-IMP-40-7-8,logical,40,"G is True.
F is True.
If B is True, then A is True.
If A is True, then F is True.
If C is True, then A is True.
If G is True, then A is True.
If B is True, then E is True.
If A is True, then C is True.
If E is True, then G is True.
If A is True, then B is True.
Is A True?",yes,yesno,,,,,,,,,7,8,2,1,,,,,,,,,,,,,,,,,,,,,,,
NUM-NEARBOUNDARY-29,numerical,29,What is 2016 - 28?,1988,integer,,,,,,,,,,,,,,,,,,,,,,,,,,,,,,,,,2000,-,True
NUM-DIV-0,numerical,0,What is 100 divided by 50?,2,integer,,,,,,,,,,,,,,,,,,,,,,,,,,5,1,,,,,,,,
PAT-CP-0-2-5,pattern,0,"8, 12, 8, 12, 8, ?",12,integer,,,,,,,,,,,,,,,,,,,,,2,0,5,,,,,,,,,,,,
PAT-AP-3-4-5,pattern,3,"45, 50, 55, 60, ?",65,integer,,,,,,,,,,,,,,,,4,5,5,,,,,,,,,,,,,,,,,
PAT-MP-6-7-2,pattern,6,"4, 8, 16, 32, 64, 128, 256, ?",512,integer,,,,,,,,,,,,,,,,,,,2,7,,,,,,,,,,,,,,,
PAT-AP-9-5-7,pattern,9,"1, -6, -13, -20, -27, ?",-34,integer,,,,,,,,,,,,,,,,5,-7,7,,,,,,,,,,,,,,,,,
PAT-CP-11-4-8,pattern,11,"5, 1, 17, 2, 5, 1, 17, 2, ?",5,integer,,,,,,,,,,,,,,,,,,,,,4,0,8,,,,,,,,,,,,
LOG-CONSTRAINT-0-3-2,logical,0,"A is faster than B.
C is faster than B.
Is C faster than A?",no,yesno,,,,,,,,,,,,,3,2,2,,,,,,,,,,,,,,,,,,,,
LOG-IMP-3-3-2,logical,3,"B is True.
A is True.
If C is True, then A is True.
If C is True, then B is True.
Is C True?",no,yesno,,,,,,,,,3,2,2,,,,,,,,,,,,,,,,,,,,,,,,
PAT-CP-14-4-8,pattern,14,"16, 3, 15, 8, 16, 3, 15, 8, ?",16,integer,,,,,,,,,,,,,,,,,,,,,4,0,8,,,,,,,,,,,,
PAT-AP-16-7-15,pattern,16,"22, 17, 12, 7, 2, -3, -8, ?",-13,integer,,,,,,,,,,,,,,,,7,-5,5,,,,,,,,,,,,,,,,,
LOG-COMP-6-4,logical,6,"B is older than A.
 D is older than B.
 C is older than D.
 Is C older than A?",yes,yesno,4,3,4,3,0,,,,,,,,,,,,,,,,,,,,,,,,,,,,,,
PAT-MP-17-4-3,pattern,17,"3, 9, 27, 81, ?",243,integer,,,,,,,,,,,,,,,,,,,3,4,,,,,,,,,,,,,,,
PAT-CP-19-5-9,pattern,19,"13, 9, 17, 12, 12, 13, 9, 17, 12, ?",12,integer,,,,,,,,,,,,,,,,,,,,,5,2,9,,,,,,,,,,,,
NUM-SQUARE-3,numerical,3,What is 2^2?,4,integer,,,,,,,,,,,,,,,,,,,,,,,,,,,,,,2,0,exact,,,
PAT-MIXED-22-4-8-10,pattern,22,"13, 23, 46, 55, 58, 68, 136, ?",145,integer,,,,,,,,,,,,,,,,,,,,,,,,4,8,,,,,,,,,,
PAT-AP-24-7-15,pattern,24,"49, 46, 43, 40, 37, 34, 31, ?",28,integer,,,,,,,,,,,,,,,,7,-3,3,,,,,,,,,,,,,,,,,
PAT-MP-27-3-4,pattern,27,"7, 28, 112, ?",448,integer,,,,,,,,,,,,,,,,,,,4,3,,,,,,,,,,,,,,,
NUM-SQUARE-7,numerical,7,What is 5^2?,25,integer,,,,,,,,,,,,,,,,,,,,,,,,,,,,,,5,0,near,,,
LOG-CONSTRAINT-5-4-3,logical,5,"D is left of B.
D is left of A.
C is left of D.
Is D left of A?",yes,yesno,,,,,,,,,,,,,4,3,3,,,,,,,,,,,,,,,,,,,,
LOG-IMP-8-4-3,logical,8,"B is True.
If C is True, then A is True.
If A is True, then B is True.
If D is True, then B is True.
Is A True?",no,yesno,,,,,,,,,4,3,1,,,,,,,,,,,,,,,,,,,,,,,,
PAT-MIXED-30-3-10-12,pattern,30,"3, 11, 20, 100, 108, 117, 585, 593, 602, ?",3010,integer,,,,,,,,,,,,,,,,,,,,,,,,3,10,,,,,,,,,,
LOG-IMP-10-5-3,logical,10,"B is True.
A is True.
If E is True, then C is True.
If A is True, then D is True.
If C is True, then D is True.
Is E True?",no,yesno,,,,,,,,,5,3,2,,,,,,,,,,,,,,,,,,,,,,,,
NUM-RATIO-MUL-11,numerical,11,"13 -> 78, 6 -> ?",36,integer,,,,,,,,,,,,,,,,,,,,,,,,,,,,6,multiply,,,,,,
LOG-BOOL-14-3-2,logical,14,"A is False.
B is True.
C is False.
What is: (NOT ((A AND B) OR (NOT A)))?",False,boolean,,,,,,3,2,2,,,,,,,,,,,,,,,,,,,,,,,,,,,
LOG-IMP-17-5-5,logical,17,"D is True.
If A is True, then B is True.
If C is True, then A is True.
If E is True, then D is True.
If C is True, then B is True.
If B is True, then D is True.
Is C True?",no,yesno,,,,,,,,,5,5,1,,,,,,,,,,,,,,,,,,,,,,,,
LOG-BOOL-21-4-3,logical,21,"A is True.
B is False.
C is False.
D is False.
What is: (((B OR (NOT D)) AND (NOT D)) OR (NOT D))?",True,boolean,,,,,,4,3,3,,,,,,,,,,,,,,,,,,,,,,,,,,,
LOG-BOOL-24-5-4,logical,24,"A is False.
B is True.
C is False.
D is True.
E is True.
What is: ((((E AND (NOT B)) AND (NOT C)) AND C) AND A)?",False,boolean,,,,,,5,4,2,,,,,,,,,,,,,,,,,,,,,,,,,,,
PAT-MIXED-32-3-13-12,pattern,32,"5, 11, 44, 52, 58, 232, 240, 246, 984, 992, 998, 3992, ?",4000,integer,,,,,,,,,,,,,,,,,,,,,,,,3,13,,,,,,,,,,
LOG-BOOL-27-6-3,logical,27,"A is True.
B is False.
C is False.
D is False.
E is True.
F is False.
What is: (((A AND (NOT D)) AND (NOT A)) AND E)?",False,boolean,,,,,,6,3,2,,,,,,,,,,,,,,,,,,,,,,,,,,,
PAT-MIXED-34-3-10-12,pattern,34,"7, 12, 18, 90, 95, 101, 505, 510, 516, ?",2580,integer,,,,,,,,,,,,,,,,,,,,,,,,3,10,,,,,,,,,,
NUM-DIV-13,numerical,13,What is 560 divided by 80?,7,integer,,,,,,,,,,,,,,,,,,,,,,,,,,8,2,,,,,,,,
NUM-NEARBOUNDARY-15,numerical,15,What is 191 - 26?,165,integer,,,,,,,,,,,,,,,,,,,,,,,,,,,,,,,,,200,-,False
PAT-MP-36-4-5,pattern,36,"6, 30, 150, 750, ?",3750,integer,,,,,,,,,,,,,,,,,,,5,4,,,,,,,,,,,,,,,
NUM-RATIO-MUL-17,numerical,17,"14 -> 84, 11 -> ?",66,integer,,,,,,,,,,,,,,,,,,,,,,,,,,,,6,multiply,,,,,,
LOG-BOOL-30-6-3,logical,30,"A is True.
B is False.
C is True.
D is True.
E is False.
F is True.
What is: (NOT (((B AND (NOT E)) OR (NOT C)) AND C))?",True,boolean,,,,,,6,3,3,,,,,,,,,,,,,,,,,,,,,,,,,,,
NUM-NEARBOUNDARY-19,numerical,19,What is 519 - 32?,487,integer,,,,,,,,,,,,,,,,,,,,,,,,,,,,,,,,,500,-,True
PAT-MP-38-3-3,pattern,38,"5, 15, 45, ?",135,integer,,,,,,,,,,,,,,,,,,,3,3,,,,,,,,,,,,,,,
LOG-CONSTRAINT-33-7-6,logical,33,"F is left of E.
A is left of G.
E is left of D.
D is left of F.
E is left of G.
F is left of A.
Is B left of G?",no,yesno,,,,,,,,,,,,,7,6,5,,,,,,,,,,,,,,,,,,,,
NUM-RATIO-DIV-20,numerical,20,"75 -> 15, 105 -> ?",21,integer,,,,,,,,,,,,,,,,,,,,,,,,,,,,5,divide,,,,,,
NUM-DIV-21,numerical,21,What is 960 divided by 120?,8,integer,,,,,,,,,,,,,,,,,,,,,,,,,,12,2,,,,,,,,
NUM-SQUARE-22,numerical,22,What is 32^2?,1024,integer,,,,,,,,,,,,,,,,,,,,,,,,,,,,,,31,1,decompose,,,
NUM-NEARBOUNDARY-24,numerical,24,What is 484 + 16?,500,integer,,,,,,,,,,,,,,,,,,,,,,,,,,,,,,,,,500,+,False
LOG-IMP-37-8-6,logical,37,"A is True.
If D is True, then C is True.
If C is True, then E is True.
If D is True, then F is True.
If F is True, then C is True.
If G is True, then B is True.
If F is True, then A is True.
Is E True?",no,yesno,,,,,,,,,8,6,1,,,,,,,,,,,,,,,,,,,,,,,,
NUM-DIV-26,numerical,26,What is 2640 divided by 240?,11,integer,,,,,,,,,,,,,,,,,,,,,,,,,,24,3,,,,,,,,
NUM-RATIO-DIV-29,numerical,29,"98 -> 14, 133 -> ?",19,integer,,,,,,,,,,,,,,,,,,,,,,,,,,,,7,divide,,,,,,
NUM-DIV-30,numerical,30,What is 3600 divided by 360?,10,integer,,,,,,,,,,,,,,,,,,,,,,,,,,36,3,,,,,,,,
NUM-DIV-33,numerical,33,What is 3360 divided by 240?,14,integer,,,,,,,,,,,,,,,,,,,,,,,,,,24,3,,,,,,,,
PAT-MP-40-4-3,pattern,40,"14, 42, 126, 378, ?",1134,integer,,,,,,,,,,,,,,,,,,,3,4,,,,,,,,,,,,,,,
NUM-RATIO-MUL-0,numerical,0,"5 -> 15, 3 -> ?",9,integer,,,,,,,,,,,,,,,,,,,,,,,,,,,,3,multiply,,,,,,
PAT-MIXED-0-2-6-3,pattern,0,"20, 40, 43, 86, 89, ?",178,integer,,,,,,,,,,,,,,,,,,,,,,,,2,6,,,,,,,,,,
LOG-IMP-0-3-2,logical,0,"B is True.
C is True.
If A is True, then B is True.
If B is True, then A is True.
Is A True?",yes,yesno,,,,,,,,,3,2,2,1,,,,,,,,,,,,,,,,,,,,,,,
LOG-COMP-1-4,logical,1,"D is larger than B.
 A is larger than D.
 D is larger than C.
 Is C larger than B?",no,yesno,4,3,3,,0,,,,,,,,,,,,,,,,,,,,,,,,,,,,,,
PAT-CP-1-2-4,pattern,1,"3, 5, 3, 5, ?",3,integer,,,,,,,,,,,,,,,,,,,,,2,0,4,,,,,,,,,,,,
PAT-MP-2-8-2,pattern,2,"10, 20, 40, 80, 160, 320, 640, 1280, ?",2560,integer,,,,,,,,,,,,,,,,,,,2,8,,,,,,,,,,,,,,,
LOG-COMP-0-4,logical,0,"C is larger than B.
 D is larger than A.
 D is larger than C.
 Is B larger than A?",no,yesno,4,3,3,,0,,,,,,,,,,,,,,,,,,,,,,,,,,,,,,
NUM-SQUARE-0,numerical,0,What is 7^2?,49,integer,,,,,,,,,,,,,,,,,,,,,,,,,,,,,,7,0,exact,,,
LOG-CONSTRAINT-4-3-2,logical,4,"C is left of B.
A is left of C.
Is C left of A?",no,yesno,,,,,,,,,,,,,3,2,3,,,,,,,,,,,,,,,,,,,,
NUM-NEARBOUNDARY-4,numerical,4,What is 49 + 5?,54,integer,,,,,,,,,,,,,,,,,,,,,,,,,,,,,,,,,50,+,True
LOG-IMP-5-4-3,logical,5,"B is True.
C is True.
If C is True, then B is True.
If A is True, then D is True.
If D is True, then A is True.
Is D True?",no,yesno,,,,,,,,,4,3,2,,,,,,,,,,,,,,,,,,,,,,,,
PAT-CP-4-2-5,pattern,4,"7, 5, 7, 5, 7, ?",5,integer,,,,,,,,,,,,,,,,,,,,,2,0,5,,,,,,,,,,,,
NUM-SQUARE-7,numerical,7,What is 8^2?,64,integer,,,,,,,,,,,,,,,,,,,,,,,,,,,,,,8,0,near,,,
NUM-NEARBOUNDARY-11,numerical,11,What is 107 - 8?,99,integer,,,,,,,,,,,,,,,,,,,,,,,,,,,,,,,,,100,-,True
LOG-CONSTRAINT-6-4-3,logical,6,"D is above B.
B is above A.
D is above A.
Is C above D?",no,yesno,,,,,,,,,,,,,4,3,3,,,,,,,,,,,,,,,,,,,,
NUM-NEARBOUNDARY-14,numerical,14,What is 199 + 15?,214,integer,,,,,,,,,,,,,,,,,,,,,,,,,,,,,,,,,200,+,True
LOG-IMP-9-4-3,logical,9,"B is True.
C is True.
If B is True, then C is True.
If A is True, then C is True.
If C is True, then A is True.
Is A True?",yes,yesno,,,,,,,,,4,3,2,1,,,,,,,,,,,,,,,,,,,,,,,
LOG-IMP-12-5-3,logical,12,"A is True.
D is True.
If A is True, then E is True.
If B is True, then C is True.
If E is True, then D is True.
Is C True?",no,yesno,,,,,,,,,5,3,2,,,,,,,,,,,,,,,,,,,,,,,,
NUM-RATIO-MUL-16,numerical,16,"16 -> 64, 18 -> ?",72,integer,,,,,,,,,,,,,,,,,,,,,,,,,,,,4,multiply,,,,,,
PAT-MIXED-7-2-7-5,pattern,7,"3, 6, 24, 27, 108, 111, ?",444,integer,,,,,,,,,,,,,,,,,,,,,,,,2,7,,,,,,,,,,
LOG-BOOL-15-4-3,logical,15,"A is True.
B is False.
C is True.
D is False.
What is: (NOT (((C OR B) AND (NOT C)) AND D))?",True,boolean,,,,,,4,3,2,,,,,,,,,,,,,,,,,,,,,,,,,,,
NUM-SQUARE-17,numerical,17,What is 16^2?,256,integer,,,,,,,,,,,,,,,,,,,,,,,,,,,,,,18,2,near,,,
NUM-NEARBOUNDARY-21,numerical,21,What is 482 - 30?,452,integer,,,,,,,,,,,,,,,,,,,,,,,,,,,,,,,,,500,-,False
NUM-NEARBOUNDARY-23,numerical,23,What is 1005 + 2?,1007,integer,,,,,,,,,,,,,,,,,,,,,,,,,,,,,,,,,1000,+,False
PAT-AP-9-5-7,pattern,9,"26, 20, 14, 8, 2, ?",-4,integer,,,,,,,,,,,,,,,,5,-6,6,,,,,,,,,,,,,,,,,
LOG-IMP-18-6-4,logical,18,"D is True.
C is True.
If E is True, then B is True.
If A is True, then D is True.
If E is True, then F is True.
If B is True, then E is True.
Is A True?",no,yesno,,,,,,,,,6,4,2,,,,,,,,,,,,,,,,,,,,,,,,
PAT-CP-10-4-9,pattern,10,"19, 6, 16, 11, 19, 6, 16, 11, 19, ?",6,integer,,,,,,,,,,,,,,,,,,,,,4,0,9,,,,,,,,,,,,
PAT-CP-12-4-8,pattern,12,"4, 14, 8, 3, 4, 14, 8, 3, ?",4,integer,,,,,,,,,,,,,,,,,,,,,4,0,8,,,,,,,,,,,,
LOG-IMP-22-7-6,logical,22,"F is True.
C is True.
If B is True, then D is True.
If B is True, then C is True.
If B is True, then A is True.
If B is True, then E is True.
If F is True, then A is True.
If D is True, then E is True.
Is B True?",no,yesno,,,,,,,,,7,6,2,,,,,,,,,,,,,,,,,,,,,,,,
PAT-CP-14-3-9,pattern,14,"15, 3, 11, 15, 3, 11, 15, 3, 11, ?",15,integer,,,,,,,,,,,,,,,,,,,,,3,0,9,,,,,,,,,,,,
NUM-RATIO-DIV-26,numerical,26,"168 -> 21, 184 -> ?",23,integer,,,,,,,,,,,,,,,,,,,,,,,,,,,,8,divide,,,,,,
LOG-CONSTRAINT-26-8-8,logical,26,"E is above G.
E is above F.
F is above D.
B is above A.
A is above G.
G is above B.
F is above B.
H is above G.
Is H above D?",no,yesno,,,,,,,,,,,,,8,8,5,,,,,,,,,,,,,,,,,,,,
NUM-RATIO-DIV-27,numerical,27,"68 -> 17, 100 -> ?",25,integer,,,,,,,,,,,,,,,,,,,,,,,,,,,,4,divide,,,,,,
LOG-CONSTRAINT-29-8-7,logical,29,"E is left of G.
G is left of D.
B is left of C.
F is left of G.
G is left of A.
D is left of E.
F is left of B.
Is B left of H?",no,yesno,,,,,,,,,,,,,8,7,4,,,,,,,,,,,,,,,,,,,,
PAT-AP-17-6-15,pattern,17,"10, -1, -12, -23, -34, -45, ?",-56,integer,,,,,,,,,,,,,,,,6,-11,11,,,,,,,,,,,,,,,,,
LOG-CONSTRAINT-32-9-7,logical,32,"G is above C.
F is above G.
E is above B.
G is above B.
B is above I.
D is above A.
H is above G.
Is H above B?",yes,yesno,,,,,,,,,,,,,9,7,4,,,,,,,,,,,,,,,,,,,,
PAT-AP-19-6-15,pattern,19,"31, 34, 37, 40, 43, 46, ?",49,integer,,,,,,,,,,,,,,,,6,3,3,,,,,,,,,,,,,,,,,
NUM-SQUARE-28,numerical,28,What is 26^2?,676,integer,,,,,,,,,,,,,,,,,,,,,,,,,,,,,,31,5,decompose,,,
NUM-NEARBOUNDARY-0,numerical,0,What is 9 + 4?,13,integer,,,,,,,,,,,,,,,,,,,,,,,,,,,,,,,,,10,+,True
PAT-MIXED-0-2-5-3,pattern,0,"4, 12, 24, 72, ?",144,integer,,,,,,,,,,,,,,,,,,,,,,,,2,5,,,,,,,,,,
NUM-NEARBOUNDARY-1,numerical,1,What is 9 + 4?,13,integer,,,,,,,,,,,,,,,,,,,,,,,,,,,,,,,,,10,+,True
NUM-DIV-2,numerical,2,What is 450 divided by 50?,9,integer,,,,,,,,,,,,,,,,,,,,,,,,,,5,1,,,,,,,,
PAT-MP-1-7-2,pattern,1,"2, 4, 8, 16, 32, 64, 128, ?",256,integer,,,,,,,,,,,,,,,,,,,2,7,,,,,,,,,,,,,,,
NUM-NEARBOUNDARY-3,numerical,3,What is 9 + 3?,12,integer,,,,,,,,,,,,,,,,,,,,,,,,,,,,,,,,,10,+,True
PAT-MIXED-2-2-6-3,pattern,2,"18, 36, 39, 78, 81, ?",162,integer,,,,,,,,,,,,,,,,,,,,,,,,2,6,,,,,,,,,,
PAT-AP-3-4-5,pattern,3,"46, 44, 42, 40, ?",38,integer,,,,,,,,,,,,,,,,4,-2,2,,,,,,,,,,,,,,,,,
PAT-MIXED-4-2-5-3,pattern,4,"20, 40, 120, 240, ?",720,integer,,,,,,,,,,,,,,,,,,,,,,,,2,5,,,,,,,,,,
LOG-COMP-0-4,logical,0,"D is heavier than C.
 D is heavier than A.
 C is heavier than A.
 Is B heavier than C?",no,yesno,4,3,3,,0,,,,,,,,,,,,,,,,,,,,,,,,,,,,,,
PAT-MP-5-7-2,pattern,5,"12, 24, 48, 96, 192, 384, 768, ?",1536,integer,,,,,,,,,,,,,,,,,,,2,7,,,,,,,,,,,,,,,
NUM-NEARBOUNDARY-0,numerical,0,What is 9 + 5?,14,integer,,,,,,,,,,,,,,,,,,,,,,,,,,,,,,,,,10,+,True
PAT-CP-0-2-4,pattern,0,"18, 17, 18, 17, ?",18,integer,,,,,,,,,,,,,,,,,,,,,2,0,4,,,,,,,,,,,,
PAT-MIXED-2-2-5-3,pattern,2,"20, 23, 46, 49, ?",98,integer,,,,,,,,,,,,,,,,,,,,,,,,2,5,,,,,,,,,,
NUM-RATIO-MUL-3,numerical,3,"7 -> 14, 2 -> ?",4,integer,,,,,,,,,,,,,,,,,,,,,,,,,,,,2,multiply,,,,,,
LOG-COMP-0-4,logical,0,"D is larger than C.
 A is larger than D.
 A is larger than C.
 Is A larger than B?",no,yesno,4,3,3,,0,,,,,,,,,,,,,,,,,,,,,,,,,,,,,,
NUM-SQUARE-5,numerical,5,What is 13^2?,169,integer,,,,,,,,,,,,,,,,,,,,,,,,,,,,,,12,1,near,,,
NUM-DIV-9,numerical,9,What is 1050 divided by 150?,7,integer,,,,,,,,,,,,,,,,,,,,,,,,,,15,2,,,,,,,,
PAT-AP-5-5-7,pattern,5,"33, 40, 47, 54, 61, ?",68,integer,,,,,,,,,,,,,,,,5,7,7,,,,,,,,,,,,,,,,,
NUM-DIV-11,numerical,11,What is 1200 divided by 120?,10,integer,,,,,,,,,,,,,,,,,,,,,,,,,,12,2,,,,,,,,
LOG-BOOL-3-2-1,logical,3,"A is True.
B is True.
What is: (B OR A)?",True,boolean,,,,,,2,1,0,,,,,,,,,,,,,,,,,,,,,,,,,,,
NUM-DIV-14,numerical,14,What is 360 divided by 120?,3,integer,,,,,,,,,,,,,,,,,,,,,,,,,,12,2,,,,,,,,
NUM-NEARBOUNDARY-17,numerical,17,What is 184 + 11?,195,integer,,,,,,,,,,,,,,,,,,,,,,,,,,,,,,,,,200,+,False
PAT-MP-7-6-2,pattern,7,"4, 8, 16, 32, 64, 128, ?",256,integer,,,,,,,,,,,,,,,,,,,2,6,,,,,,,,,,,,,,,
PAT-MP-9-8-2,pattern,9,"12, 24, 48, 96, 192, 384, 768, 1536, ?",3072,integer,,,,,,,,,,,,,,,,,,,2,8,,,,,,,,,,,,,,,
LOG-IMP-7-4-3,logical,7,"A is True.
If C is True, then B is True.
If A is True, then B is True.
If D is True, then C is True.
Is D True?",no,yesno,,,,,,,,,4,3,1,,,,,,,,,,,,,,,,,,,,,,,,
PAT-AP-11-5-10,pattern,11,"-19, -16, -13, -10, -7, ?",-4,integer,,,,,,,,,,,,,,,,5,3,3,,,,,,,,,,,,,,,,,
PAT-CP-13-4-9,pattern,13,"3, 9, 5, 7, 3, 9, 5, 7, 3, ?",9,integer,,,,,,,,,,,,,,,,,,,,,4,0,9,,,,,,,,,,,,
LOG-CONSTRAINT-10-5-3,logical,10,"E is faster than D.
B is faster than D.
B is faster than A.
Is A faster than E?",no,yesno,,,,,,,,,,,,,5,3,2,,,,,,,,,,,,,,,,,,,,
PAT-MIXED-16-3-8-8,pattern,16,"16, 23, 30, 90, 97, 104, 312, ?",319,integer,,,,,,,,,,,,,,,,,,,,,,,,3,8,,,,,,,,,,
PAT-CP-18-4-11,pattern,18,"2, 3, 1, 12, 2, 3, 1, 12, 2, 3, 1, ?",12,integer,,,,,,,,,,,,,,,,,,,,,4,3,11,,,,,,,,,,,,
PAT-MIXED-21-4-10-10,pattern,21,"20, 80, 87, 90, 92, 368, 375, 378, 380, ?",1520,integer,,,,,,,,,,,,,,,,,,,,,,,,4,10,,,,,,,,,,
LOG-BOOL-13-3-2,logical,13,"A is False.
B is False.
C is False.
What is: ((B OR C) AND A)?",False,boolean,,,,,,3,2,0,,,,,,,,,,,,,,,,,,,,,,,,,,,
PAT-AP-22-7-20,pattern,22,"50, 38, 26, 14, 2, -10, -22, ?",-34,integer,,,,,,,,,,,,,,,,7,-12,12,,,,,,,,,,,,,,,,,
LOG-CONSTRAINT-17-5-5,logical,17,"E is faster than B.
E is faster than C.
B is faster than A.
D is faster than E.
A is faster than C.
Is A faster than E?",no,yesno,,,,,,,,,,,,,5,5,5,,,,,,,,,,,,,,,,,,,,
NUM-SQUARE-20,numerical,20,What is 41^2?,1681,integer,,,,,,,,,,,,,,,,,,,,,,,,,,,,,,40,1,decompose,,,
PAT-CP-23-6-12,pattern,23,"7, 1, 1, 2, 11, 19, 7, 1, 1, 2, 11, 19, ?",7,integer,,,,,,,,,,,,,,,,,,,,,6,3,12,,,,,,,,,,,,
LOG-CONSTRAINT-20-7-5,logical,20,"E is above C.
B is above A.
E is above A.
F is above D.
A is above F.
Is B above D?",yes,yesno,,,,,,,,,,,,,7,5,4,,,,,,,,,,,,,,,,,,,,
NUM-DIV-22,numerical,22,What is 2400 divided by 200?,12,integer,,,,,,,,,,,,,,,,,,,,,,,,,,20,2,,,,,,,,
LOG-BOOL-23-4-3,logical,23,"A is False.
B is True.
C is False.
D is True.
What is: (NOT (((A OR A) OR B) OR B))?",False,boolean,,,,,,4,3,1,,,,,,,,,,,,,,,,,,,,,,,,,,,
PAT-CP-25-7-14,pattern,25,"8, 6, 17, 4, 15, 20, 3, 8, 6, 17, 4, 15, 20, 3, ?",8,integer,,,,,,,,,,,,,,,,,,,,,7,5,14,,,,,,,,,,,,
NUM-RATIO-MUL-25,numerical,25,"14 -> 98, 20 -> ?",140,integer,,,,,,,,,,,,,,,,,,,,,,,,,,,,7,multiply,,,,,,
NUM-RATIO-DIV-24,numerical,24,"119 -> 17, 91 -> ?",13,integer,,,,,,,,,,,,,,,,,,,,,,,,,,,,7,divide,,,,,,
NUM-DIV-25,numerical,25,What is 2520 divided by 420?,6,integer,,,,,,,,,,,,,,,,,,,,,,,,,,42,3,,,,,,,,
PAT-MIXED-27-3-13-12,pattern,27,"15, 21, 32, 38, 44, 55, 61, 67, 78, 84, 90, 101, ?",107,integer,,,,,,,,,,,,,,,,,,,,,,,,3,13,,,,,,,,,,
NUM-SQUARE-26,numerical,26,What is 27^2?,729,integer,,,,,,,,,,,,,,,,,,,,,,,,,,,,,,28,1,decompose,,,
NUM-DIV-24,numerical,24,What is 1500 divided by 150?,10,integer,,,,,,,,,,,,,,,,,,,,,,,,,,15,2,,,,,,,,
PAT-MIXED-29-4-13-12,pattern,29,"14, 19, 22, 27, 35, 40, 43, 48, 56, 61, 64, 69, ?",77,integer,,,,,,,,,,,,,,,,,,,,,,,,4,13,,,,,,,,,,
LOG-COMP-26-10,logical,26,"E is faster than F.
 A is faster than E.
 I is faster than F.
 H is faster than I.
 D is faster than C.
 G is faster than J.
 I is faster than C.
 F is faster than B.
 C is faster than A.
 G is faster than D.
 J is faster than I.
 J is faster than E.
 Is C faster than B?",yes,yesno,10,12,7,4,3,,,,,,,,,,,,,,,,,,,,,,,,,,,,,,
NUM-NEARBOUNDARY-26,numerical,26,What is 1032 - 13?,1019,integer,,,,,,,,,,,,,,,,,,,,,,,,,,,,,,,,,1000,-,False
NUM-NEARBOUNDARY-28,numerical,28,What is 1030 + 19?,1049,integer,,,,,,,,,,,,,,,,,,,,,,,,,,,,,,,,,1000,+,False
LOG-BOOL-28-6-3,logical,28,"A is False.
B is True.
C is False.
D is True.
E is False.
F is False.
What is: (((B OR B) OR E) AND (NOT A))?",True,boolean,,,,,,6,3,1,,,,,,,,,,,,,,,,,,,,,,,,,,,
LOG-IMP-32-9-8,logical,32,"I is True.
If E is True, then G is True.
If E is True, then D is True.
If F is True, then H is True.
If I is True, then H is True.
If A is True, then E is True.
If C is True, then G is True.
If G is True, then F is True.
If H is True, then G is True.
Is F True?",yes,yesno,,,,,,,,,9,8,1,3,,,,,,,,,,,,,,,,,,,,,,,
LOG-IMP-30-8-8,logical,30,"B is True.
If B is True, then C is True.
If E is True, then F is True.
If H is True, then A is True.
If G is True, then A is True.
If D is True, then C is True.
If H is True, then F is True.
If A is True, then C is True.
If A is True, then G is True.
Is F True?",no,yesno,,,,,,,,,8,8,1,,,,,,,,,,,,,,,,,,,,,,,,
NUM-SQUARE-31,numerical,31,What is 43^2?,1849,integer,,,,,,,,,,,,,,,,,,,,,,,,,,,,,,38,5,decompose,,,
LOG-BOOL-0-2-1,logical,0,"A is False.
B is True.
What is: (A AND A)?",False,boolean,,,,,,2,1,0,,,,,,,,,,,,,,,,,,,,,,,,,,,
LOG-BOOL-4-2-1,logical,4,"A is True.
B is False.
What is: (B AND B)?",False,boolean,,,,,,2,1,0,,,,,,,,,,,,,,,,,,,,,,,,,,,
PAT-AP-0-4-5,pattern,0,"36, 32, 28, 24, ?",20,integer,,,,,,,,,,,,,,,,4,-4,4,,,,,,,,,,,,,,,,,
LOG-BOOL-8-3-2,logical,8,"A is True.
B is True.
C is False.
What is: ((A AND A) AND B)?",True,boolean,,,,,,3,2,0,,,,,,,,,,,,,,,,,,,,,,,,,,,
NUM-RATIO-MUL-0,numerical,0,"4 -> 8, 7 -> ?",14,integer,,,,,,,,,,,,,,,,,,,,,,,,,,,,2,multiply,,,,,,
PAT-CP-2-2-5,pattern,2,"4, 1, 4, 1, 4, ?",1,integer,,,,,,,,,,,,,,,,,,,,,2,0,5,,,,,,,,,,,,
LOG-BOOL-12-3-2,logical,12,"A is False.
B is True.
C is True.
What is: ((C OR (NOT B)) OR C)?",True,boolean,,,,,,3,2,1,,,,,,,,,,,,,,,,,,,,,,,,,,,
PAT-CP-5-3-7,pattern,5,"10, 17, 4, 10, 17, 4, 10, ?",17,integer,,,,,,,,,,,,,,,,,,,,,3,0,7,,,,,,,,,,,,
LOG-CONSTRAINT-15-5-4,logical,15,"A is above E.
E is above C.
D is above C.
D is above A.
Is B above C?",no,yesno,,,,,,,,,,,,,5,4,4,,,,,,,,,,,,,,,,,,,,
NUM-NEARBOUNDARY-2,numerical,2,What is 49 + 3?,52,integer,,,,,,,,,,,,,,,,,,,,,,,,,,,,,,,,,50,+,True
LOG-COMP-19-7,logical,19,"B is older than C.
 C is older than D.
 E is older than G.
 E is older than D.
 A is older than C.
 F is older than B.
 F is older than A.
 G is older than F.
 Is A older than E?",no,yesno,7,8,4,,2,,,,,,,,,,,,,,,,,,,,,,,,,,,,,,
PAT-CP-6-3-6,pattern,6,"10, 9, 6, 10, 9, 6, ?",10,integer,,,,,,,,,,,,,,,,,,,,,3,0,6,,,,,,,,,,,,
PAT-MP-8-6-2,pattern,8,"5, 10, 20, 40, 80, 160, ?",320,integer,,,,,,,,,,,,,,,,,,,2,6,,,,,,,,,,,,,,,
NUM-NEARBOUNDARY-5,numerical,5,What is 49 + 7?,56,integer,,,,,,,,,,,,,,,,,,,,,,,,,,,,,,,,,50,+,True
PAT-MP-11-7-3,pattern,11,"5, 15, 45, 135, 405, 1215, 3645, ?",10935,integer,,,,,,,,,,,,,,,,,,,3,7,,,,,,,,,,,,,,,
PAT-CP-8-3-6,pattern,8,"13, 9, 10, 13, 9, 10, ?",13,integer,,,,,,,,,,,,,,,,,,,,,3,0,6,,,,,,,,,,,,
NUM-RATIO-MUL-8,numerical,8,"10 -> 40, 9 -> ?",36,integer,,,,,,,,,,,,,,,,,,,,,,,,,,,,4,multiply,,,,,,
LOG-BOOL-22-4-3,logical,22,"A is False.
B is True.
C is False.
D is False.
What is: (((C AND (NOT D)) OR (NOT C)) AND (NOT D))?",True,boolean,,,,,,4,3,3,,,,,,,,,,,,,,,,,,,,,,,,,,,
LOG-BOOL-25-6-3,logical,25,"A is True.
B is False.
C is False.
D is True.
E is False.
F is False.
What is: (NOT (((A OR E) OR (NOT D)) AND (NOT D)))?",True,boolean,,,,,,6,3,3,,,,,,,,,,,,,,,,,,,,,,,,,,,
NUM-SQUARE-10,numerical,10,What is 15^2?,225,integer,,,,,,,,,,,,,,,,,,,,,,,,,,,,,,13,2,near,,,
LOG-BOOL-28-6-5,logical,28,"A is True.
B is True.
C is False.
D is True.
E is False.
F is False.
What is: (((((A OR C) AND (NOT B)) AND D) OR E) OR (NOT A))?",False,boolean,,,,,,6,5,2,,,,,,,,,,,,,,,,,,,,,,,,,,,
NUM-DIV-14,numerical,14,What is 840 divided by 120?,7,integer,,,,,,,,,,,,,,,,,,,,,,,,,,12,2,,,,,,,,
NUM-RATIO-DIV-15,numerical,15,"105 -> 15, 84 -> ?",12,integer,,,,,,,,,,,,,,,,,,,,,,,,,,,,7,divide,,,,,,
PAT-AP-9-5-7,pattern,9,"5, 0, -5, -10, -15, ?",-20,integer,,,,,,,,,,,,,,,,5,-5,5,,,,,,,,,,,,,,,,,
NUM-SQUARE-16,numerical,16,What is 22^2?,484,integer,,,,,,,,,,,,,,,,,,,,,,,,,,,,,,24,2,near,,,
PAT-MIXED-11-3-8-6,pattern,11,"17, 22, 66, 68, 73, 219, 221, ?",226,integer,,,,,,,,,,,,,,,,,,,,,,,,3,8,,,,,,,,,,
PAT-AP-13-6-10,pattern,13,"42, 48, 54, 60, 66, 72, ?",78,integer,,,,,,,,,,,,,,,,6,6,6,,,,,,,,,,,,,,,,,
PAT-AP-14-6-10,pattern,14,"30, 34, 38, 42, 46, 50, ?",54,integer,,,,,,,,,,,,,,,,6,4,4,,,,,,,,,,,,,,,,,
PAT-MIXED-16-2-8-8,pattern,16,"17, 24, 48, 55, 110, 117, 234, ?",241,integer,,,,,,,,,,,,,,,,,,,,,,,,2,8,,,,,,,,,,
LOG-BOOL-30-6-5,logical,30,"A is True.
B is True.
C is True.
D is False.
E is False.
F is True.
What is: (((((E AND (NOT F)) OR (NOT D)) OR C) AND (NOT D)) OR (NOT D))?",True,boolean,,,,,,6,5,4,,,,,,,,,,,,,,,,,,,,,,,,,,,
PAT-MP-18-6-3,pattern,18,"15, 45, 135, 405, 1215, 3645, ?",10935,integer,,,,,,,,,,,,,,,,,,,3,6,,,,,,,,,,,,,,,
PAT-MP-15-6-3,pattern,15,"17, 51, 153, 459, 1377, 4131, ?",12393,integer,,,,,,,,,,,,,,,,,,,3,6,,,,,,,,,,,,,,,
NUM-RATIO-MUL-18,numerical,18,"16 -> 96, 13 -> ?",78,integer,,,,,,,,,,,,,,,,,,,,,,,,,,,,6,multiply,,,,,,
NUM-NEARBOUNDARY-19,numerical,19,What is 184 + 7?,191,integer,,,,,,,,,,,,,,,,,,,,,,,,,,,,,,,,,200,+,False
PAT-CP-16-4-8,pattern,16,"19, 16, 6, 17, 19, 16, 6, 17, ?",19,integer,,,,,,,,,,,,,,,,,,,,,4,0,8,,,,,,,,,,,,
NUM-DIV-21,numerical,21,What is 1560 divided by 120?,13,integer,,,,,,,,,,,,,,,,,,,,,,,,,,12,2,,,,,,,,
NUM-NEARBOUNDARY-22,numerical,22,What is 988 + 44?,1032,integer,,,,,,,,,,,,,,,,,,,,,,,,,,,,,,,,,1000,+,True
LOG-BOOL-32-6-3,logical,32,"A is False.
B is True.
C is True.
D is True.
E is True.
F is True.
What is: (NOT (((D OR E) AND E) OR (NOT E)))?",False,boolean,,,,,,6,3,2,,,,,,,,,,,,,,,,,,,,,,,,,,,
PAT-CP-18-5-10,pattern,18,"7, 10, 4, 13, 15, 7, 10, 4, 13, 15, ?",7,integer,,,,,,,,,,,,,,,,,,,,,5,2,10,,,,,,,,,,,,
LOG-BOOL-35-4-5,logical,35,"A is True.
B is True.
C is True.
D is True.
What is: (NOT (((((B AND (NOT A)) OR D) OR B) AND A) OR (NOT C)))?",False,boolean,,,,,,4,5,3,,,,,,,,,,,,,,,,,,,,,,,,,,,
NUM-DIV-23,numerical,23,What is 1560 divided by 120?,13,integer,,,,,,,,,,,,,,,,,,,,,,,,,,12,2,,,,,,,,
LOG-BOOL-0-2-1,logical,0,"A is False.
B is False.
What is: (B OR B)?",False,boolean,,,,,,2,1,0,,,,,,,,,,,,,,,,,,,,,,,,,,,
LOG-COMP-0-4,logical,0,"D is faster than A.
 A is faster than B.
 B is faster than C.
 Is C faster than A?",no,yesno,4,3,4,,0,,,,,,,,,,,,,,,,,,,,,,,,,,,,,,
NUM-DIV-0,numerical,0,What is 240 divided by 40?,6,integer,,,,,,,,,,,,,,,,,,,,,,,,,,4,1,,,,,,,,
PAT-AP-0-4-5,pattern,0,"19, 21, 23, 25, ?",27,integer,,,,,,,,,,,,,,,,4,2,2,,,,,,,,,,,,,,,,,
LOG-COMP-3-4,logical,3,"B is heavier than A.
 C is heavier than D.
 D is heavier than B.
 Is A heavier than C?",no,yesno,4,3,4,,0,,,,,,,,,,,,,,,,,,,,,,,,,,,,,,
PAT-CP-3-2-4,pattern,3,"8, 5, 8, 5, ?",8,integer,,,,,,,,,,,,,,,,,,,,,2,0,4,,,,,,,,,,,,
LOG-BOOL-7-2-2,logical,7,"A is False.
B is False.
What is: ((B OR A) AND A)?",False,boolean,,,,,,2,2,0,,,,,,,,,,,,,,,,,,,,,,,,,,,
LOG-BOOL-11-3-2,logical,11,"A is True.
B is True.
C is False.
What is: (NOT ((C AND (NOT C)) OR (NOT A)))?",True,boolean,,,,,,3,2,3,,,,,,,,,,,,,,,,,,,,,,,,,,,
LOG-BOOL-14-3-2,logical,14,"A is False.
B is True.
C is True.
What is: ((C OR A) AND C)?",True,boolean,,,,,,3,2,0,,,,,,,,,,,,,,,,,,,,,,,,,,,
NUM-SQUARE-3,numerical,3,What is 2^2?,4,integer,,,,,,,,,,,,,,,,,,,,,,,,,,,,,,2,0,exact,,,
NUM-SQUARE-7,numerical,7,What is 13^2?,169,integer,,,,,,,,,,,,,,,,,,,,,,,,,,,,,,13,0,near,,,
NUM-RATIO-MUL-11,numerical,11,"11 -> 66, 12 -> ?",72,integer,,,,,,,,,,,,,,,,,,,,,,,,,,,,6,multiply,,,,,,
NUM-SQUARE-12,numerical,12,What is 12^2?,144,integer,,,,,,,,,,,,,,,,,,,,,,,,,,,,,,14,2,near,,,
NUM-RATIO-DIV-16,numerical,16,"75 -> 15, 45 -> ?",9,integer,,,,,,,,,,,,,,,,,,,,,,,,,,,,5,divide,,,,,,
PAT-AP-4-4-5,pattern,4,"48, 43, 38, 33, ?",28,integer,,,,,,,,,,,,,,,,4,-5,5,,,,,,,,,,,,,,,,,
NUM-NEARBOUNDARY-18,numerical,18,What is 499 - 17?,482,integer,,,,,,,,,,,,,,,,,,,,,,,,,,,,,,,,,500,-,False
NUM-SQUARE-20,numerical,20,What is 28^2?,784,integer,,,,,,,,,,,,,,,,,,,,,,,,,,,,,,26,2,decompose,,,
LOG-COMP-18-8,logical,18,"E is larger than B.
 H is larger than E.
 C is larger than H.
 E is larger than A.
 H is larger than G.
 D is larger than E.
 D is larger than F.
 A is larger than B.
 F is larger than C.
 Is D larger than G?",yes,yesno,8,9,5,4,2,,,,,,,,,,,,,,,,,,,,,,,,,,,,,,
NUM-SQUARE-22,numerical,22,What is 24^2?,576,integer,,,,,,,,,,,,,,,,,,,,,,,,,,,,,,26,2,decompose,,,
PAT-MP-6-6-2,pattern,6,"9, 18, 36, 72, 144, 288, ?",576,integer,,,,,,,,,,,,,,,,,,,2,6,,,,,,,,,,,,,,,
NUM-NEARBOUNDARY-24,numerical,24,What is 1008 - 16?,992,integer,,,,,,,,,,,,,,,,,,,,,,,,,,,,,,,,,1000,-,True
NUM-DIV-25,numerical,25,What is 3600 divided by 200?,18,integer,,,,,,,,,,,,,,,,,,,,,,,,,,20,3,,,,,,,,
PAT-MIXED-7-2-7-5,pattern,7,"3, 7, 9, 13, 15, 19, ?",21,integer,,,,,,,,,,,,,,,,,,,,,,,,2,7,,,,,,,,,,
NUM-RATIO-DIV-27,numerical,27,"126 -> 18, 147 -> ?",21,integer,,,,,,,,,,,,,,,,,,,,,,,,,,,,7,divide,,,,,,
PAT-AP-10-5-10,pattern,10,"45, 42, 39, 36, 33, ?",30,integer,,,,,,,,,,,,,,,,5,-3,3,,,,,,,,,,,,,,,,,
PAT-AP-12-5-10,pattern,12,"42, 45, 48, 51, 54, ?",57,integer,,,,,,,,,,,,,,,,5,3,3,,,,,,,,,,,,,,,,,
NUM-RATIO-DIV-28,numerical,28,"132 -> 22, 120 -> ?",20,integer,,,,,,,,,,,,,,,,,,,,,,,,,,,,6,divide,,,,,,
LOG-IMP-20-7-5,logical,20,"A is True.
If G is True, then B is True.
If E is True, then G is True.
If A is True, then G is True.
If D is True, then G is True.
If B is True, then A is True.
Is G True?",yes,yesno,,,,,,,,,7,5,1,1,,,,,,,,,,,,,,,,,,,,,,,
NUM-DIV-29,numerical,29,What is 2880 divided by 240?,12,integer,,,,,,,,,,,,,,,,,,,,,,,,,,24,3,,,,,,,,
PAT-MP-14-5-2,pattern,14,"12, 24, 48, 96, 192, ?",384,integer,,,,,,,,,,,,,,,,,,,2,5,,,,,,,,,,,,,,,
LOG-BOOL-23-5-4,logical,23,"A is True.
B is False.
C is False.
D is True.
E is False.
What is: (NOT ((((C OR E) AND C) AND D) OR (NOT E)))?",False,boolean,,,,,,5,4,2,,,,,,,,,,,,,,,,,,,,,,,,,,,
PAT-CP-15-5-10,pattern,15,"9, 6, 5, 3, 6, 9, 6, 5, 3, 6, ?",9,integer,,,,,,,,,,,,,,,,,,,,,5,0,10,,,,,,,,,,,,
LOG-IMP-26-7-6,logical,26,"F is True.
A is True.
If F is True, then C is True.
If E is True, then D is True.
If E is True, then F is True.
If E is True, then C is True.
If C is True, then D is True.
If D is True, then G is True.
Is E True?",no,yesno,,,,,,,,,7,6,2,,,,,,,,,,,,,,,,,,,,,,,,
LOG-IMP-30-8-8,logical,30,"B is True.
If A is True, then C is True.
If H is True, then F is True.
If G is True, then B is True.
If D is True, then B is True.
If F is True, then G is True.
If H is True, then G is True.
If C is True, then D is True.
If D is True, then H is True.
Is A True?",no,yesno,,,,,,,,,8,8,1,,,,,,,,,,,,,,,,,,,,,,,,
NUM-NEARBOUNDARY-28,numerical,28,What is 1041 + 6?,1047,integer,,,,,,,,,,,,,,,,,,,,,,,,,,,,,,,,,1000,+,False
PAT-AP-17-7-15,pattern,17,"-6, -10, -14, -18, -22, -26, -30, ?",-34,integer,,,,,,,,,,,,,,,,7,-4,4,,,,,,,,,,,,,,,,,
PAT-AP-19-7-15,pattern,19,"34, 21, 8, -5, -18, -31, -44, ?",-57,integer,,,,,,,,,,,,,,,,7,-13,13,,,,,,,,,,,,,,,,,
LOG-IMP-33-8-7,logical,33,"H is True.
B is True.
If A is True, then D is True.
If G is True, then C is True.
If C is True, then E is True.
If F is True, then H is True.
If B is True, then C is True.
If A is True, then G is True.
If E is True, then G is True.
Is F True?",no,yesno,,,,,,,,,8,7,2,,,,,,,,,,,,,,,,,,,,,,,,
PAT-MIXED-20-4-10-10,pattern,20,"4, 13, 19, 38, 42, 51, 57, 114, 118, ?",127,integer,,,,,,,,,,,,,,,,,,,,,,,,4,10,,,,,,,,,,
PAT-MP-22-3-4,pattern,22,"16, 64, 256, ?",1024,integer,,,,,,,,,,,,,,,,,,,4,3,,,,,,,,,,,,,,,
PAT-MIXED-24-2-9-10,pattern,24,"3, 6, 16, 32, 42, 84, 94, 188, ?",198,integer,,,,,,,,,,,,,,,,,,,,,,,,2,9,,,,,,,,,,
NUM-NEARBOUNDARY-31,numerical,31,What is 1981 + 99?,2080,integer,,,,,,,,,,,,,,,,,,,,,,,,,,,,,,,,,2000,+,True
LOG-COMP-37-9,logical,37,"D is older than A.
 D is older than I.
 H is older than C.
 A is older than G.
 H is older than I.
 I is older than E.
 E is older than A.
 C is older than I.
 F is older than E.
 B is older than I.
 F is older than C.
 Is B older than G?",yes,yesno,9,11,5,4,3,,,,,,,,,,,,,,,,,,,,,,,,,,,,,,
PAT-MP-0-9-2,pattern,0,"4, 8, 16, 32, 64, 128, 256, 512, 1024, ?",2048,integer,,,,,,,,,,,,,,,,,,,2,9,,,,,,,,,,,,,,,
LOG-COMP-0-4,logical,0,"C is heavier than D.
 B is heavier than C.
 B is heavier than D.
 Is D heavier than A?",no,yesno,4,3,3,,0,,,,,,,,,,,,,,,,,,,,,,,,,,,,,,
LOG-IMP-4-3-2,logical,4,"B is True.
If A is True, then B is True.
If B is True, then C is True.
Is A True?",no,yesno,,,,,,,,,3,2,1,,,,,,,,,,,,,,,,,,,,,,,,
LOG-BOOL-7-3-2,logical,7,"A is True.
B is True.
C is False.
What is: ((B OR C) AND B)?",True,boolean,,,,,,3,2,0,,,,,,,,,,,,,,,,,,,,,,,,,,,
NUM-NEARBOUNDARY-0,numerical,0,What is 9 + 2?,11,integer,,,,,,,,,,,,,,,,,,,,,,,,,,,,,,,,,10,+,True
LOG-BOOL-10-3-2,logical,10,"A is True.
B is False.
C is False.
What is: (NOT ((B OR (NOT C)) AND B))?",True,boolean,,,,,,3,2,2,,,,,,,,,,,,,,,,,,,,,,,,,,,
LOG-COMP-13-6,logical,13,"A is faster than C.
 B is faster than A.
 E is faster than A.
 F is faster than A.
 D is faster than C.
 D is faster than A.
 Is F faster than C?",yes,yesno,6,6,3,2,1,,,,,,,,,,,,,,,,,,,,,,,,,,,,,,
LOG-CONSTRAINT-16-5-4,logical,16,"A is above C.
B is above C.
C is above E.
E is above B.
Is D above B?",no,yesno,,,,,,,,,,,,,5,4,4,,,,,,,,,,,,,,,,,,,,
PAT-MIXED-3-2-6-3,pattern,3,"15, 17, 20, 22, 25, ?",27,integer,,,,,,,,,,,,,,,,,,,,,,,,2,6,,,,,,,,,,
PAT-CP-5-3-7,pattern,5,"2, 7, 15, 2, 7, 15, 2, ?",7,integer,,,,,,,,,,,,,,,,,,,,,3,0,7,,,,,,,,,,,,
LOG-IMP-20-6-6,logical,20,"D is True.
If B is True, then D is True.
If C is True, then D is True.
If E is True, then C is True.
If E is True, then D is True.
If F is True, then A is True.
If C is True, then B is True.
Is A True?",no,yesno,,,,,,,,,6,6,1,,,,,,,,,,,,,,,,,,,,,,,,
PAT-MIXED-6-2-6-5,pattern,6,"8, 16, 20, 40, 44, ?",88,integer,,,,,,,,,,,,,,,,,,,,,,,,2,6,,,,,,,,,,
PAT-MP-8-8-2,pattern,8,"4, 8, 16, 32, 64, 128, 256, 512, ?",1024,integer,,,,,,,,,,,,,,,,,,,2,8,,,,,,,,,,,,,,,
PAT-MIXED-10-3-8-6,pattern,10,"19, 23, 46, 52, 56, 112, 118, ?",122,integer,,,,,,,,,,,,,,,,,,,,,,,,3,8,,,,,,,,,,
LOG-BOOL-23-5-4,logical,23,"A is False.
B is False.
C is True.
D is False.
E is False.
What is: ((((A OR (NOT B)) OR A) AND B) OR A)?",False,boolean,,,,,,5,4,1,,,,,,,,,,,,,,,,,,,,,,,,,,,
PAT-MIXED-12-2-8-6,pattern,12,"13, 39, 43, 129, 133, 399, 403, ?",1209,integer,,,,,,,,,,,,,,,,,,,,,,,,2,8,,,,,,,,,,
LOG-BOOL-26-4-5,logical,26,"A is False.
B is True.
C is True.
D is True.
What is: (((((A OR (NOT A)) AND A) OR (NOT B)) AND (NOT C)) OR C)?",True,boolean,,,,,,4,5,3,,,,,,,,,,,,,,,,,,,,,,,,,,,
NUM-NEARBOUNDARY-3,numerical,3,What is 9 + 3?,12,integer,,,,,,,,,,,,,,,,,,,,,,,,,,,,,,,,,10,+,True
PAT-MIXED-14-2-8-6,pattern,14,"5, 7, 11, 13, 17, 19, 23, ?",25,integer,,,,,,,,,,,,,,,,,,,,,,,,2,8,,,,,,,,,,
PAT-AP-16-6-15,pattern,16,"1, 12, 23, 34, 45, 56, ?",67,integer,,,,,,,,,,,,,,,,6,11,11,,,,,,,,,,,,,,,,,
LOG-BOOL-29-6-3,logical,29,"A is False.
B is False.
C is False.
D is False.
E is False.
F is True.
What is: (((F OR (NOT C)) OR B) OR (NOT B))?",True,boolean,,,,,,6,3,2,,,,,,,,,,,,,,,,,,,,,,,,,,,
NUM-NEARBOUNDARY-6,numerical,6,What is 97 + 7?,104,integer,,,,,,,,,,,,,,,,,,,,,,,,,,,,,,,,,100,+,True
NUM-NEARBOUNDARY-8,numerical,8,What is 49 + 9?,58,integer,,,,,,,,,,,,,,,,,,,,,,,,,,,,,,,,,50,+,True
NUM-NEARBOUNDARY-10,numerical,10,What is 210 - 11?,199,integer,,,,,,,,,,,,,,,,,,,,,,,,,,,,,,,,,200,-,True
PAT-MIXED-18-3-8-8,pattern,18,"10, 13, 52, 58, 61, 244, 250, ?",253,integer,,,,,,,,,,,,,,,,,,,,,,,,3,8,,,,,,,,,,
PAT-MP-20-3-3,pattern,20,"15, 45, 135, ?",405,integer,,,,,,,,,,,,,,,,,,,3,3,,,,,,,,,,,,,,,
NUM-DIV-13,numerical,13,What is 720 divided by 60?,12,integer,,,,,,,,,,,,,,,,,,,,,,,,,,6,2,,,,,,,,
LOG-IMP-33-9-6,logical,33,"H is True.
G is True.
If B is True, then H is True.
If C is True, then E is True.
If A is True, then B is True.
If I is True, then H is True.
If E is True, then A is True.
If E is True, then I is True.
Is C True?",no,yesno,,,,,,,,,9,6,2,,,,,,,,,,,,,,,,,,,,,,,,
NUM-SQUARE-16,numerical,16,What is 18^2?,324,integer,,,,,,,,,,,,,,,,,,,,,,,,,,,,,,16,2,near,,,
NUM-RATIO-MUL-15,numerical,15,"14 -> 84, 8 -> ?",48,integer,,,,,,,,,,,,,,,,,,,,,,,,,,,,6,multiply,,,,,,
NUM-NEARBOUNDARY-16,numerical,16,What is 484 + 31?,515,integer,,,,,,,,,,,,,,,,,,,,,,,,,,,,,,,,,500,+,True
PAT-CP-22-6-13,pattern,22,"8, 11, 11, 17, 12, 7, 8, 11, 11, 17, 12, 7, 8, ?",11,integer,,,,,,,,,,,,,,,,,,,,,6,3,13,,,,,,,,,,,,
NUM-RATIO-DIV-17,numerical,17,"114 -> 19, 66 -> ?",11,integer,,,,,,,,,,,,,,,,,,,,,,,,,,,,6,divide,,,,,,
NUM-RATIO-DIV-18,numerical,18,"119 -> 17, 63 -> ?",9,integer,,,,,,,,,,,,,,,,,,,,,,,,,,,,7,divide,,,,,,
PAT-AP-25-13-30,pattern,25,"-11, -36, -61, -86, -111, -136, -161, -186, -211, -236, -261, -286, -311, ?",-336,integer,,,,,,,,,,,,,,,,13,-25,25,,,,,,,,,,,,,,,,,
LOG-BOOL-37-6-5,logical,37,"A is False.
B is True.
C is False.
D is False.
E is False.
F is False.
What is: (((((E OR D) OR (NOT E)) OR (NOT E)) AND (NOT C)) AND (NOT C))?",True,boolean,,,,,,6,5,4,,,,,,,,,,,,,,,,,,,,,,,,,,,
LOG-BOOL-40-4-5,logical,40,"A is False.
B is False.
C is True.
D is False.
What is: (NOT (((((D OR C) OR B) AND (NOT A)) AND B) OR C))?",False,boolean,,,,,,4,5,2,,,,,,,,,,,,,,,,,,,,,,,,,,,
NUM-RATIO-MUL-20,numerical,20,"13 -> 104, 24 -> ?",192,integer,,,,,,,,,,,,,,,,,,,,,,,,,,,,8,multiply,,,,,,
LOG-COMP-43-10,logical,43,"H is faster than D.
 J is faster than I.
 H is faster than G.
 C is faster than J.
 I is faster than E.
 A is faster than G.
 I is faster than A.
 C is faster than H.
 B is faster than I.
 D is faster than B.
 E is faster than G.
 B is faster than F.
 Is A faster than G?",yes,yesno,10,12,5,,3,,,,,,,,,,,,,,,,,,,,,,,,,,,,,,
NUM-SQUARE-21,numerical,21,What is 38^2?,1444,integer,,,,,,,,,,,,,,,,,,,,,,,,,,,,,,39,1,decompose,,,
PAT-MIXED-26-3-13-12,pattern,26,"1, 12, 21, 31, 42, 51, 61, 72, 81, 91, 102, 111, ?",121,integer,,,,,,,,,,,,,,,,,,,,,,,,3,13,,,,,,,,,,
LOG-BOOL-0-2-1,logical,0,"A is True.
B is False.
What is: (B AND B)?",False,boolean,,,,,,2,1,0,,,,,,,,,,,,,,,,,,,,,,,,,,,
PAT-MIXED-0-2-6-3,pattern,0,"11, 33, 36, 108, 111, ?",333,integer,,,,,,,,,,,,,,,,,,,,,,,,2,6,,,,,,,,,,
NUM-DIV-0,numerical,0,What is 200 divided by 50?,4,integer,,,,,,,,,,,,,,,,,,,,,,,,,,5,1,,,,,,,,
PAT-MIXED-4-2-5-3,pattern,4,"11, 14, 16, 19, ?",21,integer,,,,,,,,,,,,,,,,,,,,,,,,2,5,,,,,,,,,,
PAT-AP-3-4-5,pattern,3,"9, 10, 11, 12, ?",13,integer,,,,,,,,,,,,,,,,4,1,1,,,,,,,,,,,,,,,,,
LOG-IMP-3-3-2,logical,3,"A is True.
If B is True, then A is True.
If C is True, then B is True.
Is B True?",no,yesno,,,,,,,,,3,2,1,,,,,,,,,,,,,,,,,,,,,,,,
NUM-NEARBOUNDARY-3,numerical,3,What is 9 + 5?,14,integer,,,,,,,,,,,,,,,,,,,,,,,,,,,,,,,,,10,+,True
NUM-RATIO-MUL-6,numerical,6,"6 -> 24, 10 -> ?",40,integer,,,,,,,,,,,,,,,,,,,,,,,,,,,,4,multiply,,,,,,
LOG-BOOL-5-3-2,logical,5,"A is True.
B is True.
C is False.
What is: ((A AND A) AND B)?",True,boolean,,,,,,3,2,0,,,,,,,,,,,,,,,,,,,,,,,,,,,
PAT-MP-6-8-2,pattern,6,"14, 28, 56, 112, 224, 448, 896, 1792, ?",3584,integer,,,,,,,,,,,,,,,,,,,2,8,,,,,,,,,,,,,,,
LOG-BOOL-7-3-2,logical,7,"A is True.
B is True.
C is False.
What is: ((C OR A) OR B)?",True,boolean,,,,,,3,2,0,,,,,,,,,,,,,,,,,,,,,,,,,,,
NUM-RATIO-MUL-9,numerical,9,"4 -> 16, 9 -> ?",36,integer,,,,,,,,,,,,,,,,,,,,,,,,,,,,4,multiply,,,,,,
LOG-CONSTRAINT-9-4-3,logical,9,"B is left of C.
B is left of A.
D is left of A.
Is B left of D?",no,yesno,,,,,,,,,,,,,4,3,2,,,,,,,,,,,,,,,,,,,,
LOG-COMP-10-6,logical,10,"D is larger than F.
 A is larger than C.
 B is larger than F.
 B is larger than A.
 D is larger than B.
 C is larger than E.
 Is B larger than E?",yes,yesno,6,6,4,3,1,,,,,,,,,,,,,,,,,,,,,,,,,,,,,,
NUM-RATIO-MUL-11,numerical,11,"15 -> 75, 6 -> ?",30,integer,,,,,,,,,,,,,,,,,,,,,,,,,,,,5,multiply,,,,,,
PAT-MP-7-8-2,pattern,7,"12, 24, 48, 96, 192, 384, 768, 1536, ?",3072,integer,,,,,,,,,,,,,,,,,,,2,8,,,,,,,,,,,,,,,
PAT-MP-8-7-2,pattern,8,"8, 16, 32, 64, 128, 256, 512, ?",1024,integer,,,,,,,,,,,,,,,,,,,2,7,,,,,,,,,,,,,,,
PAT-MP-10-5-3,pattern,10,"10, 30, 90, 270, 810, ?",2430,integer,,,,,,,,,,,,,,,,,,,3,5,,,,,,,,,,,,,,,
PAT-MP-12-5-2,pattern,12,"12, 24, 48, 96, 192, ?",384,integer,,,,,,,,,,,,,,,,,,,2,5,,,,,,,,,,,,,,,
LOG-COMP-12-6,logical,12,"B is larger than C.
 E is larger than F.
 C is larger than D.
 A is larger than F.
 E is larger than B.
 F is larger than D.
 Is A larger than D?",yes,yesno,6,6,3,2,1,,,,,,,,,,,,,,,,,,,,,,,,,,,,,,
PAT-MIXED-14-3-7-6,pattern,14,"3, 9, 36, 108, 324, 1296, ?",3888,integer,,,,,,,,,,,,,,,,,,,,,,,,3,7,,,,,,,,,,
PAT-MIXED-16-3-9-8,pattern,16,"14, 21, 28, 32, 39, 46, 50, 57, ?",64,integer,,,,,,,,,,,,,,,,,,,,,,,,3,9,,,,,,,,,,
NUM-DIV-13,numerical,13,What is 1500 divided by 150?,10,integer,,,,,,,,,,,,,,,,,,,,,,,,,,15,2,,,,,,,,
PAT-MP-19-6-3,pattern,19,"16, 48, 144, 432, 1296, 3888, ?",11664,integer,,,,,,,,,,,,,,,,,,,3,6,,,,,,,,,,,,,,,
LOG-IMP-15-5-4,logical,15,"D is True.
C is True.
If E is True, then C is True.
If D is True, then C is True.
If A is True, then C is True.
If A is True, then D is True.
Is A True?",no,yesno,,,,,,,,,5,4,2,,,,,,,,,,,,,,,,,,,,,,,,
LOG-BOOL-18-3-2,logical,18,"A is False.
B is True.
C is False.
What is: ((A AND C) OR (NOT A))?",True,boolean,,,,,,3,2,1,,,,,,,,,,,,,,,,,,,,,,,,,,,
PAT-MIXED-21-2-9-10,pattern,21,"10, 20, 27, 54, 61, 122, 129, 258, ?",265,integer,,,,,,,,,,,,,,,,,,,,,,,,2,9,,,,,,,,,,
NUM-NEARBOUNDARY-16,numerical,16,What is 209 + 10?,219,integer,,,,,,,,,,,,,,,,,,,,,,,,,,,,,,,,,200,+,False
LOG-BOOL-20-5-3,logical,20,"A is True.
B is True.
C is False.
D is True.
E is False.
What is: (((D AND (NOT D)) OR (NOT A)) AND B)?",False,boolean,,,,,,5,3,2,,,,,,,,,,,,,,,,,,,,,,,,,,,
LOG-CONSTRAINT-22-6-5,logical,22,"C is above D.
B is above F.
F is above D.
C is above F.
E is above D.
Is E above B?",no,yesno,,,,,,,,,,,,,6,5,3,,,,,,,,,,,,,,,,,,,,
NUM-SQUARE-18,numerical,18,What is 14^2?,196,integer,,,,,,,,,,,,,,,,,,,,,,,,,,,,,,15,1,near,,,
NUM-DIV-16,numerical,16,What is 1650 divided by 150?,11,integer,,,,,,,,,,,,,,,,,,,,,,,,,,15,2,,,,,,,,
PAT-MP-24-4-4,pattern,24,"19, 76, 304, 1216, ?",4864,integer,,,,,,,,,,,,,,,,,,,4,4,,,,,,,,,,,,,,,
PAT-AP-26-10-25,pattern,26,"23, 5, -13, -31, -49, -67, -85, -103, -121, -139, ?",-157,integer,,,,,,,,,,,,,,,,10,-18,18,,,,,,,,,,,,,,,,,
PAT-AP-27-13-30,pattern,27,"-44, -56, -68, -80, -92, -104, -116, -128, -140, -152, -164, -176, -188, ?",-200,integer,,,,,,,,,,,,,,,,13,-12,12,,,,,,,,,,,,,,,,,
NUM-NEARBOUNDARY-17,numerical,17,What is 518 - 31?,487,integer,,,,,,,,,,,,,,,,,,,,,,,,,,,,,,,,,500,-,True
LOG-IMP-24-6-6,logical,24,"D is True.
E is True.
If F is True, then C is True.
If A is True, then D is True.
If E is True, then A is True.
If F is True, then D is True.
If D is True, then B is True.
If E is True, then D is True.
Is F True?",no,yesno,,,,,,,,,6,6,2,,,,,,,,,,,,,,,,,,,,,,,,
LOG-BOOL-26-4-5,logical,26,"A is False.
B is False.
C is False.
D is False.
What is: (NOT (((((B OR D) OR (NOT B)) AND D) AND (NOT B)) OR C))?",True,boolean,,,,,,4,5,3,,,,,,,,,,,,,,,,,,,,,,,,,,,
NUM-NEARBOUNDARY-0,numerical,0,What is 9 + 3?,12,integer,,,,,,,,,,,,,,,,,,,,,,,,,,,,,,,,,10,+,True
LOG-COMP-0-4,logical,0,"A is heavier than B.
 D is heavier than B.
 A is heavier than C.
 Is C heavier than B?",no,yesno,4,3,2,,0,,,,,,,,,,,,,,,,,,,,,,,,,,,,,,
PAT-AP-0-4-5,pattern,0,"7, 4, 1, -2, ?",-5,integer,,,,,,,,,,,,,,,,4,-3,3,,,,,,,,,,,,,,,,,
PAT-AP-2-4-5,pattern,2,"8, 3, -2, -7, ?",-12,integer,,,,,,,,,,,,,,,,4,-5,5,,,,,,,,,,,,,,,,,
PAT-CP-4-2-4,pattern,4,"7, 7, 7, 7, ?",7,integer,,,,,,,,,,,,,,,,,,,,,2,0,4,,,,,,,,,,,,
NUM-DIV-3,numerical,3,What is 400 divided by 40?,10,integer,,,,,,,,,,,,,,,,,,,,,,,,,,4,1,,,,,,,,
PAT-CP-7-3-6,pattern,7,"7, 13, 10, 7, 13, 10, ?",7,integer,,,,,,,,,,,,,,,,,,,,,3,0,6,,,,,,,,,,,,
NUM-SQUARE-6,numerical,6,What is 14^2?,196,integer,,,,,,,,,,,,,,,,,,,,,,,,,,,,,,15,1,near,,,
PAT-AP-9-5-7,pattern,9,"28, 31, 34, 37, 40, ?",43,integer,,,,,,,,,,,,,,,,5,3,3,,,,,,,,,,,,,,,,,
PAT-CP-11-3-7,pattern,11,"17, 9, 2, 17, 9, 2, 17, ?",9,integer,,,,,,,,,,,,,,,,,,,,,3,0,7,,,,,,,,,,,,
PAT-AP-14-6-10,pattern,14,"10, 15, 20, 25, 30, 35, ?",40,integer,,,,,,,,,,,,,,,,6,5,5,,,,,,,,,,,,,,,,,
NUM-DIV-5,numerical,5,What is 160 divided by 80?,2,integer,,,,,,,,,,,,,,,,,,,,,,,,,,8,1,,,,,,,,
NUM-SQUARE-7,numerical,7,What is 7^2?,49,integer,,,,,,,,,,,,,,,,,,,,,,,,,,,,,,8,1,near,,,
LOG-CONSTRAINT-4-3-2,logical,4,"A is left of B.
C is left of A.
Is C left of B?",yes,yesno,,,,,,,,,,,,,3,2,3,,,,,,,,,,,,,,,,,,,,
PAT-MIXED-17-3-9-8,pattern,17,"9, 12, 36, 43, 46, 138, 145, 148, ?",444,integer,,,,,,,,,,,,,,,,,,,,,,,,3,9,,,,,,,,,,
LOG-COMP-3-4,logical,3,"A is older than B.
 B is older than D.
 A is older than D.
 Is C older than A?",no,yesno,4,3,3,,0,,,,,,,,,,,,,,,,,,,,,,,,,,,,,,
PAT-MP-19-4-2,pattern,19,"8, 16, 32, 64, ?",128,integer,,,,,,,,,,,,,,,,,,,2,4,,,,,,,,,,,,,,,
PAT-MP-22-3-3,pattern,22,"14, 42, 126, ?",378,integer,,,,,,,,,,,,,,,,,,,3,3,,,,,,,,,,,,,,,
PAT-MIXED-24-2-10-10,pattern,24,"4, 11, 44, 51, 204, 211, 844, 851, 3404, ?",3411,integer,,,,,,,,,,,,,,,,,,,,,,,,2,10,,,,,,,,,,
LOG-IMP-5-4-3,logical,5,"B is True.
If B is True, then C is True.
If D is True, then B is True.
If A is True, then C is True.
Is C True?",yes,yesno,,,,,,,,,4,3,1,1,,,,,,,,,,,,,,,,,,,,,,,
PAT-MP-27-3-3,pattern,27,"25, 75, 225, ?",675,integer,,,,,,,,,,,,,,,,,,,3,3,,,,,,,,,,,,,,,
LOG-IMP-7-4-3,logical,7,"D is True.
C is True.
If D is True, then C is True.
If A is True, then D is True.
If C is True, then A is True.
Is A True?",yes,yesno,,,,,,,,,4,3,2,1,,,,,,,,,,,,,,,,,,,,,,,
NUM-SQUARE-11,numerical,11,What is 9^2?,81,integer,,,,,,,,,,,,,,,,,,,,,,,,,,,,,,10,1,near,,,
NUM-SQUARE-15,numerical,15,What is 25^2?,625,integer,,,,,,,,,,,,,,,,,,,,,,,,,,,,,,23,2,near,,,
LOG-IMP-9-4-3,logical,9,"D is True.
If A is True, then C is True.
If B is True, then D is True.
If A is True, then B is True.
Is C True?",no,yesno,,,,,,,,,4,3,1,,,,,,,,,,,,,,,,,,,,,,,,
NUM-DIV-19,numerical,19,What is 1080 divided by 120?,9,integer,,,,,,,,,,,,,,,,,,,,,,,,,,12,2,,,,,,,,
PAT-CP-30-8-16,pattern,30,"20, 20, 3, 12, 8, 15, 8, 17, 20, 20, 3, 12, 8, 15, 8, 17, ?",20,integer,,,,,,,,,,,,,,,,,,,,,8,1,16,,,,,,,,,,,,
PAT-MIXED-32-3-10-12,pattern,32,"11, 18, 25, 50, 57, 64, 128, 135, 142, ?",284,integer,,,,,,,,,,,,,,,,,,,,,,,,3,10,,,,,,,,,,
PAT-MIXED-35-4-13-12,pattern,35,"3, 10, 15, 24, 34, 41, 46, 55, 65, 72, 77, 86, ?",96,integer,,,,,,,,,,,,,,,,,,,,,,,,4,13,,,,,,,,,,
LOG-BOOL-10-3-2,logical,10,"A is False.
B is True.
C is False.
What is: (NOT ((A OR B) OR B))?",False,boolean,,,,,,3,2,1,,,,,,,,,,,,,,,,,,,,,,,,,,,
PAT-MP-38-3-4,pattern,38,"24, 96, 384, ?",1536,integer,,,,,,,,,,,,,,,,,,,4,3,,,,,,,,,,,,,,,
NUM-SQUARE-21,numerical,21,What is 31^2?,961,integer,,,,,,,,,,,,,,,,,,,,,,,,,,,,,,30,1,decompose,,,
NUM-SQUARE-23,numerical,23,What is 36^2?,1296,integer,,,,,,,,,,,,,,,,,,,,,,,,,,,,,,37,1,decompose,,,
PAT-CP-41-7-13,pattern,41,"19, 11, 4, 3, 4, 13, 4, 19, 11, 4, 3, 4, 13, ?",4,integer,,,,,,,,,,,,,,,,,,,,,7,2,13,,,,,,,,,,,,
PAT-MP-44-4-4,pattern,44,"20, 80, 320, 1280, ?",5120,integer,,,,,,,,,,,,,,,,,,,4,4,,,,,,,,,,,,,,,
LOG-BOOL-11-3-2,logical,11,"A is False.
B is False.
C is True.
What is: (NOT ((B AND B) OR B))?",True,boolean,,,,,,3,2,1,,,,,,,,,,,,,,,,,,,,,,,,,,,
PAT-MP-47-4-4,pattern,47,"15, 60, 240, 960, ?",3840,integer,,,,,,,,,,,,,,,,,,,4,4,,,,,,,,,,,,,,,
LOG-BOOL-13-3-2,logical,13,"A is True.
B is True.
C is False.
What is: (NOT ((B OR C) OR B))?",False,boolean,,,,,,3,2,1,,,,,,,,,,,,,,,,,,,,,,,,,,,
LOG-COMP-15-7,logical,15,"D is heavier than A.
 B is heavier than E.
 A is heavier than E.
 F is heavier than D.
 B is heavier than C.
 D is heavier than G.
 C is heavier than D.
 F is heavier than C.
 Is E heavier than D?",no,yesno,7,8,5,,2,,,,,,,,,,,,,,,,,,,,,,,,,,,,,,
NUM-RATIO-DIV-25,numerical,25,"85 -> 17, 55 -> ?",11,integer,,,,,,,,,,,,,,,,,,,,,,,,,,,,5,divide,,,,,,
NUM-DIV-28,numerical,28,What is 3600 divided by 200?,18,integer,,,,,,,,,,,,,,,,,,,,,,,,,,20,3,,,,,,,,
PAT-MIXED-51-4-10-12,pattern,51,"3, 14, 112, 336, 346, 357, 2856, 8568, 8578, ?",8589,integer,,,,,,,,,,,,,,,,,,,,,,,,4,10,,,,,,,,,,
LOG-IMP-18-5-4,logical,18,"B is True.
E is True.
If E is True, then B is True.
If E is True, then D is True.
If A is True, then E is True.
If B is True, then D is True.
Is D True?",yes,yesno,,,,,,,,,5,4,2,1,,,,,,,,,,,,,,,,,,,,,,,
PAT-AP-54-12-30,pattern,54,"43, 20, -3, -26, -49, -72, -95, -118, -141, -164, -187, -210, ?",-233,integer,,,,,,,,,,,,,,,,12,-23,23,,,,,,,,,,,,,,,,,
PAT-CP-0-2-4,pattern,0,"3, 19, 3, 19, ?",3,integer,,,,,,,,,,,,,,,,,,,,,2,0,4,,,,,,,,,,,,
LOG-IMP-0-3-2,logical,0,"C is True.
If C is True, then A is True.
If B is True, then A is True.
Is B True?",no,yesno,,,,,,,,,3,2,1,,,,,,,,,,,,,,,,,,,,,,,,
LOG-IMP-3-3-2,logical,3,"A is True.
If A is True, then B is True.
If B is True, then A is True.
Is B True?",yes,yesno,,,,,,,,,3,2,1,1,,,,,,,,,,,,,,,,,,,,,,,
NUM-DIV-0,numerical,0,What is 80 divided by 40?,2,integer,,,,,,,,,,,,,,,,,,,,,,,,,,4,1,,,,,,,,
LOG-IMP-6-4-3,logical,6,"D is True.
If A is True, then D is True.
If B is True, then A is True.
If A is True, then C is True.
Is B True?",no,yesno,,,,,,,,,4,3,1,,,,,,,,,,,,,,,,,,,,,,,,
LOG-IMP-9-4-3,logical,9,"B is True.
If B is True, then C is True.
If C is True, then A is True.
If C is True, then B is True.
Is A True?",yes,yesno,,,,,,,,,4,3,1,2,,,,,,,,,,,,,,,,,,,,,,,
NUM-SQUARE-3,numerical,3,What is 3^2?,9,integer,,,,,,,,,,,,,,,,,,,,,,,,,,,,,,3,0,exact,,,
PAT-MIXED-3-2-6-3,pattern,3,"5, 15, 17, 51, 53, ?",159,integer,,,,,,,,,,,,,,,,,,,,,,,,2,6,,,,,,,,,,
LOG-BOOL-11-3-2,logical,11,"A is True.
B is False.
C is False.
What is: (NOT ((A OR A) AND C))?",True,boolean,,,,,,3,2,1,,,,,,,,,,,,,,,,,,,,,,,,,,,
LOG-BOOL-14-3-2,logical,14,"A is True.
B is True.
C is False.
What is: ((B AND (NOT A)) OR (NOT C))?",True,boolean,,,,,,3,2,2,,,,,,,,,,,,,,,,,,,,,,,,,,,
NUM-SQUARE-7,numerical,7,What is 7^2?,49,integer,,,,,,,,,,,,,,,,,,,,,,,,,,,,,,7,0,near,,,
NUM-SQUARE-11,numerical,11,What is 9^2?,81,integer,,,,,,,,,,,,,,,,,,,,,,,,,,,,,,10,1,near,,,
NUM-NEARBOUNDARY-15,numerical,15,What is 509 + 22?,531,integer,,,,,,,,,,,,,,,,,,,,,,,,,,,,,,,,,500,+,False
NUM-NEARBOUNDARY-16,numerical,16,What is 203 + 29?,232,integer,,,,,,,,,,,,,,,,,,,,,,,,,,,,,,,,,200,+,False
NUM-RATIO-DIV-18,numerical,18,"66 -> 11, 84 -> ?",14,integer,,,,,,,,,,,,,,,,,,,,,,,,,,,,6,divide,,,,,,
LOG-BOOL-0-2-1,logical,0,"A is False.
B is True.
What is: (B AND A)?",False,boolean,,,,,,2,1,0,,,,,,,,,,,,,,,,,,,,,,,,,,,
NUM-RATIO-MUL-0,numerical,0,"7 -> 14, 4 -> ?",8,integer,,,,,,,,,,,,,,,,,,,,,,,,,,,,2,multiply,,,,,,
LOG-COMP-1-4,logical,1,"B is larger than A.
 C is larger than D.
 A is larger than D.
 Is B larger than D?",yes,yesno,4,3,3,2,0,,,,,,,,,,,,,,,,,,,,,,,,,,,,,,
LOG-BOOL-3-2-1,logical,3,"A is False.
B is True.
What is: (A OR B)?",True,boolean,,,,,,2,1,0,,,,,,,,,,,,,,,,,,,,,,,,,,,
LOG-IMP-5-4-3,logical,5,"D is True.
If A is True, then B is True.
If C is True, then A is True.
If D is True, then A is True.
Is A True?",yes,yesno,,,,,,,,,4,3,1,1,,,,,,,,,,,,,,,,,,,,,,,
PAT-MIXED-0-2-5-3,pattern,0,"14, 16, 32, 34, ?",68,integer,,,,,,,,,,,,,,,,,,,,,,,,2,5,,,,,,,,,,
LOG-CONSTRAINT-6-4-3,logical,6,"C is left of B.
A is left of B.
D is left of A.
Is C left of B?",yes,yesno,,,,,,,,,,,,,4,3,3,,,,,,,,,,,,,,,,,,,,
NUM-RATIO-MUL-1,numerical,1,"8 -> 16, 7 -> ?",14,integer,,,,,,,,,,,,,,,,,,,,,,,,,,,,2,multiply,,,,,,
NUM-DIV-2,numerical,2,What is 720 divided by 80?,9,integer,,,,,,,,,,,,,,,,,,,,,,,,,,8,1,,,,,,,,
NUM-SQUARE-3,numerical,3,What is 7^2?,49,integer,,,,,,,,,,,,,,,,,,,,,,,,,,,,,,7,0,exact,,,
LOG-COMP-7-4,logical,7,"D is taller than A.
 C is taller than B.
 A is taller than C.
 Is C taller than D?",no,yesno,4,3,4,,0,,,,,,,,,,,,,,,,,,,,,,,,,,,,,,
NUM-DIV-5,numerical,5,What is 250 divided by 50?,5,integer,,,,,,,,,,,,,,,,,,,,,,,,,,5,1,,,,,,,,
NUM-DIV-7,numerical,7,What is 350 divided by 50?,7,integer,,,,,,,,,,,,,,,,,,,,,,,,,,5,1,,,,,,,,
PAT-AP-3-4-5,pattern,3,"33, 29, 25, 21, ?",17,integer,,,,,,,,,,,,,,,,4,-4,4,,,,,,,,,,,,,,,,,
NUM-SQUARE-9,numerical,9,What is 6^2?,36,integer,,,,,,,,,,,,,,,,,,,,,,,,,,,,,,5,1,near,,,
PAT-AP-4-4-5,pattern,4,"18, 15, 12, 9, ?",6,integer,,,,,,,,,,,,,,,,4,-3,3,,,,,,,,,,,,,,,,,
PAT-AP-6-5-7,pattern,6,"12, 6, 0, -6, -12, ?",-18,integer,,,,,,,,,,,,,,,,5,-6,6,,,,,,,,,,,,,,,,,
NUM-RATIO-MUL-12,numerical,12,"14 -> 84, 7 -> ?",42,integer,,,,,,,,,,,,,,,,,,,,,,,,,,,,6,multiply,,,,,,
PAT-CP-7-3-7,pattern,7,"6, 2, 17, 6, 2, 17, 6, ?",2,integer,,,,,,,,,,,,,,,,,,,,,3,0,7,,,,,,,,,,,,
LOG-BOOL-9-3-2,logical,9,"A is False.
B is True.
C is False.
What is: ((C OR B) AND A)?",False,boolean,,,,,,3,2,0,,,,,,,,,,,,,,,,,,,,,,,,,,,
LOG-CONSTRAINT-10-4-3,logical,10,"A is above C.
B is above C.
A is above D.
Is D above C?",no,yesno,,,,,,,,,,,,,4,3,2,,,,,,,,,,,,,,,,,,,,
PAT-CP-8-3-6,pattern,8,"9, 10, 6, 9, 10, 6, ?",9,integer,,,,,,,,,,,,,,,,,,,,,3,0,6,,,,,,,,,,,,
LOG-IMP-11-5-4,logical,11,"B is True.
If D is True, then B is True.
If C is True, then B is True.
If E is True, then C is True.
If D is True, then A is True.
Is C True?",no,yesno,,,,,,,,,5,4,1,,,,,,,,,,,,,,,,,,,,,,,,
PAT-MIXED-9-2-7-5,pattern,9,"8, 13, 39, 44, 132, 137, ?",411,integer,,,,,,,,,,,,,,,,,,,,,,,,2,7,,,,,,,,,,
PAT-MP-8-6-2,pattern,8,"8, 16, 32, 64, 128, 256, ?",512,integer,,,,,,,,,,,,,,,,,,,2,6,,,,,,,,,,,,,,,
NUM-NEARBOUNDARY-10,numerical,10,What is 107 - 8?,99,integer,,,,,,,,,,,,,,,,,,,,,,,,,,,,,,,,,100,-,True
LOG-IMP-12-5-4,logical,12,"C is True.
A is True.
If C is True, then A is True.
If A is True, then C is True.
If B is True, then C is True.
If D is True, then B is True.
Is D True?",no,yesno,,,,,,,,,5,4,2,,,,,,,,,,,,,,,,,,,,,,,,
NUM-RATIO-MUL-11,numerical,11,"8 -> 56, 11 -> ?",77,integer,,,,,,,,,,,,,,,,,,,,,,,,,,,,7,multiply,,,,,,
LOG-BOOL-13-3-2,logical,13,"A is True.
B is False.
C is True.
What is: ((B OR (NOT A)) OR A)?",True,boolean,,,,,,3,2,1,,,,,,,,,,,,,,,,,,,,,,,,,,,
NUM-SQUARE-12,numerical,12,What is 16^2?,256,integer,,,,,,,,,,,,,,,,,,,,,,,,,,,,,,15,1,near,,,
LOG-COMP-14-6,logical,14,"C is older than D.
 A is older than C.
 C is older than E.
 D is older than E.
 F is older than A.
 A is older than D.
 Is F older than E?",yes,yesno,6,6,4,3,1,,,,,,,,,,,,,,,,,,,,,,,,,,,,,,
PAT-MP-0-7-2,pattern,0,"2, 4, 8, 16, 32, 64, 128, ?",256,integer,,,,,,,,,,,,,,,,,,,2,7,,,,,,,,,,,,,,,
PAT-AP-3-4-5,pattern,3,"9, 10, 11, 12, ?",13,integer,,,,,,,,,,,,,,,,4,1,1,,,,,,,,,,,,,,,,,
NUM-RATIO-MUL-0,numerical,0,"4 -> 12, 8 -> ?",24,integer,,,,,,,,,,,,,,,,,,,,,,,,,,,,3,multiply,,,,,,
LOG-CONSTRAINT-0-3-2,logical,0,"A is faster than C.
B is faster than C.
Is A faster than C?",yes,yesno,,,,,,,,,,,,,3,2,2,,,,,,,,,,,,,,,,,,,,
LOG-IMP-2-3-2,logical,2,"A is True.
If C is True, then A is True.
If B is True, then C is True.
Is B True?",no,yesno,,,,,,,,,3,2,1,,,,,,,,,,,,,,,,,,,,,,,,
NUM-DIV-2,numerical,2,What is 420 divided by 60?,7,integer,,,,,,,,,,,,,,,,,,,,,,,,,,6,1,,,,,,,,
PAT-MIXED-1-2-6-3,pattern,1,"20, 60, 63, 189, 192, ?",576,integer,,,,,,,,,,,,,,,,,,,,,,,,2,6,,,,,,,,,,
NUM-RATIO-MUL-4,numerical,4,"4 -> 8, 3 -> ?",6,integer,,,,,,,,,,,,,,,,,,,,,,,,,,,,2,multiply,,,,,,
NUM-NEARBOUNDARY-7,numerical,7,What is 98 + 9?,107,integer,,,,,,,,,,,,,,,,,,,,,,,,,,,,,,,,,100,+,True
LOG-COMP-5-4,logical,5,"D is taller than A.
 D is taller than C.
 C is taller than B.
 Is D taller than B?",yes,yesno,4,3,3,2,0,,,,,,,,,,,,,,,,,,,,,,,,,,,,,,
NUM-RATIO-MUL-9,numerical,9,"9 -> 45, 8 -> ?",40,integer,,,,,,,,,,,,,,,,,,,,,,,,,,,,5,multiply,,,,,,
PAT-CP-4-2-4,pattern,4,"9, 7, 9, 7, ?",9,integer,,,,,,,,,,,,,,,,,,,,,2,0,4,,,,,,,,,,,,
LOG-COMP-4-4,logical,4,"B is heavier than D.
 C is heavier than B.
 C is heavier than A.
 Is C heavier than D?",yes,yesno,4,3,3,2,0,,,,,,,,,,,,,,,,,,,,,,,,,,,,,,
NUM-DIV-10,numerical,10,What is 1080 divided by 90?,12,integer,,,,,,,,,,,,,,,,,,,,,,,,,,9,2,,,,,,,,
LOG-COMP-8-6,logical,8,"E is larger than B.
 C is larger than E.
 F is larger than C.
 B is larger than A.
 E is larger than A.
 F is larger than B.
 Is C larger than A?",yes,yesno,6,6,4,2,1,,,,,,,,,,,,,,,,,,,,,,,,,,,,,,
PAT-MIXED-7-2-6-5,pattern,7,"3, 8, 10, 15, 17, ?",22,integer,,,,,,,,,,,,,,,,,,,,,,,,2,6,,,,,,,,,,
PAT-MIXED-10-2-8-6,pattern,10,"18, 21, 23, 26, 28, 31, 33, ?",36,integer,,,,,,,,,,,,,,,,,,,,,,,,2,8,,,,,,,,,,
PAT-MIXED-13-2-8-6,pattern,13,"20, 26, 52, 58, 116, 122, 244, ?",250,integer,,,,,,,,,,,,,,,,,,,,,,,,2,8,,,,,,,,,,
NUM-SQUARE-11,numerical,11,What is 17^2?,289,integer,,,,,,,,,,,,,,,,,,,,,,,,,,,,,,19,2,near,,,
LOG-BOOL-7-2-2,logical,7,"A is True.
B is False.
What is: ((A OR A) OR B)?",True,boolean,,,,,,2,2,0,,,,,,,,,,,,,,,,,,,,,,,,,,,
NUM-NEARBOUNDARY-10,numerical,10,What is 108 - 9?,99,integer,,,,,,,,,,,,,,,,,,,,,,,,,,,,,,,,,100,-,True
LOG-IMP-8-4-3,logical,8,"A is True.
If D is True, then A is True.
If C is True, then A is True.
If D is True, then C is True.
Is C True?",no,yesno,,,,,,,,,4,3,1,,,,,,,,,,,,,,,,,,,,,,,,
NUM-NEARBOUNDARY-13,numerical,13,What is 196 + 12?,208,integer,,,,,,,,,,,,,,,,,,,,,,,,,,,,,,,,,200,+,True
LOG-CONSTRAINT-10-5-4,logical,10,"B is faster than E.
C is faster than D.
D is faster than B.
A is faster than B.
Is D faster than E?",yes,yesno,,,,,,,,,,,,,5,4,4,,,,,,,,,,,,,,,,,,,,
PAT-AP-16-7-15,pattern,16,"19, 11, 3, -5, -13, -21, -29, ?",-37,integer,,,,,,,,,,,,,,,,7,-8,8,,,,,,,,,,,,,,,,,
PAT-CP-17-5-10,pattern,17,"8, 3, 15, 12, 2, 8, 3, 15, 12, 2, ?",8,integer,,,,,,,,,,,,,,,,,,,,,5,0,10,,,,,,,,,,,,
NUM-RATIO-MUL-14,numerical,14,"11 -> 77, 9 -> ?",63,integer,,,,,,,,,,,,,,,,,,,,,,,,,,,,7,multiply,,,,,,
PAT-MP-19-5-3,pattern,19,"8, 24, 72, 216, 648, ?",1944,integer,,,,,,,,,,,,,,,,,,,3,5,,,,,,,,,,,,,,,
PAT-MP-17-4-2,pattern,17,"11, 22, 44, 88, ?",176,integer,,,,,,,,,,,,,,,,,,,2,4,,,,,,,,,,,,,,,
LOG-IMP-11-4-4,logical,11,"C is True.
A is True.
If A is True, then C is True.
If D is True, then A is True.
If B is True, then A is True.
If A is True, then B is True.
Is D True?",no,yesno,,,,,,,,,4,4,2,,,,,,,,,,,,,,,,,,,,,,,,
LOG-CONSTRAINT-14-4-4,logical,14,"A is faster than C.
C is faster than D.
A is faster than D.
A is faster than B.
Is C faster than B?",no,yesno,,,,,,,,,,,,,4,4,3,,,,,,,,,,,,,,,,,,,,
PAT-AP-20-7-20,pattern,20,"35, 49, 63, 77, 91, 105, 119, ?",133,integer,,,,,,,,,,,,,,,,7,14,14,,,,,,,,,,,,,,,,,
LOG-CONSTRAINT-15-5-4,logical,15,"A is left of C.
B is left of C.
D is left of C.
E is left of C.
Is D left of B?",no,yesno,,,,,,,,,,,,,5,4,2,,,,,,,,,,,,,,,,,,,,
LOG-BOOL-17-4-2,logical,17,"A is True.
B is True.
C is True.
D is True.
What is: ((C OR A) AND B)?",True,boolean,,,,,,4,2,0,,,,,,,,,,,,,,,,,,,,,,,,,,,
LOG-CONSTRAINT-20-6-6,logical,20,"C is faster than E.
D is faster than B.
A is faster than D.
E is faster than B.
B is faster than F.
B is faster than C.
Is A faster than E?",yes,yesno,,,,,,,,,,,,,6,6,5,,,,,,,,,,,,,,,,,,,,
NUM-RATIO-MUL-16,numerical,16,"11 -> 55, 17 -> ?",85,integer,,,,,,,,,,,,,,,,,,,,,,,,,,,,5,multiply,,,,,,
PAT-MP-21-4-3,pattern,21,"15, 45, 135, 405, ?",1215,integer,,,,,,,,,,,,,,,,,,,3,4,,,,,,,,,,,,,,,
PAT-MP-24-5-4,pattern,24,"18, 72, 288, 1152, 4608, ?",18432,integer,,,,,,,,,,,,,,,,,,,4,5,,,,,,,,,,,,,,,
LOG-CONSTRAINT-21-6-6,logical,21,"C is faster than A.
A is faster than E.
D is faster than E.
E is faster than B.
C is faster than F.
C is faster than D.
Is A faster than F?",no,yesno,,,,,,,,,,,,,6,6,4,,,,,,,,,,,,,,,,,,,,
NUM-RATIO-MUL-17,numerical,17,"11 -> 66, 20 -> ?",120,integer,,,,,,,,,,,,,,,,,,,,,,,,,,,,6,multiply,,,,,,
NUM-NEARBOUNDARY-19,numerical,19,What is 486 - 22?,464,integer,,,,,,,,,,,,,,,,,,,,,,,,,,,,,,,,,500,-,False
NUM-RATIO-DIV-21,numerical,21,"96 -> 16, 90 -> ?",15,integer,,,,,,,,,,,,,,,,,,,,,,,,,,,,6,divide,,,,,,
NUM-NEARBOUNDARY-22,numerical,22,What is 487 - 41?,446,integer,,,,,,,,,,,,,,,,,,,,,,,,,,,,,,,,,500,-,False
PAT-AP-25-9-25,pattern,25,"30, 7, -16, -39, -62, -85, -108, -131, -154, ?",-177,integer,,,,,,,,,,,,,,,,9,-23,23,,,,,,,,,,,,,,,,,
PAT-AP-26-9-25,pattern,26,"-36, -16, 4, 24, 44, 64, 84, 104, 124, ?",144,integer,,,,,,,,,,,,,,,,9,20,20,,,,,,,,,,,,,,,,,
LOG-CONSTRAINT-0-3-2,logical,0,"C is faster than A.
A is faster than B.
Is A faster than C?",no,yesno,,,,,,,,,,,,,3,2,3,,,,,,,,,,,,,,,,,,,,
LOG-COMP-1-4,logical,1,"A is faster than B.
 C is faster than D.
 D is faster than A.
 Is A faster than C?",no,yesno,4,3,4,,0,,,,,,,,,,,,,,,,,,,,,,,,,,,,,,
NUM-SQUARE-0,numerical,0,What is 8^2?,64,integer,,,,,,,,,,,,,,,,,,,,,,,,,,,,,,8,0,exact,,,
PAT-AP-0-4-5,pattern,0,"38, 41, 44, 47, ?",50,integer,,,,,,,,,,,,,,,,4,3,3,,,,,,,,,,,,,,,,,
LOG-BOOL-0-2-1,logical,0,"A is False.
B is True.
What is: (A AND A)?",False,boolean,,,,,,2,1,0,,,,,,,,,,,,,,,,,,,,,,,,,,,
LOG-IMP-1-3-2,logical,1,"B is True.
If B is True, then A is True.
If C is True, then B is True.
Is C True?",no,yesno,,,,,,,,,3,2,1,,,,,,,,,,,,,,,,,,,,,,,,
NUM-DIV-2,numerical,2,What is 280 divided by 40?,7,integer,,,,,,,,,,,,,,,,,,,,,,,,,,4,1,,,,,,,,
PAT-MIXED-1-2-6-3,pattern,1,"5, 8, 16, 19, 38, ?",41,integer,,,,,,,,,,,,,,,,,,,,,,,,2,6,,,,,,,,,,
PAT-CP-3-2-5,pattern,3,"7, 5, 7, 5, 7, ?",5,integer,,,,,,,,,,,,,,,,,,,,,2,0,5,,,,,,,,,,,,
NUM-RATIO-MUL-3,numerical,3,"3 -> 9, 5 -> ?",15,integer,,,,,,,,,,,,,,,,,,,,,,,,,,,,3,multiply,,,,,,
NUM-DIV-2,numerical,2,What is 540 divided by 60?,9,integer,,,,,,,,,,,,,,,,,,,,,,,,,,6,1,,,,,,,,
LOG-IMP-0-3-2,logical,0,"C is True.
B is True.
If C is True, then A is True.
If C is True, then B is True.
Is A True?",yes,yesno,,,,,,,,,3,2,2,1,,,,,,,,,,,,,,,,,,,,,,,
PAT-MIXED-4-2-5-3,pattern,4,"10, 13, 26, 29, ?",58,integer,,,,,,,,,,,,,,,,,,,,,,,,2,5,,,,,,,,,,
NUM-RATIO-MUL-3,numerical,3,"8 -> 24, 7 -> ?",21,integer,,,,,,,,,,,,,,,,,,,,,,,,,,,,3,multiply,,,,,,
LOG-IMP-1-3-2,logical,1,"A is True.
B is True.
If C is True, then A is True.
If C is True, then B is True.
Is C True?",no,yesno,,,,,,,,,3,2,2,,,,,,,,,,,,,,,,,,,,,,,,
NUM-SQUARE-4,numerical,4,What is 8^2?,64,integer,,,,,,,,,,,,,,,,,,,,,,,,,,,,,,8,0,exact,,,
LOG-COMP-2-4,logical,2,"A is faster than C.
 D is faster than B.
 D is faster than A.
 Is C faster than B?",no,yesno,4,3,3,,0,,,,,,,,,,,,,,,,,,,,,,,,,,,,,,
PAT-AP-7-5-7,pattern,7,"11, 18, 25, 32, 39, ?",46,integer,,,,,,,,,,,,,,,,5,7,7,,,,,,,,,,,,,,,,,
LOG-IMP-4-3-2,logical,4,"C is True.
B is True.
If A is True, then C is True.
If A is True, then B is True.
Is A True?",no,yesno,,,,,,,,,3,2,2,,,,,,,,,,,,,,,,,,,,,,,,
LOG-IMP-5-4-3,logical,5,"C is True.
If D is True, then C is True.
If C is True, then D is True.
If A is True, then D is True.
Is D True?",yes,yesno,,,,,,,,,4,3,1,1,,,,,,,,,,,,,,,,,,,,,,,
NUM-RATIO-MUL-6,numerical,6,"7 -> 35, 4 -> ?",20,integer,,,,,,,,,,,,,,,,,,,,,,,,,,,,5,multiply,,,,,,
NUM-SQUARE-7,numerical,7,What is 9^2?,81,integer,,,,,,,,,,,,,,,,,,,,,,,,,,,,,,10,1,near,,,
LOG-IMP-3-3-2,logical,3,"C is True.
A is True.
If C is True, then A is True.
If C is True, then B is True.
Is B True?",yes,yesno,,,,,,,,,3,2,2,1,,,,,,,,,,,,,,,,,,,,,,,
NUM-DIV-9,numerical,9,What is 270 divided by 90?,3,integer,,,,,,,,,,,,,,,,,,,,,,,,,,9,2,,,,,,,,
PAT-MP-0-9-2,pattern,0,"10, 20, 40, 80, 160, 320, 640, 1280, 2560, ?",5120,integer,,,,,,,,,,,,,,,,,,,2,9,,,,,,,,,,,,,,,
LOG-CONSTRAINT-0-3-2,logical,0,"C is left of B.
A is left of C.
Is C left of A?",no,yesno,,,,,,,,,,,,,3,2,3,,,,,,,,,,,,,,,,,,,,
NUM-NEARBOUNDARY-0,numerical,0,What is 49 + 3?,52,integer,,,,,,,,,,,,,,,,,,,,,,,,,,,,,,,,,50,+,True
NUM-DIV-2,numerical,2,What is 150 divided by 50?,3,integer,,,,,,,,,,,,,,,,,,,,,,,,,,5,1,,,,,,,,
PAT-AP-3-4-5,pattern,3,"29, 25, 21, 17, ?",13,integer,,,,,,,,,,,,,,,,4,-4,4,,,,,,,,,,,,,,,,,
NUM-SQUARE-5,numerical,5,What is 9^2?,81,integer,,,,,,,,,,,,,,,,,,,,,,,,,,,,,,9,0,near,,,
PAT-CP-5-3-6,pattern,5,"7, 12, 20, 7, 12, 20, ?",7,integer,,,,,,,,,,,,,,,,,,,,,3,0,6,,,,,,,,,,,,
NUM-DIV-9,numerical,9,What is 1440 divided by 120?,12,integer,,,,,,,,,,,,,,,,,,,,,,,,,,12,2,,,,,,,,
PAT-CP-7-3-6,pattern,7,"15, 14, 6, 15, 14, 6, ?",15,integer,,,,,,,,,,,,,,,,,,,,,3,0,6,,,,,,,,,,,,
PAT-MIXED-9-2-6-5,pattern,9,"14, 16, 48, 50, 150, ?",152,integer,,,,,,,,,,,,,,,,,,,,,,,,2,6,,,,,,,,,,
PAT-CP-13-3-8,pattern,13,"13, 7, 19, 13, 7, 19, 13, 7, ?",19,integer,,,,,,,,,,,,,,,,,,,,,3,0,8,,,,,,,,,,,,
PAT-MIXED-15-2-9-8,pattern,15,"5, 8, 13, 16, 21, 24, 29, 32, ?",37,integer,,,,,,,,,,,,,,,,,,,,,,,,2,9,,,,,,,,,,
NUM-RATIO-MUL-12,numerical,12,"9 -> 36, 8 -> ?",32,integer,,,,,,,,,,,,,,,,,,,,,,,,,,,,4,multiply,,,,,,
PAT-MIXED-18-2-9-8,pattern,18,"15, 20, 40, 45, 90, 95, 190, 195, ?",390,integer,,,,,,,,,,,,,,,,,,,,,,,,2,9,,,,,,,,,,
LOG-COMP-2-4,logical,2,"B is faster than C.
 A is faster than C.
 C is faster than D.
 Is B faster than D?",yes,yesno,4,3,3,2,0,,,,,,,,,,,,,,,,,,,,,,,,,,,,,,
PAT-MP-21-5-4,pattern,21,"20, 80, 320, 1280, 5120, ?",20480,integer,,,,,,,,,,,,,,,,,,,4,5,,,,,,,,,,,,,,,
LOG-COMP-4-4,logical,4,"D is older than C.
 C is older than B.
 A is older than C.
 Is D older than A?",no,yesno,4,3,3,,0,,,,,,,,,,,,,,,,,,,,,,,,,,,,,,
NUM-RATIO-MUL-14,numerical,14,"8 -> 40, 6 -> ?",30,integer,,,,,,,,,,,,,,,,,,,,,,,,,,,,5,multiply,,,,,,
NUM-SQUARE-16,numerical,16,What is 27^2?,729,integer,,,,,,,,,,,,,,,,,,,,,,,,,,,,,,24,3,near,,,
PAT-MIXED-20-2-10-10,pattern,20,"19, 27, 37, 45, 55, 63, 73, 81, 91, ?",99,integer,,,,,,,,,,,,,,,,,,,,,,,,2,10,,,,,,,,,,
LOG-COMP-7-4,logical,7,"D is faster than B.
 C is faster than B.
 D is faster than A.
 Is A faster than C?",no,yesno,4,3,2,,0,,,,,,,,,,,,,,,,,,,,,,,,,,,,,,
LOG-BOOL-10-3-2,logical,10,"A is False.
B is False.
C is False.
What is: ((A OR C) OR C)?",False,boolean,,,,,,3,2,0,,,,,,,,,,,,,,,,,,,,,,,,,,,
NUM-RATIO-DIV-14,numerical,14,"24 -> 6, 56 -> ?",14,integer,,,,,,,,,,,,,,,,,,,,,,,,,,,,4,divide,,,,,,
NUM-RATIO-DIV-15,numerical,15,"48 -> 12, 32 -> ?",8,integer,,,,,,,,,,,,,,,,,,,,,,,,,,,,4,divide,,,,,,
LOG-BOOL-11-3-2,logical,11,"A is True.
B is True.
C is True.
What is: (NOT ((C OR (NOT B)) OR A))?",False,boolean,,,,,,3,2,2,,,,,,,,,,,,,,,,,,,,,,,,,,,
LOG-COMP-12-6,logical,12,"B is larger than D.
 F is larger than D.
 E is larger than F.
 D is larger than C.
 F is larger than C.
 E is larger than B.
 Is D larger than B?",no,yesno,6,6,4,,1,,,,,,,,,,,,,,,,,,,,,,,,,,,,,,
LOG-IMP-14-4-4,logical,14,"B is True.
A is True.
If B is True, then C is True.
If B is True, then D is True.
If D is True, then C is True.
If C is True, then D is True.
Is C True?",yes,yesno,,,,,,,,,4,4,2,1,,,,,,,,,,,,,,,,,,,,,,,
LOG-CONSTRAINT-16-5-5,logical,16,"E is faster than A.
B is faster than A.
C is faster than B.
D is faster than C.
E is faster than D.
Is B faster than E?",no,yesno,,,,,,,,,,,,,5,5,5,,,,,,,,,,,,,,,,,,,,
PAT-CP-23-6-12,pattern,23,"20, 7, 11, 16, 9, 16, 20, 7, 11, 16, 9, 16, ?",20,integer,,,,,,,,,,,,,,,,,,,,,6,3,12,,,,,,,,,,,,
LOG-BOOL-17-3-2,logical,17,"A is False.
B is False.
C is True.
What is: ((B AND A) OR A)?",False,boolean,,,,,,3,2,0,,,,,,,,,,,,,,,,,,,,,,,,,,,
LOG-BOOL-20-5-3,logical,20,"A is False.
B is False.
C is True.
D is True.
E is False.
What is: (((A AND B) AND (NOT C)) AND (NOT A))?",False,boolean,,,,,,5,3,2,,,,,,,,,,,,,,,,,,,,,,,,,,,
LOG-BOOL-22-5-4,logical,22,"A is False.
B is True.
C is True.
D is False.
E is False.
What is: ((((E OR E) OR D) OR (NOT B)) OR (NOT A))?",True,boolean,,,,,,5,4,2,,,,,,,,,,,,,,,,,,,,,,,,,,,
LOG-BOOL-24-4-3,logical,24,"A is True.
B is False.
C is True.
D is False.
What is: (NOT (((C OR (NOT C)) OR A) AND B))?",True,boolean,,,,,,4,3,2,,,,,,,,,,,,,,,,,,,,,,,,,,,
NUM-DIV-14,numerical,14,What is 1320 divided by 120?,11,integer,,,,,,,,,,,,,,,,,,,,,,,,,,12,2,,,,,,,,
LOG-IMP-26-7-7,logical,26,"B is True.
If G is True, then D is True.
If B is True, then A is True.
If B is True, then D is True.
If D is True, then G is True.
If C is True, then A is True.
If E is True, then G is True.
If B is True, then G is True.
Is D True?",yes,yesno,,,,,,,,,7,7,1,1,,,,,,,,,,,,,,,,,,,,,,,
NUM-SQUARE-16,numerical,16,What is 15^2?,225,integer,,,,,,,,,,,,,,,,,,,,,,,,,,,,,,17,2,near,,,
PAT-MP-24-5-4,pattern,24,"18, 72, 288, 1152, 4608, ?",18432,integer,,,,,,,,,,,,,,,,,,,4,5,,,,,,,,,,,,,,,
NUM-DIV-20,numerical,20,What is 2200 divided by 200?,11,integer,,,,,,,,,,,,,,,,,,,,,,,,,,20,2,,,,,,,,
PAT-AP-23-8-15,pattern,23,"33, 19, 5, -9, -23, -37, -51, -65, ?",-79,integer,,,,,,,,,,,,,,,,8,-14,14,,,,,,,,,,,,,,,,,
NUM-RATIO-DIV-21,numerical,21,"120 -> 20, 114 -> ?",19,integer,,,,,,,,,,,,,,,,,,,,,,,,,,,,6,divide,,,,,,
LOG-BOOL-28-6-3,logical,28,"A is True.
B is False.
C is False.
D is False.
E is True.
F is False.
What is: (NOT (((E OR (NOT D)) OR (NOT A)) AND A))?",False,boolean,,,,,,6,3,3,,,,,,,,,,,,,,,,,,,,,,,,,,,
PAT-AP-24-8-20,pattern,24,"-49, -32, -15, 2, 19, 36, 53, 70, ?",87,integer,,,,,,,,,,,,,,,,8,17,17,,,,,,,,,,,,,,,,,
NUM-DIV-23,numerical,23,What is 2700 divided by 180?,15,integer,,,,,,,,,,,,,,,,,,,,,,,,,,18,2,,,,,,,,
NUM-DIV-24,numerical,24,What is 1620 divided by 180?,9,integer,,,,,,,,,,,,,,,,,,,,,,,,,,18,2,,,,,,,,
PAT-MP-26-4-5,pattern,26,"20, 100, 500, 2500, ?",12500,integer,,,,,,,,,,,,,,,,,,,5,4,,,,,,,,,,,,,,,
LOG-BOOL-30-4-5,logical,30,"A is True.
B is False.
C is True.
D is True.
What is: (NOT (((((D OR (NOT C)) AND A) OR C) AND (NOT B)) AND C))?",False,boolean,,,,,,4,5,3,,,,,,,,,,,,,,,,,,,,,,,,,,,
